{
"type": "FeatureCollection",
"name": "Wapiti___2007",
"crs": { "type": "name", "properties": { "name": "urn:ogc:def:crs:OGC:1.3:CRS84" } },
"features": [
{ "type": "Feature", "properties": { "OBJECTID": 109, "RecID": 1303800001.0, "Office": "Hokitika", "ShapeFileN": 1.0, "RefElectSh": " ", "Scientific": "Cervus elaphus nelsoni", "CommonName": "Wapiti", "Observatio": 2004.0, "PA": "Presence", "Abundance": "L", "AbundRelia": "Qualitative data", "AbundIndex": " ", "AbundMetho": " ", "AbundDataS": " ", "AbundNotes": "Farm escape animals that appear to be breading with wild red deer. Conspicuously large deer in the wild. Also found further north. Cow with yearling observed and shot 3 years ago. But still in area.", "Organisati": "Department of Conservation", "SHAPE_Length": 0.032160297204506583, "SHAPE_Area": 7.1240995309463024e-05 }, "geometry": { "type": "MultiPolygon", "coordinates": [ [ [ [ 171.164133438000022, -42.722255900999983 ], [ 171.16255964000004, -42.722451830999944 ], [ 171.160941844000035, -42.721884492999948 ], [ 171.160631103000014, -42.721116925999979 ], [ 171.160792310000033, -42.720184815999971 ], [ 171.161247743000104, -42.71945425399997 ], [ 171.161406739000086, -42.718595901999947 ], [ 171.161501975000078, -42.71763812599994 ], [ 171.161356491000106, -42.716922432999979 ], [ 171.161376989000019, -42.71623402299997 ], [ 171.161463436000076, -42.715571279999949 ], [ 171.161904904000039, -42.714950706999957 ], [ 171.162635811000087, -42.714286564999952 ], [ 171.163387585000123, -42.71368377899995 ], [ 171.164469092000104, -42.713209306999943 ], [ 171.165984, -42.712741824999966 ], [ 171.167716943000073, -42.712794395999936 ], [ 171.169010639000021, -42.713036641999963 ], [ 171.170389069000066, -42.713796792999972 ], [ 171.170854223000106, -42.714984983999955 ], [ 171.170641861000036, -42.715728005999949 ], [ 171.170711958000084, -42.716409367999972 ], [ 171.170658222000043, -42.717097242999955 ], [ 171.170310230000041, -42.717583593999962 ], [ 171.16984617300011, -42.718609225999955 ], [ 171.169524220000085, -42.719341973999974 ], [ 171.169040643000017, -42.71989992999994 ], [ 171.168464320000112, -42.720210409999936 ], [ 171.167618319000098, -42.720614926999986 ], [ 171.167014476000077, -42.720728171999951 ], [ 171.16617503000009, -42.720911402999945 ], [ 171.165356504000101, -42.721513130999938 ], [ 171.164133438000022, -42.722255900999983 ] ] ] ] } },
{ "type": "Feature", "properties": { "OBJECTID": 110, "RecID": 1303500013.0, "Office": "Greymouth - Mawheranui", "ShapeFileN": 1.0, "RefElectSh": " ", "Scientific": "Cervus elaphus nelsoni", "CommonName": "Wapiti", "Observatio": 2007.0, "PA": "Presence", "Abundance": "L", "AbundRelia": "Best guess", "AbundIndex": " ", "AbundMetho": " ", "AbundDataS": " ", "AbundNotes": "Prodgeny of farm escapes.", "Organisati": "Department of Conservation", "SHAPE_Length": 0.28808147853231414, "SHAPE_Area": 0.0049722501443200118 }, "geometry": { "type": "MultiPolygon", "coordinates": [ [ [ [ 171.950052449000054, -42.483638405999955 ], [ 171.95078478400012, -42.487236996999968 ], [ 171.950788797000087, -42.487280311999939 ], [ 171.950806216000046, -42.487381957999958 ], [ 171.950833162000094, -42.487672689999954 ], [ 171.950838676000103, -42.487818458999982 ], [ 171.950838554000029, -42.487824803999956 ], [ 171.950838269000087, -42.487837550999984 ], [ 171.950838125000018, -42.487843836999957 ], [ 171.950751756000045, -42.49110961599996 ], [ 171.950749938000058, -42.491121350999947 ], [ 171.950736369000083, -42.491279589999976 ], [ 171.950683959000116, -42.491617700999939 ], [ 171.950646934000019, -42.491785836999952 ], [ 171.950622866000117, -42.491861729999982 ], [ 171.950570317000029, -42.49201267199993 ], [ 171.95056068800011, -42.492033564999986 ], [ 171.950541832000113, -42.492087721999951 ], [ 171.948667939000075, -42.496643542999948 ], [ 171.948639876000016, -42.496700368999939 ], [ 171.948625573000072, -42.496737227999972 ], [ 171.948533963000045, -42.496922734999941 ], [ 171.948484716000053, -42.497014558999979 ], [ 171.948381335000022, -42.497171436999963 ], [ 171.948154526000053, -42.497477045999972 ], [ 171.948033838000015, -42.497622088999947 ], [ 171.948031100000094, -42.497625779999964 ], [ 171.944425420000016, -42.501532259999976 ], [ 171.94442377900009, -42.501534033999974 ], [ 171.944420480000076, -42.50153759899996 ], [ 171.944418831000121, -42.501539377999961 ], [ 171.944274182000072, -42.501679959999933 ], [ 171.943966954000075, -42.501949958999944 ], [ 171.943804377000106, -42.502079373999948 ], [ 171.943782974000101, -42.502094628999942 ], [ 171.943739921000088, -42.502124942999956 ], [ 171.943738372000098, -42.502125847999935 ], [ 171.943718269000101, -42.502140002999965 ], [ 171.93876707700008, -42.505541596999933 ], [ 171.938730573000043, -42.505562661999932 ], [ 171.93860785600009, -42.505641903999958 ], [ 171.938507972000025, -42.505699539999966 ], [ 171.938387503000058, -42.505772960999934 ], [ 171.938265449000028, -42.505839181999931 ], [ 171.938225050000028, -42.505863802999954 ], [ 171.932307190000074, -42.508893413999942 ], [ 171.932280267000124, -42.508906773999968 ], [ 171.932278089000079, -42.508908080999959 ], [ 171.932219604000124, -42.508937102999937 ], [ 171.932190219000063, -42.508951455999977 ], [ 171.932126351000079, -42.508981135999932 ], [ 171.931997403000082, -42.509039014999985 ], [ 171.931984740000075, -42.509043687999963 ], [ 171.931932324000059, -42.509067214999959 ], [ 171.912340779000033, -42.517254789999981 ], [ 171.906750007000028, -42.519994571999973 ], [ 171.904951929000049, -42.521119784999939 ], [ 171.899288391000027, -42.525242412999944 ], [ 171.899284007000119, -42.52524559099993 ], [ 171.899275152000087, -42.525252006999949 ], [ 171.899270733000094, -42.525255200999936 ], [ 171.899142273000052, -42.525341375999972 ], [ 171.898877384000116, -42.525506740999958 ], [ 171.898798017000104, -42.525550309999971 ], [ 171.898740954000118, -42.525585931999956 ], [ 171.896721622000086, -42.526674327999956 ], [ 171.896676213000092, -42.526697445999957 ], [ 171.896668160000104, -42.526702335999971 ], [ 171.896560234000049, -42.526757276999945 ], [ 171.89650577000009, -42.526784210999949 ], [ 171.896346481000023, -42.52685447999994 ], [ 171.896021129000019, -42.526985841999931 ], [ 171.895914624000056, -42.527022888999966 ], [ 171.89585506800006, -42.52704693499993 ], [ 171.893623889000082, -42.527790721999963 ], [ 171.893580860000043, -42.527804232999983 ], [ 171.893574907000016, -42.527806573999953 ], [ 171.893476485000065, -42.527837477999981 ], [ 171.893427045000067, -42.527852529999961 ], [ 171.89320107900005, -42.527909852999983 ], [ 171.892742639000062, -42.52800783899994 ], [ 171.89251016500009, -42.528048501999933 ], [ 171.892470968000111, -42.528053626999963 ], [ 171.892392471000107, -42.52806340099994 ], [ 171.892388859000107, -42.528063606999979 ], [ 171.892353167000124, -42.528068050999934 ], [ 171.889826650000032, -42.528351264999969 ], [ 171.889769894000096, -42.528354147999949 ], [ 171.889628717000051, -42.528367357999969 ], [ 171.889515679000056, -42.528373099999953 ], [ 171.888902441000027, -42.529691410999931 ], [ 171.888877385000114, -42.529739377999931 ], [ 171.888871310000013, -42.529754482999977 ], [ 171.88880589200005, -42.529879725999933 ], [ 171.888771604000112, -42.529941895999968 ], [ 171.888769842000102, -42.529944917999956 ], [ 171.888766304000114, -42.529950972999984 ], [ 171.888764547000051, -42.52995397899997 ], [ 171.888001896000105, -42.531253128999936 ], [ 171.887997742000039, -42.531258675999936 ], [ 171.887977594000063, -42.53128905799997 ], [ 171.887930006000033, -42.531364086999929 ], [ 171.887797119000084, -42.531556949999981 ], [ 171.887756559000081, -42.531607359999953 ], [ 171.887720340000101, -42.531659925999975 ], [ 171.886780999000052, -42.532827820999955 ], [ 171.886746530000096, -42.53286763899996 ], [ 171.886738993000108, -42.532878146999963 ], [ 171.886652767000101, -42.532977751999965 ], [ 171.886608547000037, -42.533027029999971 ], [ 171.886511464000023, -42.533124293999947 ], [ 171.88630868700011, -42.533313784999962 ], [ 171.886251733000108, -42.533360467999955 ], [ 171.886202997000055, -42.533406009999965 ], [ 171.885010276000116, -42.534378568999955 ], [ 171.88496765900004, -42.534411223999939 ], [ 171.884958688000097, -42.534419344999947 ], [ 171.88485382600004, -42.53449969299993 ], [ 171.884800552000115, -42.534539265999967 ], [ 171.884621410000022, -42.534656171999984 ], [ 171.884248493000086, -42.534876432999965 ], [ 171.884054719000119, -42.53497978799993 ], [ 171.884043237000014, -42.534985265999978 ], [ 171.884020051000107, -42.534996242999966 ], [ 171.884008706000031, -42.535001604999934 ], [ 171.882485921000011, -42.535714738999957 ], [ 171.88246421100007, -42.535722933999978 ], [ 171.882290229000091, -42.535797256999956 ], [ 171.881889368000088, -42.535948563999966 ], [ 171.881684198000016, -42.536017351999931 ], [ 171.881559052000057, -42.536051341999951 ], [ 171.881306434000066, -42.536114204999933 ], [ 171.881256480000047, -42.536123786999951 ], [ 171.881178960000057, -42.536143076999963 ], [ 171.879272796000123, -42.536532916999931 ], [ 171.879199013000061, -42.536545484999976 ], [ 171.879170360000103, -42.536552105999931 ], [ 171.878964459000031, -42.53658717899998 ], [ 171.878860994000092, -42.536603061999983 ], [ 171.87862421300008, -42.536626645999945 ], [ 171.878148663000047, -42.536656535999953 ], [ 171.877909897000109, -42.536662841999942 ], [ 171.877846304000059, -42.536661596999977 ], [ 171.877719185000046, -42.53665787999995 ], [ 171.877709485000082, -42.536656979999975 ], [ 171.877655660000073, -42.536655406999955 ], [ 171.875128315000097, -42.536532482999974 ], [ 171.87505524900007, -42.536524992999944 ], [ 171.874953859000016, -42.536519313999975 ], [ 171.874606684000014, -42.536483724999982 ], [ 171.874433964000104, -42.536461303999943 ], [ 171.874345819000041, -42.536446152999986 ], [ 171.874170352000078, -42.536413437999954 ], [ 171.874150316000055, -42.53640841899994 ], [ 171.874083029000076, -42.536395873999936 ], [ 171.870912149000105, -42.535710992999952 ], [ 171.870835354000064, -42.535690572999954 ], [ 171.870770950000065, -42.535677004999968 ], [ 171.870548081000038, -42.535617738999974 ], [ 171.870487055000012, -42.535599937999962 ], [ 171.870423672000015, -42.535582591999969 ], [ 171.870401398000013, -42.53557744799997 ], [ 171.866856717000019, -42.534482919999959 ], [ 171.866844899000057, -42.534479228999942 ], [ 171.866820768000025, -42.534471679999967 ], [ 171.866808805000119, -42.53446790199996 ], [ 171.866744160000053, -42.534446507999974 ], [ 171.866615741000032, -42.53440233799995 ], [ 171.866605034000031, -42.534397812999941 ], [ 171.866551967000078, -42.53437956199997 ], [ 171.862895454000068, -42.533024764999936 ], [ 171.862829230000102, -42.532995834999952 ], [ 171.862747812000066, -42.532965253999976 ], [ 171.862734618000104, -42.532959490999986 ], [ 171.862715098000081, -42.532952098999942 ], [ 171.862642742000048, -42.532920173999969 ], [ 171.862572683000053, -42.532893643999955 ], [ 171.85601870000005, -42.529987002999974 ], [ 171.855966799000043, -42.529962318999935 ], [ 171.855954067000084, -42.529957309999929 ], [ 171.855826089000061, -42.529896444999963 ], [ 171.855762741000035, -42.529865271999938 ], [ 171.855744141000059, -42.529855710999982 ], [ 171.855706631000089, -42.529836190999958 ], [ 171.855688583000074, -42.529826771999979 ], [ 171.853322544000093, -42.528573914999981 ], [ 171.853294139000013, -42.528555847999939 ], [ 171.853224799000031, -42.52851633399996 ], [ 171.853200456000081, -42.528503111999953 ], [ 171.853041184000062, -42.528410905999976 ], [ 171.852990625000075, -42.528377330999945 ], [ 171.852926446000083, -42.528340176999961 ], [ 171.851527081000086, -42.527422286999979 ], [ 171.851477211000088, -42.52738706699995 ], [ 171.851461155000038, -42.527377414999933 ], [ 171.851331585000025, -42.527285905999975 ], [ 171.851267940000071, -42.527239269999939 ], [ 171.85115165600007, -42.527144332999967 ], [ 171.850928513000099, -42.526948585999946 ], [ 171.850869853000063, -42.526890059999971 ], [ 171.850821651000047, -42.526847774999965 ], [ 171.849759955000081, -42.525769238999942 ], [ 171.849728637000112, -42.525735546999954 ], [ 171.849721977000058, -42.525729540999976 ], [ 171.849647485000105, -42.525649403999978 ], [ 171.849610971000061, -42.525608963999957 ], [ 171.849577300000078, -42.525569444999974 ], [ 171.849511355000118, -42.525489772999947 ], [ 171.849507045000109, -42.525483405999978 ], [ 171.849479080000037, -42.52544962099995 ], [ 171.84835414600002, -42.524007793999942 ], [ 171.848322086000053, -42.523958849999985 ], [ 171.848271840000052, -42.523892907999937 ], [ 171.848269472000084, -42.523889289999943 ], [ 171.848254118000114, -42.52386906199996 ], [ 171.848222023000062, -42.523819317999937 ], [ 171.848182556000097, -42.523767318999944 ], [ 171.847062926000035, -42.522043482999948 ], [ 171.847036389000095, -42.521998737999979 ], [ 171.847027906000108, -42.521987096999965 ], [ 171.846980190000068, -42.521906634999937 ], [ 171.846963030000097, -42.521876289999966 ], [ 171.846954843000049, -42.52186477999993 ], [ 171.845877824000013, -42.519945655999948 ], [ 171.845871248000094, -42.519933758999969 ], [ 171.845857745000103, -42.519909255999949 ], [ 171.845851132000121, -42.519897098999934 ], [ 171.845833363000111, -42.519863090999934 ], [ 171.845798762000072, -42.519794813999965 ], [ 171.845797244000096, -42.51979076899994 ], [ 171.845781929000054, -42.519760545999929 ], [ 171.844815985000082, -42.517730298999936 ], [ 171.844804264000118, -42.517697770999973 ], [ 171.844798582000067, -42.517686407999975 ], [ 171.844766396000068, -42.517616859999976 ], [ 171.844756304000043, -42.517588355999976 ], [ 171.844730498000104, -42.517532592999942 ], [ 171.843928523000045, -42.515475229999936 ], [ 171.843910229000016, -42.515417854999953 ], [ 171.843898245000105, -42.515389722999942 ], [ 171.843869213000062, -42.515298672999961 ], [ 171.843861379000032, -42.515271091999978 ], [ 171.843847735000054, -42.515237972999955 ], [ 171.843262659000061, -42.51323462299996 ], [ 171.843256035000081, -42.513210152999932 ], [ 171.843255162000105, -42.513207972999965 ], [ 171.843240711000021, -42.513154590999932 ], [ 171.843233757000121, -42.513127858999951 ], [ 171.843220847000111, -42.513071042999968 ], [ 171.843197491000069, -42.51295713199994 ], [ 171.843196454000122, -42.512945928999955 ], [ 171.843187045000036, -42.512900038999931 ], [ 171.842887244000053, -42.511037746999932 ], [ 171.842883099000119, -42.51097922699995 ], [ 171.842873502000089, -42.510919056999967 ], [ 171.842859689000079, -42.51072408999994 ], [ 171.842858566000018, -42.510680994999973 ], [ 171.842854892000105, -42.510608529999956 ], [ 171.842853147000028, -42.510594026999968 ], [ 171.842861862000063, -42.509293229999969 ], [ 171.842861950000042, -42.509285356999953 ], [ 171.842862141000069, -42.509269332999963 ], [ 171.842862266000111, -42.509261365999976 ], [ 171.84286699300003, -42.509171343999981 ], [ 171.842882526000039, -42.508991587999958 ], [ 171.842888217000109, -42.508961039999974 ], [ 171.84289333300012, -42.508901854999976 ], [ 171.843105675000061, -42.507528307999962 ], [ 171.843118440000012, -42.507470530999967 ], [ 171.843121782000026, -42.507442474999948 ], [ 171.843147512000087, -42.507326 ], [ 171.84315932100003, -42.507279549999964 ], [ 171.84316320400012, -42.507251801999985 ], [ 171.845109204000096, -42.499828083999944 ], [ 171.845265010000048, -42.498548421999942 ], [ 171.845447849000038, -42.492412629999933 ], [ 171.845449993000102, -42.492399024999941 ], [ 171.845454490000066, -42.492347830999961 ], [ 171.845457886000077, -42.49229231399994 ], [ 171.845477484000071, -42.492103548999978 ], [ 171.845487801000104, -42.492050666999944 ], [ 171.84549400100002, -42.491990953999959 ], [ 171.845813039000063, -42.49031053799996 ], [ 171.845824700000094, -42.49026168599994 ], [ 171.845826469000031, -42.490247837999959 ], [ 171.845856310000045, -42.490122824999958 ], [ 171.845872720000102, -42.490060512999946 ], [ 171.845921110000063, -42.489948047999974 ], [ 171.845933910000099, -42.489889724999955 ], [ 171.845999183000117, -42.489738021999983 ], [ 171.846004051000023, -42.489728372999934 ], [ 171.84601732200008, -42.489697530999933 ], [ 171.846031377000031, -42.489637954999978 ], [ 171.846711838000033, -42.488177074999953 ], [ 171.846741138000084, -42.488121036999985 ], [ 171.846742951000124, -42.488114104999966 ], [ 171.846808326000087, -42.487989067999933 ], [ 171.846842586000093, -42.487926997999978 ], [ 171.84691968900006, -42.487823679999963 ], [ 171.84694761600008, -42.48776832599998 ], [ 171.847178180000014, -42.487459362999971 ], [ 171.847303716000056, -42.487309072999949 ], [ 171.847312977000115, -42.487300951999941 ], [ 171.847325887000125, -42.487285631999953 ], [ 171.847338937000018, -42.487274188999947 ], [ 171.84734805800008, -42.487262189999967 ], [ 171.848529652000025, -42.486033763999956 ], [ 171.848630077000053, -42.485947095999961 ], [ 171.848664834000033, -42.485905847999959 ], [ 171.848950223000088, -42.485659550999969 ], [ 171.849100427000053, -42.485541169999976 ], [ 171.849225075000049, -42.485467551999932 ], [ 171.84927949300004, -42.485424318999947 ], [ 171.849484427000107, -42.485303281999961 ], [ 171.849518178000039, -42.48528528099996 ], [ 171.849563578000016, -42.485258465999948 ], [ 171.849616860000083, -42.485217837999983 ], [ 171.851439405000065, -42.484229014999983 ], [ 171.851492218000089, -42.484202044999961 ], [ 171.851496101000066, -42.484199166999986 ], [ 171.851610623000056, -42.484140682999964 ], [ 171.851668450000034, -42.48411204599995 ], [ 171.851810102000059, -42.484057837999956 ], [ 171.851874865000013, -42.48402329299995 ], [ 171.852298456000085, -42.483861187999935 ], [ 171.852515630000084, -42.483787835999976 ], [ 171.852527394000049, -42.483785323999939 ], [ 171.852546769000014, -42.483778839999957 ], [ 171.852563484000029, -42.483775270999956 ], [ 171.852577910000036, -42.483769842999948 ], [ 171.855188972000064, -42.48303070399993 ], [ 171.855338250000045, -42.482999647999975 ], [ 171.855399745000113, -42.482979064999938 ], [ 171.855819104000034, -42.482891818999974 ], [ 171.856028596000101, -42.482855781999945 ], [ 171.856030601000043, -42.48285535399998 ], [ 171.856034538000017, -42.482854189999955 ], [ 171.857063669000013, -42.482712043999982 ], [ 171.857065788000114, -42.482711751999943 ], [ 171.857070035000106, -42.48271116799998 ], [ 171.857072156000072, -42.482710876999931 ], [ 171.857231048000017, -42.482700910999938 ], [ 171.857308740000121, -42.482687335999969 ], [ 171.857514589000061, -42.482674423999981 ], [ 171.857524816000023, -42.482674154999984 ], [ 171.857563876000086, -42.482671704999973 ], [ 171.857643897000116, -42.482658356999934 ], [ 171.85874135600011, -42.482606104999945 ], [ 171.858825686000046, -42.482604524999942 ], [ 171.858835947000102, -42.48260296899997 ], [ 171.859025222000014, -42.482599419999985 ], [ 171.859119907000036, -42.482599009999944 ], [ 171.85912823600006, -42.482599104999963 ], [ 171.859144968000123, -42.482599321999942 ], [ 171.859153224000124, -42.482599430999983 ], [ 171.860288288000106, -42.482616615999973 ], [ 171.860298264000107, -42.48261746999998 ], [ 171.860360746000083, -42.482618876999936 ], [ 171.860500115000036, -42.482623752999984 ], [ 171.860516897000025, -42.48262535899994 ], [ 171.860581742000022, -42.482627626999943 ], [ 171.864868904000105, -42.482884662999936 ], [ 171.865428291000057, -42.482882181999969 ], [ 171.869798753000055, -42.482562835999943 ], [ 171.874338997000109, -42.481966410999974 ], [ 171.87896979900006, -42.481115028999966 ], [ 171.88357428900008, -42.480049780999934 ], [ 171.892802261000043, -42.47730065899998 ], [ 171.901236281000024, -42.474063067999964 ], [ 171.903913927000076, -42.47262367999997 ], [ 171.914021489000106, -42.465722551999932 ], [ 171.914139424000041, -42.465654705999953 ], [ 171.914178171000117, -42.465624286999969 ], [ 171.914419693000013, -42.465485341999965 ], [ 171.914523176000102, -42.465430836999985 ], [ 171.914557948000038, -42.465405048999969 ], [ 171.918276095000124, -42.463506589999952 ], [ 171.918303413000103, -42.463492945999974 ], [ 171.918359618000068, -42.463464980999959 ], [ 171.918387631000087, -42.463451301999953 ], [ 171.918529179000075, -42.463397008999948 ], [ 171.918593885000064, -42.463362426999936 ], [ 171.919017163000035, -42.46320007199995 ], [ 171.919234550000056, -42.463126514999942 ], [ 171.919236273000024, -42.463125975999958 ], [ 171.919237861000056, -42.463125551999951 ], [ 171.923106324000059, -42.46198510399995 ], [ 171.92325922800012, -42.461952399999973 ], [ 171.923331014000041, -42.46192810499997 ], [ 171.923786832000019, -42.461830608999946 ], [ 171.924017960000015, -42.46179011199996 ], [ 171.924176788000068, -42.461780050999948 ], [ 171.924254439000038, -42.461766430999944 ], [ 171.924594214000081, -42.461744907999957 ], [ 171.92470039400007, -42.461742056999981 ], [ 171.924753226000121, -42.461738709999963 ], [ 171.924808942000027, -42.46173035399994 ], [ 171.928852406000033, -42.461670839999954 ], [ 171.928890434000095, -42.461670738999942 ], [ 171.928892139000027, -42.461670494999964 ], [ 171.928971603000036, -42.461670285999958 ], [ 171.92901133600003, -42.461670421999941 ], [ 171.929249512000069, -42.461681344999931 ], [ 171.929723273000036, -42.461720426999932 ], [ 171.929958856000098, -42.461748580999938 ], [ 171.930189287000076, -42.461793629999931 ], [ 171.930643091000093, -42.461900214999957 ], [ 171.930866170000058, -42.461961679999945 ], [ 171.935088589000088, -42.463302608999982 ], [ 171.935303563000048, -42.463380355999959 ], [ 171.935721091000119, -42.463550680999958 ], [ 171.935924206000095, -42.463643435999984 ], [ 171.936071871000081, -42.463724771999978 ], [ 171.936358473000041, -42.463895476999937 ], [ 171.936443958000041, -42.463953011999934 ], [ 171.936497409000026, -42.463984848999985 ], [ 171.93859486100007, -42.465440686999955 ], [ 171.938628849000111, -42.465465362999964 ], [ 171.938634309000122, -42.465468689999966 ], [ 171.938712345000113, -42.465525343999957 ], [ 171.938750930000083, -42.465553994999937 ], [ 171.938865789000033, -42.46564757799996 ], [ 171.939086354000096, -42.465840481999976 ], [ 171.939143153000032, -42.465897028999962 ], [ 171.939192061000085, -42.465939802999969 ], [ 171.941477218000045, -42.468249249999985 ], [ 171.94150942300007, -42.468283777999943 ], [ 171.941516589000116, -42.468290224999976 ], [ 171.941593771000043, -42.468372974999966 ], [ 171.941631582000014, -42.468414749999965 ], [ 171.941666510000118, -42.468455727999981 ], [ 171.941734868000026, -42.468538362999936 ], [ 171.941739533000032, -42.468545250999966 ], [ 171.941768295000088, -42.46858002099998 ], [ 171.94407362000004, -42.471542921999969 ], [ 171.944106161000036, -42.471592619999967 ], [ 171.944154709000031, -42.471656288999952 ], [ 171.944167816000117, -42.471676306999939 ], [ 171.94418642100004, -42.471701077999967 ], [ 171.944225478000021, -42.471761899999933 ], [ 171.944262852000065, -42.471811663999972 ], [ 171.946428480000122, -42.475230819999979 ], [ 171.946451797000122, -42.47527060799996 ], [ 171.946457660000078, -42.475278689999982 ], [ 171.946514119000085, -42.475375038999971 ], [ 171.946541400000115, -42.475423518999946 ], [ 171.946551788000079, -42.475443096999982 ], [ 171.946572255000092, -42.475482341999964 ], [ 171.946572747000118, -42.475483624999981 ], [ 171.946582334000027, -42.475502008999968 ], [ 171.948432832000094, -42.479177215999982 ], [ 171.948444782000024, -42.479209140999956 ], [ 171.948462661000121, -42.479248389999952 ], [ 171.948474324000017, -42.479271953999955 ], [ 171.94852951900009, -42.479394326999966 ], [ 171.948544279000089, -42.479436581999948 ], [ 171.948570237000013, -42.479494133999935 ], [ 171.94993772700002, -42.483233899999959 ], [ 171.949953882000045, -42.483286367999938 ], [ 171.949961405000067, -42.483304234999935 ], [ 171.950004918000104, -42.483445550999932 ], [ 171.950024752000104, -42.483516533999932 ], [ 171.950032029000113, -42.483546958999966 ], [ 171.950045878000083, -42.483607893999931 ], [ 171.950046186000122, -42.483610847999955 ], [ 171.950052449000054, -42.483638405999955 ] ] ] ] } },
{ "type": "Feature", "properties": { "OBJECTID": 111, "RecID": 1304300031.0, "Office": "Twizel", "ShapeFileN": 2.0, "RefElectSh": " ", "Scientific": "Cervus elaphus nelsoni", "CommonName": "Wapiti", "Observatio": 2007.0, "PA": "Presence", "Abundance": "L", "AbundRelia": "Qualitative data", "AbundIndex": " ", "AbundMetho": "observation", "AbundDataS": " ", "AbundNotes": "Area offices Twizel 43/44 Robyn G. Animals outside a farm fence", "Organisati": "Department of Conservation", "SHAPE_Length": 0.027672023277561096, "SHAPE_Area": 5.8431084705035551e-05 }, "geometry": { "type": "MultiPolygon", "coordinates": [ [ [ [ 170.160811460000104, -43.829439031999982 ], [ 170.1598166550001, -43.829485175999935 ], [ 170.158828535000112, -43.829389918999937 ], [ 170.157885082000121, -43.829156919999946 ], [ 170.157022558000108, -43.82879513599994 ], [ 170.156274113000109, -43.828318471999978 ], [ 170.155668510000055, -43.827745246999939 ], [ 170.155229018000114, -43.827097495999965 ], [ 170.154972525000062, -43.826400110999941 ], [ 170.154908881000097, -43.825679891999982 ], [ 170.155040524000015, -43.82496451999998 ], [ 170.155362389000061, -43.824281483999982 ], [ 170.155862100000036, -43.823657030999982 ], [ 170.156520453000098, -43.82311515799995 ], [ 170.157312144000116, -43.82267668399993 ], [ 170.15820675000009, -43.82235845799994 ], [ 170.159169899000062, -43.822172706999936 ], [ 170.160164584000086, -43.822126567999931 ], [ 170.161152583000103, -43.822221814999978 ], [ 170.162095939000096, -43.82245478699997 ], [ 170.162958402000072, -43.82281653299998 ], [ 170.163706831000013, -43.823293151999962 ], [ 170.164312469000038, -43.823866332999955 ], [ 170.164752035000106, -43.824514048999959 ], [ 170.165008636000039, -43.825211412999977 ], [ 170.165072405000046, -43.825931624999953 ], [ 170.164940880000017, -43.826647009999931 ], [ 170.164619113000072, -43.827330072999985 ], [ 170.164119461000041, -43.827954563999981 ], [ 170.163461125000026, -43.828496481999935 ], [ 170.162669401000016, -43.828934997999966 ], [ 170.161774718000061, -43.829253258999984 ], [ 170.160811460000104, -43.829439031999982 ] ] ] ] } },
{ "type": "Feature", "properties": { "OBJECTID": 112, "RecID": 1105100172.0, "Office": "Te Anau (South)", "ShapeFileN": 1.0, "RefElectSh": "Existing Polygon", "Scientific": "Cervus elaphus nelsoni", "CommonName": "Wapiti", "Observatio": 2007.0, "PA": "Presence", "Abundance": "M", "AbundRelia": "Expert opinion", "AbundIndex": " ", "AbundMetho": " ", "AbundDataS": " ", "AbundNotes": " ", "Organisati": "Department of Conservation", "SHAPE_Length": 8.8095983579354193, "SHAPE_Area": 0.20594817295139015 }, "geometry": { "type": "MultiPolygon", "coordinates": [ [ [ [ 167.620463013000062, -44.660322142999973 ], [ 167.621819905000052, -44.661038653999981 ], [ 167.623363844000096, -44.661617810999985 ], [ 167.623710114000119, -44.66169139699997 ], [ 167.623766648000014, -44.661703411999952 ], [ 167.623874589000025, -44.661713155999962 ], [ 167.624534871000037, -44.661772755999948 ], [ 167.624776833000055, -44.661876073999963 ], [ 167.624899703000096, -44.662034122999955 ], [ 167.624979102000111, -44.66213625499995 ], [ 167.625280628000041, -44.662284362999969 ], [ 167.625433698000052, -44.662359549999962 ], [ 167.625672960000088, -44.662506026999949 ], [ 167.62782560900007, -44.66392886999995 ], [ 167.628784633000123, -44.664562639999986 ], [ 167.629193285000042, -44.664832467999986 ], [ 167.629770916000098, -44.66536399599994 ], [ 167.629864440000119, -44.665450054999951 ], [ 167.62999972700004, -44.66556682099997 ], [ 167.630803489000073, -44.666260531999967 ], [ 167.631058820000021, -44.666422445999956 ], [ 167.631072178000068, -44.666430916999957 ], [ 167.631106124000098, -44.666448238999976 ], [ 167.632916732000012, -44.667372095999951 ], [ 167.633334397000112, -44.667640525999957 ], [ 167.633602379000081, -44.66783251499993 ], [ 167.634215621000067, -44.66837972899998 ], [ 167.634626107000031, -44.668712747999962 ], [ 167.635616162000019, -44.669299205999948 ], [ 167.636177244000123, -44.669685247999951 ], [ 167.63659799900006, -44.669975450999971 ], [ 167.638553756000078, -44.670974031999947 ], [ 167.63892553900007, -44.671164541999985 ], [ 167.63973309000005, -44.671674801999984 ], [ 167.639920784000083, -44.671695287999967 ], [ 167.64045257500004, -44.671753480999939 ], [ 167.641113131000111, -44.672144139999943 ], [ 167.641656593000107, -44.672778232999974 ], [ 167.641656727000054, -44.672794111999963 ], [ 167.641659247000121, -44.673093993999942 ], [ 167.64080411100008, -44.67346080599998 ], [ 167.640728039000123, -44.673615072999951 ], [ 167.640657471000054, -44.674040145999982 ], [ 167.640678642000012, -44.674153861999969 ], [ 167.640691922000087, -44.674172148999958 ], [ 167.640848093000045, -44.674387225999965 ], [ 167.641024519000098, -44.674530733999973 ], [ 167.641280129000052, -44.674858299999983 ], [ 167.641516359000093, -44.675258834999966 ], [ 167.641526250000084, -44.675275606999946 ], [ 167.641544889000102, -44.675295982999955 ], [ 167.641612408000015, -44.675369807999971 ], [ 167.642406896000011, -44.676037254999983 ], [ 167.64241285200012, -44.67606159099995 ], [ 167.642568730000107, -44.676698625999961 ], [ 167.6425960790001, -44.676744993999932 ], [ 167.642600780000066, -44.676749058999974 ], [ 167.642705884000065, -44.67683995699997 ], [ 167.643064523000021, -44.677150121999944 ], [ 167.643185549000123, -44.677222503999985 ], [ 167.643389027000012, -44.677298734999965 ], [ 167.643460497000092, -44.677325509999946 ], [ 167.643532453000034, -44.677412758999935 ], [ 167.644001977000016, -44.677982043999975 ], [ 167.644491210000069, -44.67833642599993 ], [ 167.644566177000115, -44.678390728999943 ], [ 167.645176125000035, -44.678438111999981 ], [ 167.645287811000117, -44.678446927999971 ], [ 167.645789094000065, -44.678852672999938 ], [ 167.645938194000109, -44.678949806999981 ], [ 167.646944988000087, -44.679356569999982 ], [ 167.647436728000116, -44.679852945999983 ], [ 167.647432133000052, -44.67986574899993 ], [ 167.647277217000124, -44.680297322999934 ], [ 167.647296039000025, -44.680304826999929 ], [ 167.64855280800009, -44.680805877999944 ], [ 167.64915881100012, -44.681103759999985 ], [ 167.649247045000038, -44.681175507999967 ], [ 167.649446759000057, -44.681410266999933 ], [ 167.650147583000035, -44.682412369999952 ], [ 167.650269237000089, -44.682743225999957 ], [ 167.650299400000108, -44.682825260999948 ], [ 167.650589183000079, -44.683230228999946 ], [ 167.651283406000061, -44.684200369999985 ], [ 167.651420200000075, -44.684432194999943 ], [ 167.65141609200009, -44.684477094999977 ], [ 167.651519705000055, -44.684610129999953 ], [ 167.651926261000085, -44.685132124999939 ], [ 167.652472019000015, -44.685743717999969 ], [ 167.652656909000029, -44.68589327799998 ], [ 167.652707422000049, -44.685934138999983 ], [ 167.653693187000044, -44.686227128999974 ], [ 167.653794645000062, -44.68632364299998 ], [ 167.653867627000068, -44.686393067999973 ], [ 167.653897959000119, -44.686401160999935 ], [ 167.653890580000052, -44.686624866999978 ], [ 167.654076315000111, -44.687076179999963 ], [ 167.654274837000116, -44.687387730999944 ], [ 167.654682063000109, -44.68756863699997 ], [ 167.655130249000081, -44.687632684999983 ], [ 167.65550832200006, -44.687801432999947 ], [ 167.655747810000094, -44.687996122999948 ], [ 167.655908012000054, -44.688230308999948 ], [ 167.656089188000124, -44.68840069099997 ], [ 167.656321474000038, -44.688508669999976 ], [ 167.65672216400003, -44.688430143999938 ], [ 167.657179534000079, -44.688062740999953 ], [ 167.657592343000033, -44.688017165999952 ], [ 167.658653528000059, -44.688163696999936 ], [ 167.659894585000075, -44.688329378999981 ], [ 167.660469582000019, -44.68849647199994 ], [ 167.66069828500008, -44.688809411999955 ], [ 167.660520070000075, -44.689103432999957 ], [ 167.660234055000046, -44.689252084999964 ], [ 167.659743270000035, -44.689488385999937 ], [ 167.659580454000093, -44.689945072999933 ], [ 167.659545084000115, -44.690332109999986 ], [ 167.65970006200007, -44.690458078999939 ], [ 167.659763879000025, -44.690415043999963 ], [ 167.659831441000051, -44.690345424999975 ], [ 167.659825212000101, -44.690247964999969 ], [ 167.659895970000093, -44.68997054099998 ], [ 167.660147581000047, -44.689701526999954 ], [ 167.660531886000058, -44.689471069999968 ], [ 167.660788742000022, -44.689310263999971 ], [ 167.661124222000012, -44.689175512999952 ], [ 167.661284431000013, -44.689020204999963 ], [ 167.661334216000114, -44.688806584999952 ], [ 167.661222147000103, -44.688542254999959 ], [ 167.660982639000053, -44.688347576999945 ], [ 167.660750344000121, -44.688239607999947 ], [ 167.66043057100012, -44.688095179999948 ], [ 167.660215314000084, -44.687966407999966 ], [ 167.659526320000055, -44.688053133999972 ], [ 167.659372666000081, -44.688078378999933 ], [ 167.659004738000021, -44.687964096999963 ], [ 167.658793415000105, -44.687792317999936 ], [ 167.658091969000111, -44.687684115999957 ], [ 167.65772240900003, -44.687753297999961 ], [ 167.657316483000045, -44.68772361799995 ], [ 167.657129409000049, -44.687617743999965 ], [ 167.656735605000108, -44.68762101599998 ], [ 167.656333937000113, -44.687710293999942 ], [ 167.65583136500004, -44.687578938999934 ], [ 167.655628902000103, -44.68731039599993 ], [ 167.655491962000042, -44.687152868999931 ], [ 167.655029691000095, -44.68707737099993 ], [ 167.654626720000124, -44.687015426999949 ], [ 167.654417380000041, -44.686822138999958 ], [ 167.654425678000052, -44.686667055999976 ], [ 167.654436847000056, -44.686544961999971 ], [ 167.654523662000088, -44.686568125999941 ], [ 167.654897884000093, -44.686693623999986 ], [ 167.65632924800002, -44.686656351999943 ], [ 167.67820056100004, -44.690950031999932 ], [ 167.695994203000055, -44.693612497999936 ], [ 167.69603011300012, -44.69390279299995 ], [ 167.695968477000065, -44.694235915999968 ], [ 167.695744421000086, -44.694628731999956 ], [ 167.695509457000071, -44.694802644999982 ], [ 167.695374132000097, -44.69490280499997 ], [ 167.695130945000074, -44.695160349999981 ], [ 167.695029937000072, -44.695581244999971 ], [ 167.695189831000107, -44.695753281999941 ], [ 167.69561438300002, -44.695782077999979 ], [ 167.695676365000054, -44.695786281999972 ], [ 167.696194497000079, -44.695775941999955 ], [ 167.696818172000121, -44.695723010999984 ], [ 167.697184486000083, -44.695674060999977 ], [ 167.697620990000019, -44.695432687999983 ], [ 167.698200001000032, -44.69537388699996 ], [ 167.699768734000031, -44.695008166999969 ], [ 167.700671013000033, -44.694910395999955 ], [ 167.701802902000054, -44.694743548999952 ], [ 167.703036166000061, -44.694382226999949 ], [ 167.703260187000069, -44.694303010999931 ], [ 167.71543168300002, -44.695446323999931 ], [ 167.727229950000037, -44.69413531899994 ], [ 167.740320924000116, -44.692886796999971 ], [ 167.7496421190001, -44.699286023999946 ], [ 167.756048934000091, -44.705639351999935 ], [ 167.75885289200005, -44.717800832999956 ], [ 167.760778268000081, -44.72529633299996 ], [ 167.763501625000117, -44.738378246999957 ], [ 167.765509020000081, -44.744953061999979 ], [ 167.767354113000124, -44.75336447799998 ], [ 167.781292682000071, -44.763707215999943 ], [ 167.781210774000101, -44.763921935999974 ], [ 167.780964984000093, -44.764222692999965 ], [ 167.779975128000046, -44.764520879999964 ], [ 167.778878607000024, -44.76503255199998 ], [ 167.778245907000041, -44.765253361999953 ], [ 167.77763265100009, -44.765256712999985 ], [ 167.776948860000061, -44.765069713999935 ], [ 167.776256734000071, -44.764975903999982 ], [ 167.7756518220001, -44.764886050999962 ], [ 167.775166607000074, -44.764926395999964 ], [ 167.774757479000073, -44.765094957999963 ], [ 167.774481946000037, -44.765238395999972 ], [ 167.774189729000113, -44.765568222999946 ], [ 167.774115538000046, -44.765907951999964 ], [ 167.773940227000026, -44.766399044999957 ], [ 167.773536649000107, -44.766505471999949 ], [ 167.772992018000082, -44.766231198999947 ], [ 167.772169968000071, -44.765632404999963 ], [ 167.771328460000063, -44.765251056999944 ], [ 167.770859933000111, -44.765104993999955 ], [ 167.770126996000045, -44.76497810099994 ], [ 167.769388495000044, -44.764913331999935 ], [ 167.76885410400007, -44.765013794999959 ], [ 167.768752977000076, -44.765165151999952 ], [ 167.769540651000057, -44.765169778999962 ], [ 167.770328325000037, -44.765174400999967 ], [ 167.77097127400009, -44.765328393999937 ], [ 167.771265381000035, -44.765466526999944 ], [ 167.771641139000053, -44.765670751999949 ], [ 167.771809997000105, -44.765740807999975 ], [ 167.772264624000059, -44.766042188999961 ], [ 167.772637606000103, -44.766277475999971 ], [ 167.773013374000016, -44.766481696999961 ], [ 167.773266668000019, -44.766586778999965 ], [ 167.77347635700005, -44.766689878999955 ], [ 167.77369438900007, -44.766699784999958 ], [ 167.773874376000094, -44.766645579999931 ], [ 167.774316070000054, -44.766475751999963 ], [ 167.774574380000104, -44.766059968999969 ], [ 167.77484736100007, -44.765535581999984 ], [ 167.775466846000086, -44.765349003999972 ], [ 167.776788935000013, -44.765731113999948 ], [ 167.777614421000067, -44.765768591999972 ], [ 167.778388771000095, -44.765535350999983 ], [ 167.779697980000037, -44.765219019999961 ], [ 167.780641517000049, -44.764778728999943 ], [ 167.781398688000081, -44.764443048999965 ], [ 167.781606990000114, -44.763940377999972 ], [ 167.781975385000123, -44.76421365799996 ], [ 167.792801344000054, -44.773960245999945 ], [ 167.793169249000016, -44.774698992999959 ], [ 167.792275693000079, -44.774779548999959 ], [ 167.791230514000063, -44.775178586999971 ], [ 167.789993192000111, -44.775424649999934 ], [ 167.78474622300007, -44.777580979999982 ], [ 167.781082073000107, -44.77746444099995 ], [ 167.777539894000029, -44.778656290999947 ], [ 167.77563507800005, -44.77990436999994 ], [ 167.774592441000095, -44.780307863999951 ], [ 167.773352558000056, -44.780562667999959 ], [ 167.771244993000096, -44.78151287999998 ], [ 167.770586577000017, -44.782217900999967 ], [ 167.770128335000095, -44.78307622899996 ], [ 167.771108272000106, -44.783833121999976 ], [ 167.774902787000087, -44.781773761999943 ], [ 167.776322348000122, -44.781968964999976 ], [ 167.777433742000085, -44.783750716999975 ], [ 167.781651718000035, -44.78475810599997 ], [ 167.782012885000086, -44.785640150999939 ], [ 167.783675643000038, -44.788321509999946 ], [ 167.784659350000084, -44.78907394099997 ], [ 167.786069867000037, -44.789408361999961 ], [ 167.787516590000109, -44.789018536999947 ], [ 167.79042865100007, -44.788099879999947 ], [ 167.793258624000032, -44.787404280999965 ], [ 167.793339851000042, -44.787384313999951 ], [ 167.793542219000074, -44.787334568999938 ], [ 167.796813308000083, -44.787144379999972 ], [ 167.797469174000071, -44.786791248999975 ], [ 167.799807290000103, -44.797419385999945 ], [ 167.804331404000095, -44.805031199999974 ], [ 167.809244989000035, -44.811073934999968 ], [ 167.806993396000053, -44.810593052999934 ], [ 167.805458483000052, -44.808945850999976 ], [ 167.80447747900007, -44.808333503999961 ], [ 167.803721604000089, -44.807433771999968 ], [ 167.802743474000067, -44.80682604499998 ], [ 167.801978166000026, -44.805925835999972 ], [ 167.800374353000052, -44.805339416999971 ], [ 167.797592894000104, -44.804181315999983 ], [ 167.796390123000037, -44.80385644699993 ], [ 167.7954097490001, -44.803239536999968 ], [ 167.794281952000119, -44.801754833999951 ], [ 167.790347735000068, -44.799290987999939 ], [ 167.789216622000026, -44.797810579999975 ], [ 167.78801206300011, -44.797471979999955 ], [ 167.787150989000111, -44.798321177999981 ], [ 167.785711202000016, -44.798418285999958 ], [ 167.784506703000034, -44.798079649999977 ], [ 167.783092349000071, -44.798033574999977 ], [ 167.781632760000093, -44.798422806999952 ], [ 167.780954260000044, -44.799424506999969 ], [ 167.779892700000119, -44.800106742999958 ], [ 167.779028371000095, -44.800955737999971 ], [ 167.778754229000015, -44.801966755999956 ], [ 167.779314280000108, -44.802997569999945 ], [ 167.781960061000063, -44.802941716999953 ], [ 167.783194995000031, -44.802835367999933 ], [ 167.784605654000075, -44.803030040999943 ], [ 167.786996130000034, -44.804130232999967 ], [ 167.789381250000019, -44.805221080999956 ], [ 167.791766630000097, -44.806167620999986 ], [ 167.795366763000061, -44.80716452799993 ], [ 167.796684534000065, -44.807940950999978 ], [ 167.797721989000024, -44.808700182999985 ], [ 167.798843676000047, -44.810468625999931 ], [ 167.799114173000021, -44.812514205999946 ], [ 167.799802255000031, -44.814565090999963 ], [ 167.800989107000078, -44.815177740999957 ], [ 167.802230759000054, -44.814927232999935 ], [ 167.803661064000039, -44.814834012999938 ], [ 167.80507147000003, -44.815177173999984 ], [ 167.805838120000089, -44.816063896999935 ], [ 167.8061740280001, -44.817093435999936 ], [ 167.807594564000055, -44.817288248999944 ], [ 167.808790416000079, -44.817765984999937 ], [ 167.809348553000063, -44.818647748999979 ], [ 167.809476296000071, -44.819667926999955 ], [ 167.809007842000028, -44.820661228999938 ], [ 167.809151, -44.821686608999983 ], [ 167.811999299000036, -44.821783391999929 ], [ 167.81297788400002, -44.822391044999961 ], [ 167.813752753000017, -44.823151837999944 ], [ 167.814311019000115, -44.824033577999955 ], [ 167.813513436000108, -44.827054425999961 ], [ 167.813644876000012, -44.828070218999983 ], [ 167.814757162000092, -44.829847056999938 ], [ 167.815751203000104, -44.830459881999957 ], [ 167.818154330000084, -44.830973780999955 ], [ 167.820537539000043, -44.832068356999969 ], [ 167.821731450000016, -44.832536802999982 ], [ 167.822289130000058, -44.833427516999961 ], [ 167.822772735000058, -44.835473533999959 ], [ 167.823969516000034, -44.835946623999973 ], [ 167.826375653000014, -44.836464976999935 ], [ 167.827367228000071, -44.837073071999953 ], [ 167.827925037000114, -44.83796375999998 ], [ 167.828262263000056, -44.838984257999982 ], [ 167.828820503000088, -44.839870452999946 ], [ 167.829580846000113, -44.840621417999955 ], [ 167.831751729000075, -44.841619152999954 ], [ 167.831961523000018, -44.84171557999997 ], [ 167.833922069000096, -44.842939648999959 ], [ 167.834695586000066, -44.843686660999936 ], [ 167.835382116000119, -44.845737229999941 ], [ 167.835257206000051, -44.847755889999974 ], [ 167.834453544000098, -44.849157513999955 ], [ 167.834110339000063, -44.849755803999983 ], [ 167.834496093000098, -44.85137621399997 ], [ 167.83463582100012, -44.858631314999968 ], [ 167.83278994300008, -44.85782529599993 ], [ 167.828665160000014, -44.855377024999939 ], [ 167.826502298000037, -44.854143792999935 ], [ 167.825385631000017, -44.852371413999947 ], [ 167.824622567000119, -44.851471535999963 ], [ 167.823447448000024, -44.850715420999961 ], [ 167.822054683000033, -44.850233530999958 ], [ 167.820012517000123, -44.850177812999959 ], [ 167.820356227000048, -44.851338421999969 ], [ 167.822644310000101, -44.853871292999941 ], [ 167.823613444000102, -44.854627188999984 ], [ 167.824379763000024, -44.855527237999979 ], [ 167.827284775000066, -44.85779017699997 ], [ 167.827842781000072, -44.85868086499994 ], [ 167.829563400000097, -44.860471301999951 ], [ 167.830535996000094, -44.861227265999958 ], [ 167.833244175000118, -44.862296905999983 ], [ 167.831400461000044, -44.866419166999947 ], [ 167.825312537000059, -44.876330555999971 ], [ 167.82542310700012, -44.876970106999977 ], [ 167.82527182900003, -44.876824667999983 ], [ 167.824716445000035, -44.875938596999958 ], [ 167.824372764000032, -44.874917766999943 ], [ 167.823817810000037, -44.874027240999965 ], [ 167.82367347100012, -44.873010854999961 ], [ 167.823117749000062, -44.872129299999983 ], [ 167.82214224300003, -44.871512899999971 ], [ 167.820918102000064, -44.871624722999968 ], [ 167.81854145300008, -44.873718015999941 ], [ 167.816072512000119, -44.874066846999938 ], [ 167.814880566000056, -44.873602969999979 ], [ 167.8131380210001, -44.87209533999993 ], [ 167.811270508000121, -44.86942791599995 ], [ 167.810439503000111, -44.866514068999948 ], [ 167.809884846000045, -44.86562347499995 ], [ 167.809108630000082, -44.864871664999953 ], [ 167.808129393000058, -44.864263976999951 ], [ 167.806595277000042, -44.862770123999951 ], [ 167.804621996000037, -44.861545046999936 ], [ 167.804494202000114, -44.860524861999977 ], [ 167.802954163000095, -44.858886420999966 ], [ 167.801984752000067, -44.858134852999967 ], [ 167.800787717000048, -44.85766156699998 ], [ 167.79981877900002, -44.856905492999942 ], [ 167.799479233000056, -44.855880226999943 ], [ 167.799749869000038, -44.854729264999946 ], [ 167.79961649400002, -44.853560048999952 ], [ 167.798865636000073, -44.852669505999984 ], [ 167.797668330000079, -44.852200674999949 ], [ 167.794805667000105, -44.852247204999969 ], [ 167.79357893800011, -44.852498320999985 ], [ 167.792137396000044, -44.852599991999966 ], [ 167.790725466000026, -44.852405404999956 ], [ 167.78975679600012, -44.851649246999955 ], [ 167.788993497000092, -44.850758087999964 ], [ 167.789120825000055, -44.848730491999959 ], [ 167.78835106300005, -44.847983317999933 ], [ 167.787139833000083, -44.847707567999976 ], [ 167.786175681000032, -44.846901976999959 ], [ 167.78419959900009, -44.845825145999981 ], [ 167.781901442000049, -44.843426174999934 ], [ 167.781696944000032, -44.842312312999979 ], [ 167.78257609800005, -44.842437792999931 ], [ 167.782837732000075, -44.84142619499994 ], [ 167.783587345000115, -44.839422297999931 ], [ 167.783910523000031, -44.837403553999934 ], [ 167.783223151000016, -44.835348047999958 ], [ 167.782111331000124, -44.833575391999943 ], [ 167.781335906000095, -44.832823395999981 ], [ 167.779379593000044, -44.831603087999952 ], [ 167.778176331000054, -44.831277984999986 ], [ 167.775750162000122, -44.830901935999975 ], [ 167.775192824000101, -44.83001552099995 ], [ 167.775115800000094, -44.827974124999969 ], [ 167.774560155000017, -44.827087781999978 ], [ 167.773357016000091, -44.826762627999983 ], [ 167.770919279000054, -44.82653475199993 ], [ 167.770145728000102, -44.825782715999935 ], [ 167.769590480000033, -44.824891836999939 ], [ 167.769317026000067, -44.822855042999947 ], [ 167.76943760000006, -44.820822648999979 ], [ 167.769766243000049, -44.818799671999955 ], [ 167.769895850000012, -44.816772157999935 ], [ 167.769132865000074, -44.815885372999958 ], [ 167.767978723000056, -44.815846441999952 ], [ 167.766045853000037, -44.816209442999934 ], [ 167.76478617500004, -44.81690511599993 ], [ 167.76391306700009, -44.817740060999938 ], [ 167.762654188000056, -44.818426737999971 ], [ 167.761195500000099, -44.818815735999976 ], [ 167.759778437000023, -44.818760254999972 ], [ 167.759307816000046, -44.819766803999983 ], [ 167.759449338000081, -44.820783195999979 ], [ 167.759177528000123, -44.821798795999939 ], [ 167.757927523000035, -44.822332512999935 ], [ 167.756478065000124, -44.822582114999932 ], [ 167.753217393000114, -44.822613910999962 ], [ 167.751582512000027, -44.82270622599998 ], [ 167.748684448000063, -44.823336003999941 ], [ 167.747047989000066, -44.82342818199993 ], [ 167.745627100000092, -44.823237093999978 ], [ 167.74423567700012, -44.822754269999962 ], [ 167.743256986000119, -44.821997192999959 ], [ 167.741535188000057, -44.820191751999971 ], [ 167.741185003000055, -44.819174804999932 ], [ 167.740434660000119, -44.81827483099994 ], [ 167.740895385000044, -44.81741670699995 ], [ 167.741938987000026, -44.81701351199996 ], [ 167.742793501000051, -44.81631760199997 ], [ 167.743045505000055, -44.815454445999933 ], [ 167.742357826000102, -44.813403113999982 ], [ 167.74261922200003, -44.812400586999956 ], [ 167.743662669000059, -44.811997352999981 ], [ 167.744529052000075, -44.811293019999937 ], [ 167.745196791000012, -44.810453310999947 ], [ 167.74605047700004, -44.80974833199997 ], [ 167.746719542000051, -44.808895194999934 ], [ 167.746968064000043, -44.808693674999972 ], [ 167.747143585000117, -44.80855134799998 ], [ 167.74770034200003, -44.80809987899994 ], [ 167.747853514000099, -44.808077521999962 ], [ 167.748774462000029, -44.80795756599997 ], [ 167.749253814000099, -44.807687874999942 ], [ 167.749608812000019, -44.807282928999939 ], [ 167.750045736000061, -44.806978902999958 ], [ 167.750244439000085, -44.806793593999942 ], [ 167.749428672000022, -44.806756381999946 ], [ 167.749335811000037, -44.80678594099993 ], [ 167.750346661000094, -44.806260777999967 ], [ 167.75080554300007, -44.805402502999982 ], [ 167.749816821000081, -44.804793810999968 ], [ 167.748389877000022, -44.804886531999955 ], [ 167.747196449000057, -44.804408236999961 ], [ 167.745764688000122, -44.80436094199996 ], [ 167.744329053000115, -44.804601953999963 ], [ 167.743265344000065, -44.805301830999952 ], [ 167.742013841000016, -44.805695530999969 ], [ 167.7405672000001, -44.805936030999931 ], [ 167.739165622000087, -44.805605961999959 ], [ 167.737980818000096, -44.804979185999969 ], [ 167.735144718000015, -44.804736747999982 ], [ 167.733702381000057, -44.804842099999973 ], [ 167.733432594000078, -44.805988497999977 ], [ 167.733975268000108, -44.807027803999972 ], [ 167.73474860400006, -44.80777556299995 ], [ 167.735726794000016, -44.808392921999939 ], [ 167.73814208500005, -44.808913651999944 ], [ 167.739129046000016, -44.809522367999932 ], [ 167.73920583000006, -44.811550273999956 ], [ 167.740120793000074, -44.813327944999969 ], [ 167.740673711000113, -44.814218903999972 ], [ 167.740205765000042, -44.815211990999956 ], [ 167.737336994000088, -44.815414501999953 ], [ 167.736088480000035, -44.815948047999939 ], [ 167.735025269000062, -44.816638870999952 ], [ 167.733579115000111, -44.816888327999948 ], [ 167.730747874000031, -44.816497247999962 ], [ 167.729476865000038, -44.817191990999959 ], [ 167.729827976000024, -44.818213531999959 ], [ 167.731783212000096, -44.819588027999941 ], [ 167.73396393400003, -44.82053544799993 ], [ 167.734736201000032, -44.82127864499995 ], [ 167.735289266000109, -44.822169636999945 ], [ 167.734831713000062, -44.823167689999934 ], [ 167.732697890000054, -44.824697714999957 ], [ 167.731427883000038, -44.825379049999981 ], [ 167.728512031000037, -44.826305102999982 ], [ 167.727065243000084, -44.826680705999934 ], [ 167.725421152000081, -44.826925509999967 ], [ 167.724939785000061, -44.828062204999981 ], [ 167.726905432000081, -44.829288475999931 ], [ 167.728139480000095, -44.829182660999948 ], [ 167.729183332000048, -44.828779582999971 ], [ 167.730029235000075, -44.828236681999954 ], [ 167.732106528000031, -44.827578784999957 ], [ 167.733168019000118, -44.826892443999952 ], [ 167.734211846000107, -44.82648932099994 ], [ 167.737936225000112, -44.825744353999937 ], [ 167.741380868000078, -44.825850799999955 ], [ 167.741988028000037, -44.826203325999984 ], [ 167.743086839000057, -44.826520952999942 ], [ 167.743237855000075, -44.826256364999949 ], [ 167.746421110000028, -44.827029095999933 ], [ 167.748839239000063, -44.827545184999963 ], [ 167.751253970000107, -44.827921301999936 ], [ 167.751322873000049, -44.827919381999948 ], [ 167.751294672000085, -44.828232672999945 ], [ 167.752142818000038, -44.828204472999971 ], [ 167.753669939000019, -44.827939761999971 ], [ 167.754059610000013, -44.82790592899994 ], [ 167.756137392000028, -44.828220464999958 ], [ 167.75854533800009, -44.82888468699997 ], [ 167.761649768000098, -44.829134186999966 ], [ 167.764384984000117, -44.829948387999934 ], [ 167.767639047000102, -44.832377688999941 ], [ 167.768179341000064, -44.833506845999977 ], [ 167.768172323000044, -44.83471484599994 ], [ 167.767653514000017, -44.83643610799993 ], [ 167.767006395000067, -44.837132618999931 ], [ 167.766546, -44.83799085499993 ], [ 167.765823612000077, -44.839702894999959 ], [ 167.767772258000036, -44.841220671999963 ], [ 167.769090039000048, -44.843007341999964 ], [ 167.767772084000057, -44.844417290999957 ], [ 167.767720059000112, -44.845420327999932 ], [ 167.768688409000106, -44.84617667599997 ], [ 167.770080606000079, -44.846659221999971 ], [ 167.772895601000073, -44.847337077999953 ], [ 167.774079212000061, -44.84795433499994 ], [ 167.774843492000059, -44.848850173999949 ], [ 167.776659737000045, -44.852381643999934 ], [ 167.777631451000047, -44.853138057999956 ], [ 167.780018246000054, -44.854089342999941 ], [ 167.783623160000047, -44.855064198999969 ], [ 167.785057855000105, -44.855111096999963 ], [ 167.787878212000123, -44.855504736999933 ], [ 167.790291739000054, -44.856159462999983 ], [ 167.791267501000107, -44.856767161999983 ], [ 167.79203704400004, -44.857518806999963 ], [ 167.792594505000011, -44.858409630999972 ], [ 167.792748743000061, -44.859273250999934 ], [ 167.793313137000041, -44.860015593999947 ], [ 167.794735339000113, -44.860061851999944 ], [ 167.795590608000111, -44.860179416999983 ], [ 167.795808174000058, -44.860209322999935 ], [ 167.797568954000099, -44.860451332999958 ], [ 167.79875383500007, -44.860919596999963 ], [ 167.799741590000053, -44.86153676899994 ], [ 167.80030927200005, -44.862279239999964 ], [ 167.799791573000107, -44.863996163999957 ], [ 167.800141612000061, -44.864868605999959 ], [ 167.801338391000058, -44.865346387999978 ], [ 167.802316722000114, -44.86596310799996 ], [ 167.80288212500011, -44.866696446999981 ], [ 167.803176283000084, -44.868445491999978 ], [ 167.802726632000031, -44.869151108999972 ], [ 167.801881268000102, -44.869708092999986 ], [ 167.801618078000047, -44.870561876999943 ], [ 167.801771282000118, -44.871438911999974 ], [ 167.804590393000012, -44.871962785999983 ], [ 167.805977016000043, -44.872588862999976 ], [ 167.806740836000017, -44.873479889999942 ], [ 167.807016642000121, -44.875507642999935 ], [ 167.807574505000048, -44.876398393999978 ], [ 167.807313970000109, -44.877401075999956 ], [ 167.806446248000043, -44.878101388999937 ], [ 167.805791107000118, -44.878941986999962 ], [ 167.806350182000074, -44.879819297999973 ], [ 167.807316433000096, -44.88057519399996 ], [ 167.807392147000087, -44.882607409999935 ], [ 167.80692251500011, -44.883465421999972 ], [ 167.807063372000016, -44.884481681999944 ], [ 167.808705084000053, -44.884384298999976 ], [ 167.809963889000073, -44.883850361999976 ], [ 167.811027446000026, -44.88315885399993 ], [ 167.811692576000041, -44.882169872999953 ], [ 167.810928766000075, -44.88141864399995 ], [ 167.809940033000089, -44.880950348999932 ], [ 167.809162786000115, -44.880207513999949 ], [ 167.809435607000069, -44.879209868999965 ], [ 167.810573159000114, -44.877223263999952 ], [ 167.811450480000076, -44.876379090999933 ], [ 167.812510725000038, -44.875687442999947 ], [ 167.815410497000016, -44.874916232999965 ], [ 167.818239478000123, -44.875295935999929 ], [ 167.819417912000063, -44.875912441999958 ], [ 167.820396944000095, -44.87666881499996 ], [ 167.82179063500007, -44.87714620099996 ], [ 167.822978664000061, -44.877763133999963 ], [ 167.825723479000089, -44.878707744999986 ], [ 167.825765918000116, -44.878722354999979 ], [ 167.826954396000019, -44.87933475799997 ], [ 167.827715209000075, -44.880085736999945 ], [ 167.827869660000033, -44.88095376299998 ], [ 167.827091305000067, -44.883542752999972 ], [ 167.826732536000122, -44.884543311999948 ], [ 167.825864781000064, -44.886963710999964 ], [ 167.825206027000036, -44.887669037999956 ], [ 167.824749968000106, -44.888518675999933 ], [ 167.825501766000116, -44.889409051999962 ], [ 167.826754080000114, -44.88901889999994 ], [ 167.827354505000017, -44.888139557999978 ], [ 167.827893615000107, -44.891256638999948 ], [ 167.831212479000101, -44.897884096999974 ], [ 167.834613850000096, -44.903590876999942 ], [ 167.837361870000109, -44.91667565299997 ], [ 167.835327156000062, -44.924916114999974 ], [ 167.834345519000067, -44.935980892999964 ], [ 167.833640077000041, -44.943392703999962 ], [ 167.833092178000015, -44.94413009799996 ], [ 167.83321516400008, -44.944532338999977 ], [ 167.832907166000041, -44.945749338999974 ], [ 167.833271811000031, -44.946468981999942 ], [ 167.833633579000093, -44.94727570699996 ], [ 167.83346589700011, -44.947232030999942 ], [ 167.831281160000117, -44.946506046999957 ], [ 167.829546622000066, -44.945548935999966 ], [ 167.827206208000121, -44.944869734999941 ], [ 167.82668581900009, -44.94446951599997 ], [ 167.826538477000099, -44.943852710999977 ], [ 167.826615828000058, -44.943551080999953 ], [ 167.826860337000085, -44.942790320999961 ], [ 167.826857411000105, -44.942538931999934 ], [ 167.826769693000074, -44.942104270999948 ], [ 167.826645685000017, -44.94179361099998 ], [ 167.826411825000037, -44.941185769999947 ], [ 167.82578202500008, -44.94040602299998 ], [ 167.823585870000102, -44.939180250999982 ], [ 167.822685125000021, -44.938898277999954 ], [ 167.821961672000043, -44.938959748999935 ], [ 167.820221477000018, -44.938444929999946 ], [ 167.819715695000014, -44.938295292999953 ], [ 167.819168213000012, -44.937653397999952 ], [ 167.817427293000037, -44.936622396999951 ], [ 167.815557595000087, -44.936189472999956 ], [ 167.813964240000018, -44.935836037999934 ], [ 167.81366910600002, -44.935755670999981 ], [ 167.813169356000117, -44.935639262999985 ], [ 167.812724872000103, -44.93553875899994 ], [ 167.812006217000089, -44.935546700999964 ], [ 167.811525047000032, -44.93564583899996 ], [ 167.811037917000021, -44.935811806999936 ], [ 167.81049552200011, -44.935961867999936 ], [ 167.810196566000059, -44.936136295999972 ], [ 167.809653915000013, -44.936501059999955 ], [ 167.809412919000124, -44.936722225999972 ], [ 167.809221782000122, -44.936897631999955 ], [ 167.809102911000082, -44.936959383999977 ], [ 167.808532147000051, -44.93721551699997 ], [ 167.807700560000058, -44.937218350999956 ], [ 167.807161048000012, -44.936912248999931 ], [ 167.807070221000117, -44.936724157999947 ], [ 167.806730471000037, -44.936020570999972 ], [ 167.805441811000037, -44.934660558999951 ], [ 167.805243999000027, -44.934893466999938 ], [ 167.805025792000038, -44.934905671999957 ], [ 167.806060444000082, -44.935695165999959 ], [ 167.806476962000033, -44.93653253399998 ], [ 167.806747274000031, -44.936797804999969 ], [ 167.807050263000065, -44.93709513999994 ], [ 167.808242460000088, -44.937497717999975 ], [ 167.809479966000026, -44.937392364999937 ], [ 167.810523376000106, -44.936285196999961 ], [ 167.810774319000075, -44.936174545999961 ], [ 167.811821369000086, -44.935712845999944 ], [ 167.813372544000117, -44.935903375999942 ], [ 167.814140278000082, -44.936192867999978 ], [ 167.815069050000034, -44.93658352999995 ], [ 167.816021386000102, -44.93668228599995 ], [ 167.816211016000011, -44.936701949999986 ], [ 167.817933759000084, -44.93708800099995 ], [ 167.818898805000117, -44.937935588999949 ], [ 167.81912538600011, -44.938134585999933 ], [ 167.820481270000073, -44.938779971999963 ], [ 167.820557368000095, -44.938816193999969 ], [ 167.821177206000016, -44.938975170999981 ], [ 167.822460076000084, -44.939304190999962 ], [ 167.823056143000031, -44.939458037999941 ], [ 167.824159367000107, -44.939742769999953 ], [ 167.826143213000023, -44.941656834999947 ], [ 167.826544504000026, -44.942363378999971 ], [ 167.826409953000052, -44.94330853799994 ], [ 167.826159333000078, -44.943853657999966 ], [ 167.826244845000019, -44.944590232999985 ], [ 167.826245205000077, -44.944593336999958 ], [ 167.8272107250001, -44.945103247999953 ], [ 167.830060456000069, -44.946307785999977 ], [ 167.831735384000012, -44.947082748999946 ], [ 167.832808252000063, -44.947238477999974 ], [ 167.833574085000123, -44.947721441999931 ], [ 167.833938064000108, -44.947954673999959 ], [ 167.834604689000116, -44.949441112999978 ], [ 167.835681936000015, -44.951288180999939 ], [ 167.836141550000093, -44.951439490999974 ], [ 167.839119769000035, -44.952041578999967 ], [ 167.84220068500008, -44.952237909999951 ], [ 167.844467328000064, -44.951879358999975 ], [ 167.846063020000088, -44.951855936999948 ], [ 167.846788577000098, -44.951845208999941 ], [ 167.848145123000108, -44.952032956999972 ], [ 167.84988928000007, -44.952415556999938 ], [ 167.851259368000115, -44.952868512999942 ], [ 167.852389025000093, -44.953267193999977 ], [ 167.853457627000012, -44.953663138999957 ], [ 167.854110245000015, -44.953909918999955 ], [ 167.854324090000091, -44.953876664999939 ], [ 167.855814261000091, -44.954378370999962 ], [ 167.858133300000077, -44.955798122999965 ], [ 167.860345281000036, -44.957461036999973 ], [ 167.86269466300007, -44.96001365799998 ], [ 167.864116202000105, -44.961929836999957 ], [ 167.870144731000096, -44.973644441999966 ], [ 167.870764521000069, -44.975331034999954 ], [ 167.871624372000042, -44.977501640999947 ], [ 167.872695823000072, -44.97918124399996 ], [ 167.873531759000116, -44.980543805999957 ], [ 167.875075538000033, -44.982704148999971 ], [ 167.877217030000111, -44.985905387999935 ], [ 167.879244871000083, -44.989029370999958 ], [ 167.879972271000042, -44.990472706999981 ], [ 167.880555283000035, -44.991030513999931 ], [ 167.880910899000014, -44.991429478999976 ], [ 167.881869025000015, -44.993031821999978 ], [ 167.882828798000105, -44.994796466999958 ], [ 167.883561163000081, -44.996402306999983 ], [ 167.884168915000032, -44.997763672999952 ], [ 167.884540486000105, -44.998812511999972 ], [ 167.884693326000047, -45.000180756999953 ], [ 167.884879578000096, -45.002686565999966 ], [ 167.885051547000103, -45.004704836999963 ], [ 167.884978163000028, -45.006081122999944 ], [ 167.884544226000116, -45.006895930999974 ], [ 167.883893924000063, -45.008039265999969 ], [ 167.882671860000073, -45.009107710999956 ], [ 167.880874425000115, -45.010105541999962 ], [ 167.878621960000032, -45.01111024599993 ], [ 167.876822449000088, -45.01195013499995 ], [ 167.8752397290001, -45.012456998999937 ], [ 167.87185575500007, -45.013641299999961 ], [ 167.870384952000109, -45.014067421999982 ], [ 167.868465892000017, -45.014824955999984 ], [ 167.867726986000093, -45.015030672999956 ], [ 167.866527072000054, -45.015412719999972 ], [ 167.865816251000069, -45.015816489999963 ], [ 167.86504428100011, -45.016217536999932 ], [ 167.864802824000094, -45.016481830999965 ], [ 167.864412581000124, -45.016669347999937 ], [ 167.863301995000029, -45.017656878999958 ], [ 167.862872381000102, -45.018634128999963 ], [ 167.862678154000037, -45.019116335999968 ], [ 167.862636137000095, -45.019157972999949 ], [ 167.861787622000065, -45.019729740999935 ], [ 167.860908620000032, -45.019951861999971 ], [ 167.859460151000121, -45.020366318999947 ], [ 167.858810362000099, -45.020772764999947 ], [ 167.858512083000051, -45.021368991999964 ], [ 167.858702956000116, -45.021986984999955 ], [ 167.859119236000083, -45.022832684999969 ], [ 167.8594820510001, -45.023588932999985 ], [ 167.859491475000027, -45.023653908999961 ], [ 167.859853516000044, -45.023849359999986 ], [ 167.86007840700006, -45.02408599599994 ], [ 167.860225236000019, -45.024371461999976 ], [ 167.860249551000038, -45.024930408999978 ], [ 167.861231658000065, -45.026333886999964 ], [ 167.862240345000032, -45.027121926999939 ], [ 167.862217396000119, -45.027698246999933 ], [ 167.861692960000028, -45.029243799999961 ], [ 167.860578864000104, -45.030231158999982 ], [ 167.859341380000046, -45.030816296999944 ], [ 167.857419593000031, -45.031411559999981 ], [ 167.854931973000021, -45.032256598999936 ], [ 167.853346592000094, -45.03260529399995 ], [ 167.851644434000036, -45.032872074999943 ], [ 167.848920909000071, -45.033399921999944 ], [ 167.846431646000042, -45.03408239099997 ], [ 167.845889383000099, -45.034862218999933 ], [ 167.84555764300012, -45.034905546999937 ], [ 167.844472874000076, -45.035429743999941 ], [ 167.844009239000115, -45.036104342999977 ], [ 167.843613896000079, -45.036659289999932 ], [ 167.843240239000124, -45.03696980999996 ], [ 167.842880641000079, -45.037771745999976 ], [ 167.842531881000014, -45.038451466999959 ], [ 167.842186731000083, -45.039090448999957 ], [ 167.841532580000035, -45.03996103299994 ], [ 167.841076108000038, -45.04055414499993 ], [ 167.840608345000078, -45.041923833999931 ], [ 167.840364033000014, -45.042076523999981 ], [ 167.839814322000052, -45.042420073999949 ], [ 167.839368669000123, -45.042890965999959 ], [ 167.839217557000097, -45.043293209999945 ], [ 167.838829353000051, -45.043766664999964 ], [ 167.838678234000099, -45.04416890899995 ], [ 167.838695882000025, -45.044619587999932 ], [ 167.838652448000062, -45.045108438999932 ], [ 167.838336172000027, -45.045421507999947 ], [ 167.83677694000005, -45.046088048999934 ], [ 167.836356582000121, -45.046273764999967 ], [ 167.835738476000074, -45.046736940999949 ], [ 167.835389577000115, -45.047416638999948 ], [ 167.835126131000038, -45.049081737999984 ], [ 167.835344647000056, -45.049868587999981 ], [ 167.835538297000085, -45.050286233999941 ], [ 167.835950960000105, -45.050836362999974 ], [ 167.836317028000053, -45.051261708999959 ], [ 167.83659363400011, -45.051600169999972 ], [ 167.836434657000041, -45.052025790999949 ], [ 167.835650539000085, -45.054456840999933 ], [ 167.835613608000017, -45.054571334999935 ], [ 167.835607534000019, -45.054590170999973 ], [ 167.835421857000028, -45.05458187499994 ], [ 167.835409877000075, -45.054716590999931 ], [ 167.835219818000041, -45.054708099999971 ], [ 167.835207838000088, -45.054842814999972 ], [ 167.835017778000065, -45.054834322999966 ], [ 167.834993816000065, -45.055103754999948 ], [ 167.834803756000042, -45.055095262999941 ], [ 167.834779794000042, -45.05536469499998 ], [ 167.83458973300003, -45.055356201999984 ], [ 167.834577751000097, -45.055490917999975 ], [ 167.834387689000096, -45.05548242499998 ], [ 167.834363724000013, -45.055751856999962 ], [ 167.834173661000023, -45.055743362999976 ], [ 167.83416167900009, -45.055878078999967 ], [ 167.833971616000099, -45.055869583999936 ], [ 167.833959632000074, -45.056004300999973 ], [ 167.833769569000083, -45.055995805999942 ], [ 167.833745601000032, -45.05626523799998 ], [ 167.833555537000052, -45.056256742999949 ], [ 167.833483629000057, -45.057065037999962 ], [ 167.833673697000108, -45.057073532999937 ], [ 167.833649728000069, -45.057342964999975 ], [ 167.833839795000017, -45.05735145999995 ], [ 167.833832913000037, -45.057428822999952 ], [ 167.83381582800007, -45.057620890999942 ], [ 167.834005897000111, -45.057629384999984 ], [ 167.833983488000058, -45.057881296999938 ], [ 167.83398193000005, -45.057898816999966 ], [ 167.834171999000091, -45.057907310999951 ], [ 167.83414803200003, -45.058176742999933 ], [ 167.834269229000029, -45.058182158999955 ], [ 167.833039301000099, -45.061129798999957 ], [ 167.832362444000069, -45.063506995999944 ], [ 167.832147940000027, -45.063497407999932 ], [ 167.832135952000044, -45.06363212399998 ], [ 167.831755774000044, -45.063615127999981 ], [ 167.831743783000093, -45.063749843999972 ], [ 167.831553695000025, -45.063741345999972 ], [ 167.831541704000074, -45.063876061999963 ], [ 167.831351615000017, -45.063867562999974 ], [ 167.831339624000066, -45.064002277999975 ], [ 167.831149534000019, -45.063993779999976 ], [ 167.831137542000079, -45.064128495999967 ], [ 167.830187093000063, -45.06408599599996 ], [ 167.830175098000041, -45.064220711999951 ], [ 167.829985008000108, -45.064212211999973 ], [ 167.829973014000075, -45.064346925999985 ], [ 167.829782923000039, -45.06433842499996 ], [ 167.829770927000027, -45.064473140999951 ], [ 167.829580836000105, -45.064464639999983 ], [ 167.829568841000082, -45.064599353999938 ], [ 167.829378750000046, -45.06459085299997 ], [ 167.829198800000086, -45.06661158199995 ], [ 167.829008702000124, -45.066603079999936 ], [ 167.828984708000121, -45.066872509999939 ], [ 167.828794609000056, -45.066864007999982 ], [ 167.828782611000065, -45.066998721999937 ], [ 167.828972710000016, -45.067007224999941 ], [ 167.828948714000035, -45.067276654999944 ], [ 167.829138814000089, -45.067285157999947 ], [ 167.829054831000121, -45.068228163999947 ], [ 167.828864728000099, -45.068219661999933 ], [ 167.828852730000108, -45.068354376999935 ], [ 167.828662626000096, -45.068345873999931 ], [ 167.828650627000115, -45.068480589999979 ], [ 167.828460523000103, -45.068472085999986 ], [ 167.828448524000123, -45.06860680099993 ], [ 167.827307898000072, -45.068555773999947 ], [ 167.827295896000123, -45.068690488999948 ], [ 167.827105791000122, -45.068681983999966 ], [ 167.82709378900006, -45.068816698999967 ], [ 167.826903684000058, -45.068808191999949 ], [ 167.826879678000068, -45.069077621999952 ], [ 167.826689572000078, -45.06906911599998 ], [ 167.826569533000111, -45.070416264999949 ], [ 167.826759643000059, -45.070424771999967 ], [ 167.82673563600008, -45.07069420199997 ], [ 167.826925747000018, -45.070702707999942 ], [ 167.82691374400008, -45.070837422999944 ], [ 167.827103856000122, -45.070845928999972 ], [ 167.82709185300007, -45.070980643999974 ], [ 167.827281965000111, -45.070989148999956 ], [ 167.827269962000059, -45.071123863999958 ], [ 167.827460074000101, -45.07113236999993 ], [ 167.827448073000028, -45.071267084999931 ], [ 167.827638186000058, -45.071275589999971 ], [ 167.827566173000037, -45.07208387999998 ], [ 167.827376058000027, -45.07207537499994 ], [ 167.827352052000037, -45.072344803999954 ], [ 167.827542170000015, -45.072353309999983 ], [ 167.827506163000066, -45.07275745499993 ], [ 167.827696281000044, -45.07276595999997 ], [ 167.827672276000044, -45.073035389999973 ], [ 167.827862395000011, -45.073043893999966 ], [ 167.827826390000041, -45.07344803999996 ], [ 167.827636270000085, -45.073439534999977 ], [ 167.827576257000032, -45.074113109999985 ], [ 167.827766380000071, -45.074121613999978 ], [ 167.827730373000122, -45.074525758999982 ], [ 167.827920497000036, -45.074534263999965 ], [ 167.827896493000026, -45.074803693999968 ], [ 167.828086618000043, -45.07481219899995 ], [ 167.828050613000073, -45.075216343999955 ], [ 167.828240741000059, -45.075224847999948 ], [ 167.828204736000089, -45.075628992999953 ], [ 167.828394864000074, -45.075637496999946 ], [ 167.828370861000053, -45.075906926999949 ], [ 167.828560990000028, -45.075915430999942 ], [ 167.828548990000058, -45.076050145999943 ], [ 167.828739119000033, -45.076058648999947 ], [ 167.828727119000064, -45.076193363999948 ], [ 167.829107378000117, -45.076210368999966 ], [ 167.829095379000023, -45.076345084999957 ], [ 167.829285509000101, -45.076353586999971 ], [ 167.829245483000022, -45.076802971999939 ], [ 167.829206798000087, -45.076891073999946 ], [ 167.829006012000036, -45.077348352999934 ], [ 167.828391364000026, -45.07874813799998 ], [ 167.828208954000047, -45.079280980999954 ], [ 167.828070814000057, -45.079274801999929 ], [ 167.828046808000067, -45.079544231999932 ], [ 167.827856667000106, -45.079535727999939 ], [ 167.827832661000116, -45.079805157999942 ], [ 167.82764252000004, -45.07979665299996 ], [ 167.827618511000082, -45.080066082999963 ], [ 167.827428369000017, -45.08005757799998 ], [ 167.82741636500009, -45.080192292999982 ], [ 167.827226221000046, -45.080183786999953 ], [ 167.827214216000016, -45.080318501999955 ], [ 167.827190207000058, -45.080587931999958 ], [ 167.827380351000102, -45.08059643799993 ], [ 167.827344337000113, -45.081000581999945 ], [ 167.827534482000033, -45.081009086999984 ], [ 167.827520664000076, -45.081164156999932 ], [ 167.827224270000102, -45.081919446999962 ], [ 167.827053236000097, -45.082475330999955 ], [ 167.827022130000046, -45.082473939999943 ], [ 167.827010124000026, -45.082608653999955 ], [ 167.826629823000076, -45.082591641999954 ], [ 167.826617816000066, -45.082726356999956 ], [ 167.826427665000097, -45.082717848999948 ], [ 167.826403650000088, -45.082987279999941 ], [ 167.826213498000016, -45.082978771999933 ], [ 167.826189481000029, -45.083248201999936 ], [ 167.825999329000069, -45.083239692999939 ], [ 167.825975311000093, -45.083509122999942 ], [ 167.825785158000031, -45.083500615999981 ], [ 167.825749131000066, -45.08390475899995 ], [ 167.825558975000035, -45.083896250999942 ], [ 167.825498927000012, -45.084569823999971 ], [ 167.825308769000117, -45.084561314999974 ], [ 167.825224695000088, -45.085504317999948 ], [ 167.82520067300004, -45.085773746999962 ], [ 167.825010513000052, -45.085765236999976 ], [ 167.824962465000112, -45.086304094999946 ], [ 167.824772303000032, -45.086295585999949 ], [ 167.824760291000075, -45.08643030099995 ], [ 167.824950454000032, -45.086438810999937 ], [ 167.824862503000077, -45.087425196999959 ], [ 167.824201505000019, -45.088271780999946 ], [ 167.82407481100006, -45.088428404999945 ], [ 167.824001218000035, -45.088519385999973 ], [ 167.823863647000053, -45.08868945699993 ], [ 167.823786628000107, -45.088784668999949 ], [ 167.823758063000014, -45.08881998499993 ], [ 167.823593206000055, -45.088812606999966 ], [ 167.823581191000017, -45.088947320999978 ], [ 167.823391020000031, -45.088938808999956 ], [ 167.823366988000089, -45.089208237999969 ], [ 167.823176815000124, -45.089199723999968 ], [ 167.823164798000107, -45.08933443899997 ], [ 167.822974627000121, -45.089325926999948 ], [ 167.822962609000115, -45.08946064099996 ], [ 167.822772436000037, -45.089452127999948 ], [ 167.822748401000013, -45.089721555999972 ], [ 167.822558227000059, -45.089713042999961 ], [ 167.822546209000052, -45.089847756999973 ], [ 167.822356034000109, -45.089839242999972 ], [ 167.822344015000112, -45.089973957999973 ], [ 167.822153842000034, -45.089965442999983 ], [ 167.822141822000049, -45.090100156999938 ], [ 167.821951647000105, -45.090091642999937 ], [ 167.821927608000124, -45.090361070999961 ], [ 167.821737432000077, -45.090352555999971 ], [ 167.821725411000102, -45.090487270999972 ], [ 167.821535235000056, -45.090478755999982 ], [ 167.82152321500007, -45.090613468999948 ], [ 167.821142861000112, -45.090596437999977 ], [ 167.821130839000034, -45.090731151999933 ], [ 167.820750485000076, -45.090714119999973 ], [ 167.820738463000112, -45.090848832999939 ], [ 167.82035810900004, -45.090831798999943 ], [ 167.820346084000107, -45.090966512999955 ], [ 167.820155907000071, -45.090957995999986 ], [ 167.820143882000025, -45.091092709999941 ], [ 167.819953704000113, -45.091084191999983 ], [ 167.819941680000056, -45.091218905999938 ], [ 167.819751502000031, -45.091210387999979 ], [ 167.819739476000109, -45.091345100999945 ], [ 167.819549297000094, -45.091336582999929 ], [ 167.819537271000058, -45.091471296999941 ], [ 167.819347092000044, -45.091462777999936 ], [ 167.819335067000111, -45.091597491999948 ], [ 167.819144887000107, -45.091588972999944 ], [ 167.819120834000046, -45.091858399999978 ], [ 167.818930654000042, -45.091849880999973 ], [ 167.818906599000115, -45.092119307999951 ], [ 167.818716417000019, -45.092110787999957 ], [ 167.818680333000088, -45.092514929999936 ], [ 167.818490151000105, -45.092506408999952 ], [ 167.818478123000091, -45.092641122999964 ], [ 167.818287940000118, -45.09263260299997 ], [ 167.81826388200011, -45.092902029999948 ], [ 167.818073699000024, -45.092893508999964 ], [ 167.818061668000041, -45.093028222999976 ], [ 167.817871484000079, -45.093019700999946 ], [ 167.817823364000105, -45.093558556999938 ], [ 167.81763317900004, -45.093550033999975 ], [ 167.817573024000012, -45.094223601999943 ], [ 167.817382837000082, -45.094215080999959 ], [ 167.817327360000036, -45.094836233999956 ], [ 167.817192271000067, -45.094923401999949 ], [ 167.815295701000082, -45.096488456999964 ], [ 167.813611541000114, -45.097562600999936 ], [ 167.812596647000078, -45.097985991999963 ], [ 167.812372140000093, -45.098147217999951 ], [ 167.81157437100012, -45.098242176999975 ], [ 167.810213142000066, -45.098586889999979 ], [ 167.808569432000013, -45.09881583899994 ], [ 167.808580741000014, -45.09868943999993 ], [ 167.807249332000083, -45.098629672999948 ], [ 167.807237275000034, -45.098764384999981 ], [ 167.805905867000092, -45.098704600999952 ], [ 167.805893806000086, -45.098839311999939 ], [ 167.805513402000088, -45.09882222899995 ], [ 167.805501342000071, -45.098956939999937 ], [ 167.805311140000072, -45.098948397999948 ], [ 167.805303461000108, -45.099034164999978 ], [ 167.804631767000046, -45.09907117399996 ], [ 167.803603085000077, -45.099006938999935 ], [ 167.802466768000045, -45.099185788999932 ], [ 167.800984166000035, -45.09928598099998 ], [ 167.799382552000111, -45.099150852999969 ], [ 167.798990560000107, -45.099156455999946 ], [ 167.798998270000084, -45.099070447999964 ], [ 167.798808067000095, -45.099061892999941 ], [ 167.798820144000047, -45.098927182999944 ], [ 167.79843973800007, -45.098910073999946 ], [ 167.798451816000124, -45.098775363999948 ], [ 167.797691007000026, -45.098741141999938 ], [ 167.797703087000059, -45.098606430999951 ], [ 167.79751288500006, -45.098597874999939 ], [ 167.797500805000027, -45.098732584999937 ], [ 167.796169393000014, -45.098672683999951 ], [ 167.796157310000012, -45.098807394999938 ], [ 167.795206300000018, -45.098764597999946 ], [ 167.795194215000038, -45.098899308999933 ], [ 167.79481381100004, -45.098882187999948 ], [ 167.79481257100008, -45.098896005999961 ], [ 167.794806279000113, -45.098895371999959 ], [ 167.792971131000058, -45.098596364999935 ], [ 167.79101262000006, -45.097899498999936 ], [ 167.789858225000103, -45.097428223999941 ], [ 167.788812540000094, -45.09688065399996 ], [ 167.787873683000043, -45.095923121999931 ], [ 167.787182713000107, -45.095607917999985 ], [ 167.785784686000056, -45.09466124599993 ], [ 167.782748101000038, -45.092116702999931 ], [ 167.778669534000073, -45.08902459899997 ], [ 167.775859799000045, -45.086476571999981 ], [ 167.77409083900011, -45.084318154999949 ], [ 167.772543248000034, -45.081998413999941 ], [ 167.771108517000016, -45.079593594999949 ], [ 167.77004303800004, -45.078071088999934 ], [ 167.768387987000096, -45.075994390999938 ], [ 167.766845762000116, -45.073832578999941 ], [ 167.765510376000066, -45.07085957299995 ], [ 167.764427080000019, -45.068691464999972 ], [ 167.763241734000076, -45.067091276999975 ], [ 167.762420497000107, -45.066215464999971 ], [ 167.761956149000071, -45.065896874999964 ], [ 167.761848319000023, -45.06613996699997 ], [ 167.760919290000061, -45.065507196999931 ], [ 167.757191401000114, -45.062651028999937 ], [ 167.753583855000102, -45.060034574999975 ], [ 167.750733228000058, -45.058405089999951 ], [ 167.750751214000047, -45.058206173999963 ], [ 167.750561155000014, -45.058197539999981 ], [ 167.750573336000116, -45.058062833999941 ], [ 167.750585517000104, -45.057928126999968 ], [ 167.750395458000071, -45.05791949199994 ], [ 167.750407639000059, -45.057784785999957 ], [ 167.750419821000037, -45.057650079999974 ], [ 167.750039705000063, -45.057632810999962 ], [ 167.75005188800003, -45.057498104999979 ], [ 167.749481717000094, -45.057472196999981 ], [ 167.749493901000051, -45.057337491999931 ], [ 167.74930384400011, -45.05732885499998 ], [ 167.749376944000119, -45.056520618999969 ], [ 167.749186891000022, -45.056511981999961 ], [ 167.749211259000049, -45.056242569999938 ], [ 167.749021205000076, -45.05623393299993 ], [ 167.749033389000033, -45.056099227999937 ], [ 167.748843338000029, -45.056090590999986 ], [ 167.748879890000012, -45.05568647299998 ], [ 167.748689840000111, -45.055677834999983 ], [ 167.748119688000088, -45.055651920999935 ], [ 167.748131874000023, -45.055517214999952 ], [ 167.747751774000108, -45.055499936999979 ], [ 167.747788335000109, -45.055095819999963 ], [ 167.747800521000045, -45.054961114999969 ], [ 167.747420425000087, -45.05494383599995 ], [ 167.747408238000048, -45.055078540999943 ], [ 167.747028141000101, -45.055061260999935 ], [ 167.747015953000073, -45.055195966999975 ], [ 167.746825905000037, -45.055187326999942 ], [ 167.74681371500003, -45.055322031999935 ], [ 167.746623667000108, -45.05531339199996 ], [ 167.746611476000112, -45.055448096999953 ], [ 167.746421428000076, -45.055439455999931 ], [ 167.746409238000069, -45.055574161999971 ], [ 167.746144780000122, -45.055562136999981 ], [ 167.745010458000024, -45.055145353999933 ], [ 167.743882087000088, -45.054635091999955 ], [ 167.743729571000017, -45.054363083999931 ], [ 167.742899378000061, -45.053795090999984 ], [ 167.742176613000083, -45.053516028999979 ], [ 167.741466793000086, -45.053389041999935 ], [ 167.741148616000032, -45.053297421999957 ], [ 167.741029430000026, -45.053232428999934 ], [ 167.74092857100004, -45.05313730599994 ], [ 167.740849482000044, -45.052830721999953 ], [ 167.740821643000118, -45.051958377999938 ], [ 167.740588052000021, -45.051587950999931 ], [ 167.740126978000035, -45.051074611999979 ], [ 167.739692520000062, -45.050562481999975 ], [ 167.739433071000121, -45.049887891999958 ], [ 167.739159959000062, -45.049364169999933 ], [ 167.738924020000013, -45.048876315999962 ], [ 167.738813014000016, -45.048594372999958 ], [ 167.73820553500002, -45.048236816999975 ], [ 167.737872833000097, -45.048056717999941 ], [ 167.737228956000081, -45.047779968999976 ], [ 167.736941162000107, -45.047746239999981 ], [ 167.736075919000086, -45.047665580999933 ], [ 167.735645160000104, -45.047604715999967 ], [ 167.735204056000043, -45.047337194999955 ], [ 167.734774129000016, -45.046946473999981 ], [ 167.734120967000081, -45.046772374999932 ], [ 167.733997658000021, -45.046849225999949 ], [ 167.734274273000096, -45.047006162999935 ], [ 167.734311720000051, -45.047234670999956 ], [ 167.733959581000022, -45.047589745999971 ], [ 167.733865234000064, -45.047667917999945 ], [ 167.733430752000118, -45.047648110999944 ], [ 167.73309723300008, -45.047797851999974 ], [ 167.732703917000094, -45.047965482999984 ], [ 167.732263845000034, -45.04800727099996 ], [ 167.731715362000045, -45.047961639999983 ], [ 167.731380819000037, -45.047802055999966 ], [ 167.730744430000072, -45.047443137999949 ], [ 167.730233227000099, -45.046986835999974 ], [ 167.729763189000096, -45.046717973999932 ], [ 167.729053981000106, -45.04652066899996 ], [ 167.728279391000115, -45.046402849999936 ], [ 167.727154371000097, -45.045980372999963 ], [ 167.725696721000077, -45.045377749999943 ], [ 167.724881653000011, -45.045142883999972 ], [ 167.724426717000028, -45.044603670999948 ], [ 167.72348119500009, -45.04332059199993 ], [ 167.722634662000019, -45.04147391999993 ], [ 167.721775247000096, -45.039139687999977 ], [ 167.721012165000047, -45.036079447999953 ], [ 167.720600624000099, -45.033418515999983 ], [ 167.720326507000095, -45.031643042999974 ], [ 167.720198163000077, -45.03107807899994 ], [ 167.720182202000046, -45.030432597999948 ], [ 167.720541467000089, -45.026706769999976 ], [ 167.720565098000066, -45.026537940999958 ], [ 167.720842315000027, -45.026475722999976 ], [ 167.721186940000052, -45.026202818999934 ], [ 167.721168220000095, -45.025768975999938 ], [ 167.721107484000072, -45.025477542999965 ], [ 167.720721959000116, -45.025417258999937 ], [ 167.720927103000122, -45.023951525999962 ], [ 167.720893508000017, -45.022660490999954 ], [ 167.72050867400003, -45.020965644999933 ], [ 167.719424833000062, -45.018796929999951 ], [ 167.717439471000034, -45.016965734999985 ], [ 167.71508098400011, -45.013927123999963 ], [ 167.713427166000088, -45.011687180999957 ], [ 167.712680655000099, -45.009272360999944 ], [ 167.712395645000015, -45.007009426999957 ], [ 167.712000720000106, -45.004993948999982 ], [ 167.711976277000076, -45.004023407999966 ], [ 167.711715353000045, -45.002735463999954 ], [ 167.711230078000085, -45.001608584999985 ], [ 167.710499329000072, -44.999843722999969 ], [ 167.70942367400005, -44.997837623999942 ], [ 167.70860575200004, -44.997119282999961 ], [ 167.707919162000053, -44.996966060999966 ], [ 167.706548070000053, -44.996826541999951 ], [ 167.704491901000097, -44.996691624999983 ], [ 167.702673287000039, -44.996878724999931 ], [ 167.700971545000016, -44.997143262999941 ], [ 167.70053766400008, -44.997521350999932 ], [ 167.698835779000092, -44.996498155999973 ], [ 167.697881005000113, -44.995815111999946 ], [ 167.697239782000111, -44.995517605999964 ], [ 167.696764699000028, -44.995310205999942 ], [ 167.696326052000018, -44.995022002999974 ], [ 167.696479281000052, -44.994616665999956 ], [ 167.696581083000069, -44.99445639299995 ], [ 167.696999326000082, -44.994331280999972 ], [ 167.697296193000057, -44.994262445999937 ], [ 167.697687368000061, -44.994115468999951 ], [ 167.698270896000054, -44.993771137999943 ], [ 167.698466997000082, -44.993532720999951 ], [ 167.698493219000056, -44.993245261999959 ], [ 167.698380377000035, -44.992889557999945 ], [ 167.698086424000053, -44.99260800899998 ], [ 167.69605755200007, -44.991277644999968 ], [ 167.694433867000043, -44.989965870999981 ], [ 167.694165136000038, -44.989726705999942 ], [ 167.693634116000112, -44.989496100999986 ], [ 167.693181344000095, -44.989681467999958 ], [ 167.692556833000026, -44.989838316999965 ], [ 167.692298292000032, -44.989805805999936 ], [ 167.692033320000064, -44.989525571999934 ], [ 167.691979464000042, -44.98884266999994 ], [ 167.692225135000058, -44.988379734999967 ], [ 167.692637972000057, -44.987677060999943 ], [ 167.69271109500005, -44.986876285999983 ], [ 167.692443855000079, -44.986461923999968 ], [ 167.692336559000069, -44.986364202999937 ], [ 167.692246139000076, -44.986081687999956 ], [ 167.692247610000095, -44.985906494999938 ], [ 167.692607123000016, -44.985469414999955 ], [ 167.692866175000063, -44.98533699799998 ], [ 167.693852416000027, -44.984877191999942 ], [ 167.694442841000068, -44.984615675999976 ], [ 167.69472384900007, -44.984401788999946 ], [ 167.694877471000041, -44.984151115999964 ], [ 167.694951790000118, -44.983814320999954 ], [ 167.694865519000018, -44.983645403999958 ], [ 167.694391480000036, -44.983427726999935 ], [ 167.693980403000069, -44.983316039999977 ], [ 167.693553923000081, -44.983213950999982 ], [ 167.693178747000047, -44.983186386999932 ], [ 167.692424649000031, -44.983172318999948 ], [ 167.69166452200011, -44.98306518499993 ], [ 167.690644952000071, -44.982935796999982 ], [ 167.689952472000073, -44.982883310999966 ], [ 167.689573549000102, -44.982896798999946 ], [ 167.68905372100005, -44.982862563999959 ], [ 167.688120015000095, -44.982747414999949 ], [ 167.687616532000106, -44.982693306999977 ], [ 167.68726239700004, -44.982594523999978 ], [ 167.687034700000027, -44.982542800999965 ], [ 167.686576105000086, -44.98231549299993 ], [ 167.686370934000024, -44.982017377999966 ], [ 167.6862301970001, -44.981650062999961 ], [ 167.686110885000062, -44.981366209999976 ], [ 167.6860092390001, -44.981206885999939 ], [ 167.685907983000106, -44.981202221999979 ], [ 167.685866850000025, -44.98133435099993 ], [ 167.685807333000071, -44.981826467999952 ], [ 167.685998973000096, -44.982113649999974 ], [ 167.686277960000098, -44.982239904999972 ], [ 167.686634356000013, -44.982472816999973 ], [ 167.687049556000034, -44.982698127999981 ], [ 167.687327609000022, -44.982834644999969 ], [ 167.687802554000086, -44.983042083999976 ], [ 167.688721796000095, -44.983156569999949 ], [ 167.691666265000094, -44.983364238999968 ], [ 167.693024186000116, -44.98344732299995 ], [ 167.694049392000124, -44.983515091999948 ], [ 167.694328404000089, -44.983641324999951 ], [ 167.694472536000035, -44.983812903999933 ], [ 167.694481790000054, -44.984029828999951 ], [ 167.694288516000029, -44.984237439999958 ], [ 167.693987419000109, -44.984512258999985 ], [ 167.692983907000098, -44.98500219999994 ], [ 167.692557288000103, -44.985219695999945 ], [ 167.692325294000057, -44.985373975999948 ], [ 167.692010651000032, -44.985637857999961 ], [ 167.691816426000059, -44.985855730999958 ], [ 167.691788835000011, -44.985998793999954 ], [ 167.692058345000078, -44.986547285999961 ], [ 167.692212257000051, -44.986770864999983 ], [ 167.692385325000032, -44.986943776999965 ], [ 167.692413193000107, -44.987274961999958 ], [ 167.692052598000032, -44.988041894999981 ], [ 167.691874173000087, -44.988404827999943 ], [ 167.691791925000075, -44.988669091999952 ], [ 167.691673240000114, -44.989014152999971 ], [ 167.691697353000109, -44.989386403999958 ], [ 167.691767281000011, -44.989575190999972 ], [ 167.692020999000079, -44.989978621999967 ], [ 167.692326161000096, -44.990136990999986 ], [ 167.692810559000122, -44.99024174699997 ], [ 167.693145721000064, -44.990071589999957 ], [ 167.693278337000038, -44.989892117999943 ], [ 167.693546250000054, -44.98982196299994 ], [ 167.693885974000068, -44.989920059999974 ], [ 167.694129520000047, -44.99011682899993 ], [ 167.694858293000038, -44.990727663999962 ], [ 167.695507771000052, -44.991252374999931 ], [ 167.696551125000042, -44.991918895999959 ], [ 167.697126936000018, -44.992295877999936 ], [ 167.697782072000109, -44.992758975999948 ], [ 167.697946129000115, -44.993508791999943 ], [ 167.697670708000032, -44.993661088999943 ], [ 167.697362601000123, -44.993853121999962 ], [ 167.696549442000105, -44.994166274999941 ], [ 167.696148894000089, -44.994415913999944 ], [ 167.695981720000077, -44.994655656999953 ], [ 167.695966727000041, -44.994819917999962 ], [ 167.696106622000116, -44.995197486999984 ], [ 167.696912927000085, -44.995914963999951 ], [ 167.697773582000082, -44.996036983999943 ], [ 167.698405447000027, -44.996437150999952 ], [ 167.699928631000034, -44.997579290999965 ], [ 167.700188905000118, -44.997825256999931 ], [ 167.699742707000041, -44.998214061999931 ], [ 167.699525674000029, -44.998793006999961 ], [ 167.699243087000013, -44.998723078999944 ], [ 167.698640973000124, -44.998633566999956 ], [ 167.697791536000068, -44.998706659999982 ], [ 167.697703663000084, -44.998714220999943 ], [ 167.697002447000045, -44.999073761999966 ], [ 167.696534401000122, -45.000062574999959 ], [ 167.696394277000081, -45.00032417999995 ], [ 167.69634472000007, -45.000548710999965 ], [ 167.696660149000081, -45.000913724999975 ], [ 167.697571897000103, -45.002069027999937 ], [ 167.69805959100006, -45.002636242999984 ], [ 167.697821366000085, -45.003252319999945 ], [ 167.697185790000049, -45.005202503999953 ], [ 167.696812429000033, -45.008440739999969 ], [ 167.696189883000102, -45.010873984999932 ], [ 167.696467430000098, -45.012812008999958 ], [ 167.697241570000074, -45.016359923999971 ], [ 167.697376856000119, -45.017245370999944 ], [ 167.697738171000083, -45.017969850999975 ], [ 167.698208064000028, -45.018446818999962 ], [ 167.699243640000077, -45.018837065999946 ], [ 167.700407301000041, -45.019792248999977 ], [ 167.700639038000077, -45.019951664999951 ], [ 167.702032319000068, -45.020899344999975 ], [ 167.703880259000016, -45.021845293999945 ], [ 167.705254150000087, -45.023033839999982 ], [ 167.705630432000021, -45.02335934599995 ], [ 167.705732672000067, -45.023549699999933 ], [ 167.706171092000091, -45.024365952999972 ], [ 167.705991014000119, -45.024496818999978 ], [ 167.705926501000022, -45.024885615999949 ], [ 167.706084257000043, -45.025387695999939 ], [ 167.706543662000058, -45.026089172999946 ], [ 167.707018050000102, -45.026626384999986 ], [ 167.70712130000004, -45.026662600999941 ], [ 167.707573934000038, -45.028020392999963 ], [ 167.70808425700011, -45.030113307999954 ], [ 167.707797493000044, -45.032300446999955 ], [ 167.706915803000015, -45.03344586999998 ], [ 167.706143476000079, -45.034506102999956 ], [ 167.704376663000062, -45.036796730999981 ], [ 167.703161720000026, -45.038350653999942 ], [ 167.702403789000073, -45.039898494999932 ], [ 167.702196210000011, -45.040709546999949 ], [ 167.702112466000017, -45.04192308599994 ], [ 167.702174276000051, -45.044347161999951 ], [ 167.702697158000092, -45.046927643999936 ], [ 167.703417699000056, -45.048371944999985 ], [ 167.704230480000092, -45.048927719999938 ], [ 167.705619864000028, -45.049717352999949 ], [ 167.707589994000045, -45.050903268999946 ], [ 167.709920952000061, -45.052809041999978 ], [ 167.713185694000117, -45.055514980999931 ], [ 167.716205870000067, -45.057573850999972 ], [ 167.718051045000038, -45.058357084999955 ], [ 167.720026482000094, -45.05970082999994 ], [ 167.722008642000105, -45.061373977999949 ], [ 167.722833487000116, -45.062412571999971 ], [ 167.724128688000064, -45.063928050999948 ], [ 167.725535997000065, -45.065367446999971 ], [ 167.727415311000073, -45.067441562999932 ], [ 167.728929504000121, -45.068633330999944 ], [ 167.729855417000067, -45.069103883999958 ], [ 167.731593189000023, -45.070129941999937 ], [ 167.73380274900012, -45.071637368999973 ], [ 167.736475220000102, -45.073458915999936 ], [ 167.738242657000114, -45.075617887999954 ], [ 167.740236565000032, -45.07761131999996 ], [ 167.742448240000044, -45.079276440999934 ], [ 167.744674633000045, -45.081429131999982 ], [ 167.746661488000086, -45.083259784999939 ], [ 167.748588521000102, -45.085295088999942 ], [ 167.748491892000061, -45.085290698999984 ], [ 167.748443124000119, -45.085829521999983 ], [ 167.748633274000099, -45.08583815999998 ], [ 167.748621083000103, -45.085972865999963 ], [ 167.748608890000014, -45.086107570999957 ], [ 167.748799043000076, -45.086116208999954 ], [ 167.748786850000101, -45.086250914999937 ], [ 167.748977004000039, -45.086259551999945 ], [ 167.748964812000054, -45.086394257999984 ], [ 167.749154965000116, -45.086402894999935 ], [ 167.74914277400012, -45.086537600999975 ], [ 167.749332928000058, -45.086546237999983 ], [ 167.749320737000062, -45.086680943999966 ], [ 167.749510891000114, -45.086689579999984 ], [ 167.749498701000107, -45.086824286999956 ], [ 167.749688856000034, -45.086832922999974 ], [ 167.749676665000038, -45.086967628999957 ], [ 167.749664476000021, -45.087102333999951 ], [ 167.749652287000117, -45.087237039999934 ], [ 167.749462130000097, -45.087228403999973 ], [ 167.74944994000009, -45.087363108999966 ], [ 167.749259785000049, -45.087354472999948 ], [ 167.749256678000052, -45.087388794999981 ], [ 167.749247593000064, -45.087489177999942 ], [ 167.749223212000061, -45.087758589999964 ], [ 167.749413369000081, -45.087767226999972 ], [ 167.749401179000074, -45.087901931999966 ], [ 167.749591336000094, -45.087910568999973 ], [ 167.749579146000087, -45.088045274999956 ], [ 167.749566956000081, -45.08817997999995 ], [ 167.749757115000079, -45.088188616999958 ], [ 167.749720546000049, -45.088592733999974 ], [ 167.74953038600006, -45.088584097999956 ], [ 167.749518195000064, -45.088718803999939 ], [ 167.749481623000065, -45.089122920999955 ], [ 167.749469433000058, -45.089257626999938 ], [ 167.749659596000015, -45.089266262999956 ], [ 167.749647406000122, -45.089400968999939 ], [ 167.750027731000046, -45.089418240999976 ], [ 167.750015543000018, -45.089552946999959 ], [ 167.750205706000088, -45.089561581999931 ], [ 167.750193517000071, -45.08969628899996 ], [ 167.750573845000076, -45.089713558999961 ], [ 167.750561657000048, -45.089848263999954 ], [ 167.750751821000108, -45.089856898999983 ], [ 167.750715257000024, -45.090261016999932 ], [ 167.750525092000089, -45.09025238199996 ], [ 167.750500714000054, -45.090521793999983 ], [ 167.750488527000016, -45.090656498999977 ], [ 167.750678694000044, -45.090665133999948 ], [ 167.750666505000027, -45.090799839999931 ], [ 167.750856673000044, -45.090808473999971 ], [ 167.750844486000119, -45.090943180999943 ], [ 167.751034654000023, -45.090951813999936 ], [ 167.751022466000109, -45.091086520999966 ], [ 167.751212635000115, -45.091095154999948 ], [ 167.751402805000112, -45.091103787999941 ], [ 167.751390618000073, -45.09123849499997 ], [ 167.751770956000087, -45.091255759999967 ], [ 167.751746585000092, -45.09152517299998 ], [ 167.751936755000088, -45.091533805999973 ], [ 167.752399969000066, -45.09173977599994 ], [ 167.752642329000082, -45.092015883999977 ], [ 167.752834853000081, -45.092251856999951 ], [ 167.753816695000069, -45.092836457999965 ], [ 167.753919008000025, -45.09284109999993 ], [ 167.754743737000013, -45.092878519999942 ], [ 167.756095732000063, -45.094603553999946 ], [ 167.757633704000114, -45.096602981999979 ], [ 167.758580843000118, -45.097885777999977 ], [ 167.75965, -45.099404044999972 ], [ 167.760832763000053, -45.101004081999974 ], [ 167.762023224000018, -45.102766778999978 ], [ 167.763102668000101, -45.104772373999936 ], [ 167.764167220000104, -45.106132592999984 ], [ 167.765359525000122, -45.108053111999936 ], [ 167.766062517000023, -45.108693566999932 ], [ 167.766996758000118, -45.10948876599997 ], [ 167.768630067000117, -45.110757456999977 ], [ 167.770014456000013, -45.111221317999934 ], [ 167.771277267000073, -45.11144524599996 ], [ 167.772544533000087, -45.111831646999974 ], [ 167.774040356000114, -45.111741424999934 ], [ 167.774177030000033, -45.111733179999931 ], [ 167.774253884000018, -45.11172854299997 ], [ 167.775318865000031, -45.111780468999939 ], [ 167.775512246000062, -45.111789895999948 ], [ 167.776082808000069, -45.111781811999947 ], [ 167.776847848000102, -45.111770967999973 ], [ 167.776839123000059, -45.111867846999985 ], [ 167.777029366000079, -45.111876437999967 ], [ 167.777017234000027, -45.112011145999929 ], [ 167.777207477000047, -45.112019736999969 ], [ 167.777171083000098, -45.112423860999968 ], [ 167.777361328000097, -45.112432450999961 ], [ 167.777349197000035, -45.11256715899998 ], [ 167.777729687000033, -45.112584338999966 ], [ 167.777717557000074, -45.112719047999974 ], [ 167.778478539000048, -45.112753402999942 ], [ 167.778466410000078, -45.112888111999951 ], [ 167.780368874000033, -45.112973978999946 ], [ 167.780380998000055, -45.112839270999984 ], [ 167.780951737000123, -45.112865024999962 ], [ 167.780963860000043, -45.112730315999954 ], [ 167.781154106000031, -45.112738899999954 ], [ 167.781166226000096, -45.112604190999946 ], [ 167.781546718000072, -45.112621357999956 ], [ 167.781558839000013, -45.112486648999948 ], [ 167.781749084000012, -45.112495232999947 ], [ 167.781761205000066, -45.11236052299995 ], [ 167.781951450000065, -45.11236910699995 ], [ 167.781963570000016, -45.112234396999952 ], [ 167.782153814000026, -45.112242979999962 ], [ 167.782157237000092, -45.112204935999955 ], [ 167.784090507000087, -45.112231157999986 ], [ 167.785197287000074, -45.112385223999979 ], [ 167.785185621000096, -45.112514961999977 ], [ 167.785375868000074, -45.112523539999984 ], [ 167.785351644000116, -45.112792957999943 ], [ 167.785541891000094, -45.112801533999971 ], [ 167.785529779000058, -45.112936242999979 ], [ 167.785910274000116, -45.112953394999977 ], [ 167.78589816300007, -45.113088103999985 ], [ 167.786278660000107, -45.113105255999983 ], [ 167.786266549000061, -45.113239964999934 ], [ 167.786647047000088, -45.113257114999954 ], [ 167.786634937000031, -45.113391823999962 ], [ 167.787395935000063, -45.113426119999986 ], [ 167.787383827000099, -45.113560828999937 ], [ 167.78795457700005, -45.113586547999944 ], [ 167.787942471000065, -45.113721256999952 ], [ 167.788513223000109, -45.11374697399998 ], [ 167.788501118000113, -45.113881682999931 ], [ 167.789642625000056, -45.113933105999934 ], [ 167.789630523000028, -45.114067815999931 ], [ 167.79096228700007, -45.114127794999945 ], [ 167.790950187000021, -45.114262504999942 ], [ 167.791330693000077, -45.11427963899996 ], [ 167.79131859600011, -45.114414348999958 ], [ 167.791508848000035, -45.114422914999977 ], [ 167.791496751000068, -45.114557625999964 ], [ 167.791877259000103, -45.114574757999947 ], [ 167.791865161000032, -45.114709467999944 ], [ 167.793127243000072, -45.114766283999984 ], [ 167.793194691000053, -45.114794501999938 ], [ 167.793172756000104, -45.115038840999944 ], [ 167.7933630120001, -45.115047403999938 ], [ 167.793350918000101, -45.115182113999936 ], [ 167.793541175000087, -45.11519067699993 ], [ 167.793529082000077, -45.115325386999984 ], [ 167.793719338000074, -45.115333949999979 ], [ 167.793707246000054, -45.115468659999976 ], [ 167.794087760000025, -45.115485785999965 ], [ 167.794075667000016, -45.115620495999963 ], [ 167.794265925000104, -45.115629057999968 ], [ 167.794253834000074, -45.115763767999965 ], [ 167.794444092000049, -45.11577232999997 ], [ 167.794432001000018, -45.115907039999968 ], [ 167.794622259000107, -45.115915600999983 ], [ 167.79451344000006, -45.117127991999951 ], [ 167.79375238800003, -45.117093743999931 ], [ 167.793740296000124, -45.117228453999985 ], [ 167.793550033000088, -45.117219890999934 ], [ 167.793453282000087, -45.118297569999982 ], [ 167.793643548000091, -45.118306133999965 ], [ 167.793619360000093, -45.118575552999971 ], [ 167.793809628000076, -45.118584115999965 ], [ 167.793700785000055, -45.119796506999933 ], [ 167.793510514000104, -45.119787942999949 ], [ 167.793462136000016, -45.120326782999939 ], [ 167.79365240900006, -45.120335345999933 ], [ 167.793616127000064, -45.120739475999983 ], [ 167.793806402000087, -45.120748038999977 ], [ 167.79377012000009, -45.12115216899997 ], [ 167.793960395000113, -45.121160730999975 ], [ 167.793936208000105, -45.12143015099997 ], [ 167.794126486000096, -45.121438712999975 ], [ 167.794114392000097, -45.121573422999973 ], [ 167.794304670000088, -45.121581984999978 ], [ 167.794280484000069, -45.121851404999973 ], [ 167.79447076200006, -45.121859966999978 ], [ 167.794398206000096, -45.122668227999952 ], [ 167.794588487000055, -45.122676789999957 ], [ 167.794552209000017, -45.12308091999995 ], [ 167.794742493000058, -45.123089479999976 ], [ 167.794730401000038, -45.123224189999974 ], [ 167.795110967000028, -45.123241312999937 ], [ 167.795098875000122, -45.123376022999935 ], [ 167.796240579000028, -45.123427379999953 ], [ 167.796228491000079, -45.12356208999995 ], [ 167.796799345000068, -45.123587764999968 ], [ 167.796787257000119, -45.123722474999965 ], [ 167.796977543000025, -45.123731032999956 ], [ 167.796965455000077, -45.123865743999943 ], [ 167.797155741000097, -45.123874299999954 ], [ 167.797143653000035, -45.124009010999941 ], [ 167.797333941000034, -45.124017566999953 ], [ 167.797321855000064, -45.12415227799994 ], [ 167.797512141000084, -45.124160834999941 ], [ 167.797500055000114, -45.124295544999939 ], [ 167.797690342000124, -45.12430410199994 ], [ 167.79767825700003, -45.124438811999937 ], [ 167.797868544000039, -45.124447367999949 ], [ 167.797856459000059, -45.124582078999936 ], [ 167.798046747000058, -45.124590633999958 ], [ 167.798022578000086, -45.124860054999942 ], [ 167.798212867000075, -45.124868609999965 ], [ 167.798200783000084, -45.125003320999951 ], [ 167.798391072000072, -45.125011875999974 ], [ 167.79836690400009, -45.125281296999958 ], [ 167.798557194000068, -45.12528985199998 ], [ 167.798545111000067, -45.125424561999978 ], [ 167.798735402000034, -45.125433116999943 ], [ 167.798723318000043, -45.125567826999941 ], [ 167.798913610000113, -45.125576381999963 ], [ 167.7988894450001, -45.125845802999947 ], [ 167.799079738000046, -45.12585435699998 ], [ 167.799067655000044, -45.125989067999967 ], [ 167.799257948000104, -45.125997621999943 ], [ 167.799245866000092, -45.126132331999941 ], [ 167.799436159000038, -45.126140885999973 ], [ 167.799399914000105, -45.126545016999955 ], [ 167.79959020900003, -45.126553569999942 ], [ 167.799553963000108, -45.12695770199997 ], [ 167.799744260000011, -45.126966254999957 ], [ 167.799732179000102, -45.127100965999944 ], [ 167.79992247600012, -45.12710951899993 ], [ 167.799898313000085, -45.127378939999971 ], [ 167.800088612000081, -45.127387490999979 ], [ 167.800064451000026, -45.127656912999953 ], [ 167.800254747000054, -45.12766546499995 ], [ 167.800218507000068, -45.128069595999932 ], [ 167.800408805000075, -45.128078147999986 ], [ 167.800396726000031, -45.128212857999983 ], [ 167.800587024000038, -45.128221409999981 ], [ 167.800550785000041, -45.128625541999952 ], [ 167.800741085000027, -45.12863409299996 ], [ 167.800668609000013, -45.129442356999959 ], [ 167.800858911000091, -45.129450906999978 ], [ 167.800822675000063, -45.129855039999939 ], [ 167.80101297900012, -45.129863589999957 ], [ 167.800976742000103, -45.130267721999985 ], [ 167.801167048000025, -45.130276271999946 ], [ 167.80113081200011, -45.130680404999964 ], [ 167.801321119000022, -45.130688954999982 ], [ 167.801236569000025, -45.131631929999969 ], [ 167.801426879000019, -45.131640478999941 ], [ 167.801366487000109, -45.132314032999943 ], [ 167.801556800000071, -45.132322582999961 ], [ 167.801327305000086, -45.134882086999937 ], [ 167.801136983000106, -45.134873536999976 ], [ 167.801112824000029, -45.13514295899995 ], [ 167.800922501000059, -45.135134407999942 ], [ 167.800898342000096, -45.135403828999983 ], [ 167.800708018000023, -45.135395278999965 ], [ 167.800671775000069, -45.135799410999937 ], [ 167.80048145100011, -45.135790859999986 ], [ 167.800445206000063, -45.136194991999957 ], [ 167.800254881000114, -45.13618643999996 ], [ 167.800218634000089, -45.136590571999932 ], [ 167.800028307000048, -45.136582019999935 ], [ 167.799979975000042, -45.137120861999961 ], [ 167.799789645000033, -45.137112308999974 ], [ 167.799777561000042, -45.137247019999961 ], [ 167.799967892000041, -45.137255571999958 ], [ 167.799955809000039, -45.137390282999945 ], [ 167.800146140000038, -45.137398834999942 ], [ 167.800109891000034, -45.137802966999971 ], [ 167.800300222000033, -45.137811518999968 ], [ 167.800288139000031, -45.137946228999965 ], [ 167.800097808000032, -45.137937676999968 ], [ 167.799952808000057, -45.139554203999978 ], [ 167.799762469000029, -45.139545650999935 ], [ 167.799714132000076, -45.140084492999961 ], [ 167.799523792000059, -45.140075938999985 ], [ 167.799499623000088, -45.140345359999969 ], [ 167.799309281000092, -45.140336806999983 ], [ 167.799285111000017, -45.140606227999967 ], [ 167.799094769000021, -45.140597673999935 ], [ 167.799070596000092, -45.140867094999976 ], [ 167.798880253000107, -45.140858539999954 ], [ 167.798868167000023, -45.140993250999941 ], [ 167.798677824000038, -45.140984695999975 ], [ 167.798665737000078, -45.141119405999973 ], [ 167.798475393000103, -45.14111085199994 ], [ 167.798463305000041, -45.141245560999948 ], [ 167.798082617000091, -45.141228450999961 ], [ 167.798058440000091, -45.141497870999956 ], [ 167.797868096000116, -45.141489314999944 ], [ 167.797843917000023, -45.141758735999986 ], [ 167.797653572000058, -45.141750178999985 ], [ 167.79764148300012, -45.141884889999972 ], [ 167.797451136000063, -45.141876332999971 ], [ 167.797426956000095, -45.142145753999955 ], [ 167.797236609000038, -45.142137195999965 ], [ 167.797224518000121, -45.142271906999952 ], [ 167.79721242800008, -45.142406616999949 ], [ 167.797022079000044, -45.142398058999959 ], [ 167.796985805000077, -45.142802189999941 ], [ 167.79679545700003, -45.14279363199995 ], [ 167.796771273000104, -45.143063051999945 ], [ 167.796580923000079, -45.143054492999966 ], [ 167.796568830000069, -45.143189203999952 ], [ 167.796378481000033, -45.143180645999962 ], [ 167.796354294000025, -45.143450065999957 ], [ 167.796163943000124, -45.143441506999977 ], [ 167.796151850000115, -45.143576216999975 ], [ 167.7959614990001, -45.143567657999938 ], [ 167.795937310000113, -45.143837077999933 ], [ 167.795746958000109, -45.143828517999964 ], [ 167.79571067400002, -45.144232647999956 ], [ 167.795520320000037, -45.14422408799993 ], [ 167.795496129000071, -45.144493507999982 ], [ 167.795305776000077, -45.144484947999956 ], [ 167.795281584000122, -45.144754366999962 ], [ 167.795091228000047, -45.144745805999946 ], [ 167.795067035000102, -45.145015226999931 ], [ 167.794876680000016, -45.145006664999983 ], [ 167.794840388000011, -45.145410794999975 ], [ 167.79465003200005, -45.14540223299997 ], [ 167.794613738000066, -45.145806362999963 ], [ 167.794423379000023, -45.145797800999958 ], [ 167.794374986000093, -45.146336639999959 ], [ 167.79418462600006, -45.146328077999954 ], [ 167.794160427000065, -45.146597497999949 ], [ 167.793970067000032, -45.146588934999954 ], [ 167.793945867000048, -45.14685835399996 ], [ 167.793755506000025, -45.146849790999966 ], [ 167.7937434050001, -45.146984500999963 ], [ 167.793553043000088, -45.146975936999979 ], [ 167.793528842000114, -45.147245356999974 ], [ 167.793338479000113, -45.147236792999934 ], [ 167.793326378000074, -45.147371502999931 ], [ 167.793136014000083, -45.147362938999947 ], [ 167.793111810000028, -45.147632357999953 ], [ 167.792921447000026, -45.147623793999969 ], [ 167.792909344000122, -45.147758503999967 ], [ 167.792718979000028, -45.147749938999937 ], [ 167.792706877000114, -45.147884648999934 ], [ 167.792516511000031, -45.147876082999971 ], [ 167.792504409000117, -45.148010793999958 ], [ 167.792314043000033, -45.148002227999939 ], [ 167.792301938000037, -45.148136936999947 ], [ 167.792111573000057, -45.148128370999984 ], [ 167.79209946800006, -45.148263080999982 ], [ 167.79190910300008, -45.148254514999962 ], [ 167.79184857700011, -45.148928061999982 ], [ 167.791658210000037, -45.148919495999962 ], [ 167.79162189300007, -45.149323623999976 ], [ 167.791431523000028, -45.149315057999956 ], [ 167.791419417000043, -45.149449766999965 ], [ 167.791229047000115, -45.149441199999956 ], [ 167.791204833000052, -45.149710618999961 ], [ 167.791014462000021, -45.149702050999963 ], [ 167.790990248000071, -45.149971468999979 ], [ 167.790799876000051, -45.14996290199997 ], [ 167.790775660000122, -45.150232320999976 ], [ 167.790585288000102, -45.150223751999931 ], [ 167.790536853000049, -45.150762588999953 ], [ 167.79034647900005, -45.150754019999965 ], [ 167.790261714000053, -45.151696984999944 ], [ 167.790071336000096, -45.151688415999956 ], [ 167.790028853000081, -45.15216099099996 ], [ 167.788742772000091, -45.153319284999952 ], [ 167.788387862000036, -45.153641443999959 ], [ 167.788364627000078, -45.153662532999931 ], [ 167.788245896000035, -45.153770304999966 ], [ 167.788156480000112, -45.15385146899996 ], [ 167.787961966000012, -45.15402802899996 ], [ 167.787948332000042, -45.154040403999943 ], [ 167.787819999000021, -45.154156890999957 ], [ 167.787740184000086, -45.154229338999983 ], [ 167.78767803300002, -45.154285753999943 ], [ 167.787544494000031, -45.154279739999936 ], [ 167.787532377000048, -45.154414448999944 ], [ 167.787341991000062, -45.154405875999942 ], [ 167.78732987300009, -45.15454058499995 ], [ 167.787139487000104, -45.154532010999958 ], [ 167.787127370000121, -45.154666718999977 ], [ 167.786746596000057, -45.154649569999947 ], [ 167.786734478000085, -45.154784278999955 ], [ 167.78654409000012, -45.154775702999984 ], [ 167.786531972000034, -45.154910411999936 ], [ 167.786341585000059, -45.154901836999954 ], [ 167.786329464000119, -45.155036545999963 ], [ 167.785948689000065, -45.155019393999964 ], [ 167.785936568000011, -45.155154101999983 ], [ 167.785555791000093, -45.155136949999985 ], [ 167.785543671000028, -45.155271657999947 ], [ 167.78516289300012, -45.15525450399997 ], [ 167.785150771000076, -45.155389212999978 ], [ 167.784960382000122, -45.155380634999972 ], [ 167.784948259000089, -45.155515342999934 ], [ 167.784567481000067, -45.155498186999978 ], [ 167.784555357000045, -45.15563289499994 ], [ 167.784174577000044, -45.155615737999938 ], [ 167.784162453000022, -45.155750445999956 ], [ 167.783972063000078, -45.155741866999961 ], [ 167.783959937000077, -45.155876574999979 ], [ 167.783769548000123, -45.155867994999937 ], [ 167.783757421000018, -45.156002703999945 ], [ 167.783567031000075, -45.15599412399996 ], [ 167.783554905000074, -45.156128832999968 ], [ 167.783364513000038, -45.156120251999937 ], [ 167.783340259000056, -45.156389668999964 ], [ 167.783149868000123, -45.156381087999932 ], [ 167.783125612000049, -45.15665050399997 ], [ 167.782935220000013, -45.156641923999985 ], [ 167.782923093000022, -45.156776631999946 ], [ 167.782732699000121, -45.156768050999972 ], [ 167.782720571000027, -45.156902757999944 ], [ 167.782530177000012, -45.15689417699997 ], [ 167.782518048000043, -45.157028884999932 ], [ 167.782327654000028, -45.157020302999967 ], [ 167.782315524000069, -45.157155010999929 ], [ 167.782125130000054, -45.157146428999965 ], [ 167.782113, -45.157281136999984 ], [ 167.781732211000076, -45.157263970999963 ], [ 167.781720079000024, -45.157398678999982 ], [ 167.781529685000123, -45.157390095999972 ], [ 167.781517554000061, -45.157524803999934 ], [ 167.781327158000067, -45.157516219999934 ], [ 167.781315026000016, -45.157650927999953 ], [ 167.781124630000022, -45.157642343999953 ], [ 167.781112498000084, -45.157777051999972 ], [ 167.780922101000101, -45.157768467999972 ], [ 167.78090996800006, -45.157903175999934 ], [ 167.780719572000066, -45.157894590999945 ], [ 167.780707438000036, -45.158029298999963 ], [ 167.780517041000053, -45.158020713999974 ], [ 167.780504907000022, -45.158155420999947 ], [ 167.78031450900005, -45.158146835999958 ], [ 167.780302375000019, -45.158281543999976 ], [ 167.780111977000047, -45.15827295899993 ], [ 167.780099842000027, -45.15840766599996 ], [ 167.779909444000054, -45.158399079999981 ], [ 167.779897309000035, -45.158533787999943 ], [ 167.779706911000062, -45.158525201999964 ], [ 167.779694775000053, -45.158659909999983 ], [ 167.779504376000091, -45.158651321999969 ], [ 167.779492239000092, -45.158786029999931 ], [ 167.779301840000016, -45.158777442999963 ], [ 167.779289703000018, -45.158912150999981 ], [ 167.779099303000066, -45.158903563999957 ], [ 167.77907502700009, -45.159172979999937 ], [ 167.778884627000025, -45.159164390999933 ], [ 167.778872489000037, -45.159299098999952 ], [ 167.778491687000042, -45.159281921999934 ], [ 167.778467409000086, -45.159551337999972 ], [ 167.778277007000042, -45.159542748999968 ], [ 167.778264868000065, -45.15967745699993 ], [ 167.778074465000032, -45.159668866999937 ], [ 167.778062326000054, -45.159803574999955 ], [ 167.777681520000101, -45.159786395999959 ], [ 167.77766938000002, -45.159921102999931 ], [ 167.777478976000111, -45.159912512999938 ], [ 167.777454693000095, -45.160181927999986 ], [ 167.777264290000062, -45.160173336999947 ], [ 167.777252147000013, -45.160308044999965 ], [ 167.777061743000104, -45.160299453999983 ], [ 167.777049600000055, -45.160434160999955 ], [ 167.776859196000032, -45.160425570999962 ], [ 167.776847052000107, -45.160560277999934 ], [ 167.776656648000085, -45.160551686999952 ], [ 167.776644505000036, -45.160686393999981 ], [ 167.776454099000034, -45.160677801999952 ], [ 167.776441956000099, -45.160812508999982 ], [ 167.776251549000108, -45.160803916999953 ], [ 167.776227260000041, -45.161073331999944 ], [ 167.77603685400004, -45.161064738999983 ], [ 167.776024708000023, -45.161199446999944 ], [ 167.775834302000021, -45.161190852999937 ], [ 167.7758100100001, -45.161460268999974 ], [ 167.775619603000109, -45.161451674999967 ], [ 167.775595310000085, -45.161721089999958 ], [ 167.775404901000115, -45.16171249599995 ], [ 167.775368460000095, -45.16211661799997 ], [ 167.775178051000012, -45.162108023999963 ], [ 167.775153755000019, -45.162377438999954 ], [ 167.77496334500006, -45.162368843999957 ], [ 167.774951196000075, -45.162503551999976 ], [ 167.774760786000115, -45.162494956999979 ], [ 167.77473648800003, -45.16276437199997 ], [ 167.774546076000092, -45.162755775999983 ], [ 167.774533927000107, -45.162890483999945 ], [ 167.774153102000014, -45.162873291999972 ], [ 167.774140952000039, -45.163007998999944 ], [ 167.77376012700006, -45.162990806999971 ], [ 167.773747977000085, -45.163125513999944 ], [ 167.773557563000054, -45.163116916999968 ], [ 167.773533260000022, -45.16338633099997 ], [ 167.773723673000063, -45.163394928999935 ], [ 167.773675068000102, -45.163933756999938 ], [ 167.773484652000093, -45.163925159999962 ], [ 167.773460348000071, -45.164194573999964 ], [ 167.773269933000051, -45.164185976999931 ], [ 167.773245628000041, -45.164455390999933 ], [ 167.773055210000052, -45.164446793999957 ], [ 167.773030903000063, -45.164716207999959 ], [ 167.772840485000074, -45.164707609999937 ], [ 167.772816177000095, -45.164977023999938 ], [ 167.772625759000107, -45.164968425999973 ], [ 167.772601451000014, -45.165237838999985 ], [ 167.772411031000047, -45.165229240999963 ], [ 167.772386722000078, -45.165498653999975 ], [ 167.772196301000122, -45.165490054999964 ], [ 167.772171989000071, -45.165759469999955 ], [ 167.771981568000115, -45.165750869999954 ], [ 167.771957256000064, -45.166020283999956 ], [ 167.771766834000118, -45.166011683999955 ], [ 167.771754677000104, -45.166146390999984 ], [ 167.771564254000054, -45.166137789999937 ], [ 167.771539941000015, -45.166407203999938 ], [ 167.77134951700009, -45.166398603999937 ], [ 167.771337360000075, -45.166533310999966 ], [ 167.771146936000036, -45.166524709999976 ], [ 167.771134778000032, -45.166659416999948 ], [ 167.770944353000118, -45.166650815999958 ], [ 167.770932194000011, -45.166785521999941 ], [ 167.770741770000086, -45.166776919999961 ], [ 167.770729611000093, -45.166911626999934 ], [ 167.770539186000065, -45.166903024999954 ], [ 167.770527026000082, -45.167037731999983 ], [ 167.770146175000036, -45.167020526999977 ], [ 167.770134015000053, -45.16715523299996 ], [ 167.769943590000025, -45.167146629999934 ], [ 167.769931428000064, -45.167281336999963 ], [ 167.769741002000046, -45.167272733999937 ], [ 167.769728841000074, -45.167407439999977 ], [ 167.76934798700006, -45.167390232999935 ], [ 167.769335825000098, -45.167524939999964 ], [ 167.769145398000092, -45.167516335999949 ], [ 167.769133235000027, -45.167651041999932 ], [ 167.76894280800002, -45.167642436999984 ], [ 167.768930645000069, -45.167777143999956 ], [ 167.768740216000083, -45.167768538999951 ], [ 167.768728052000029, -45.167903244999934 ], [ 167.768537625000022, -45.167894639999986 ], [ 167.768525459000102, -45.168029346999958 ], [ 167.768335031000106, -45.168020740999964 ], [ 167.768322867000052, -45.168155446999947 ], [ 167.768132438000066, -45.168146840999952 ], [ 167.768120272000033, -45.168281547999982 ], [ 167.767929843000047, -45.16827294199993 ], [ 167.767917677000014, -45.16840764799997 ], [ 167.767727247000039, -45.16839904099993 ], [ 167.767702914000097, -45.168668453999942 ], [ 167.767512483000019, -45.168659846999958 ], [ 167.767488149000087, -45.16892925999997 ], [ 167.767297717000019, -45.16892065299993 ], [ 167.767273382000099, -45.169190064999952 ], [ 167.767082950000031, -45.169181456999979 ], [ 167.767046445000119, -45.169585575999974 ], [ 167.766856012000062, -45.169576968999934 ], [ 167.76683167300007, -45.169846380999957 ], [ 167.766641239000023, -45.169837772999983 ], [ 167.766629070000022, -45.169972478999966 ], [ 167.766248201000053, -45.169955259999938 ], [ 167.766236030000073, -45.170089966999967 ], [ 167.765474291000032, -45.170055526999931 ], [ 167.765462119000063, -45.170190232999971 ], [ 167.764890813000079, -45.17016439899993 ], [ 167.76487864000012, -45.17029910499997 ], [ 167.764497769000059, -45.170281880999937 ], [ 167.764485594000121, -45.170416586999977 ], [ 167.764295158000095, -45.170407974999932 ], [ 167.764282983000044, -45.170542680999972 ], [ 167.764092548000121, -45.170534067999938 ], [ 167.76408037200008, -45.170668773999978 ], [ 167.763889935000066, -45.170660160999944 ], [ 167.763877759000025, -45.170794866999984 ], [ 167.763687322000123, -45.17078625299996 ], [ 167.763675145000093, -45.170920958999943 ], [ 167.763484707000089, -45.170912344999977 ], [ 167.763472531000048, -45.17104705099996 ], [ 167.763282093000043, -45.171038436999936 ], [ 167.763257738000107, -45.171307848999959 ], [ 167.763067299000113, -45.171299233999946 ], [ 167.763055120000104, -45.171433939999986 ], [ 167.76286468100011, -45.171425324999973 ], [ 167.76285250400008, -45.171560030999956 ], [ 167.762662064000097, -45.171551415999943 ], [ 167.762649884000098, -45.171686121999983 ], [ 167.762459445000104, -45.17167750599998 ], [ 167.762447265000105, -45.171812211999963 ], [ 167.762256824000019, -45.171803595999961 ], [ 167.762232464000022, -45.172073007999984 ], [ 167.762042023000049, -45.172064390999935 ], [ 167.762029842000061, -45.172199096999975 ], [ 167.761839401000088, -45.172190479999983 ], [ 167.7618272200001, -45.172325185999966 ], [ 167.761636778000025, -45.172316568999975 ], [ 167.761624596000047, -45.172451274999958 ], [ 167.761434154000085, -45.172442657999966 ], [ 167.761421971000118, -45.172577362999959 ], [ 167.761231529000042, -45.172568744999978 ], [ 167.761219347000065, -45.172703450999961 ], [ 167.761028904000113, -45.17269483299998 ], [ 167.761016720000043, -45.172829537999974 ], [ 167.760826277000092, -45.172820919999936 ], [ 167.760801909000065, -45.173090330999969 ], [ 167.760611465000011, -45.173081712999931 ], [ 167.760599280000065, -45.173216417999981 ], [ 167.760408836000124, -45.173207798999954 ], [ 167.760396650000075, -45.173342504999937 ], [ 167.760206206000021, -45.173333884999977 ], [ 167.760194021000075, -45.17346859099996 ], [ 167.760003576000031, -45.173459970999943 ], [ 167.759991389000106, -45.173594676999983 ], [ 167.759800944000062, -45.173586055999976 ], [ 167.759776570000099, -45.173855467999942 ], [ 167.759586124000066, -45.173846847999982 ], [ 167.759573936000038, -45.173981552999976 ], [ 167.759383490000118, -45.17397293199997 ], [ 167.75937130300008, -45.174107636999963 ], [ 167.759180854000078, -45.174099015999957 ], [ 167.75916866700004, -45.17423372099995 ], [ 167.758978219000028, -45.174225100999934 ], [ 167.758966030000124, -45.174359805999984 ], [ 167.758775582000112, -45.174351183999931 ], [ 167.758763394000084, -45.174485888999982 ], [ 167.758382496000081, -45.174468644999934 ], [ 167.758370307000064, -45.174603349999984 ], [ 167.758179859000052, -45.174594726999942 ], [ 167.758168294000029, -45.174722506999956 ], [ 167.758150977000014, -45.174728675999972 ], [ 167.757993729000077, -45.174784694999971 ], [ 167.757970591000117, -45.174794033999945 ], [ 167.757833069000071, -45.174849537999933 ], [ 167.757772111000122, -45.174874140999975 ], [ 167.755502820000061, -45.175789994999946 ], [ 167.752106561000119, -45.176970644999983 ], [ 167.7491543000001, -45.177824151999971 ], [ 167.745971280000049, -45.178513835999979 ], [ 167.742783467000095, -45.179045431999953 ], [ 167.740051924000113, -45.179570596999952 ], [ 167.7373224050001, -45.180091285999936 ], [ 167.734358179000083, -45.18045696799993 ], [ 167.731685638000044, -45.180560800999956 ], [ 167.73162955600003, -45.180562979999934 ], [ 167.731044199000053, -45.180585711999981 ], [ 167.729297718000112, -45.180722628999945 ], [ 167.728318124000111, -45.180678025999953 ], [ 167.726912568000103, -45.179996331999973 ], [ 167.724492534000092, -45.179304456999944 ], [ 167.723725832000014, -45.179148161999933 ], [ 167.723728731000051, -45.17911633999995 ], [ 167.723538273000031, -45.179107658999953 ], [ 167.723550547000059, -45.178972957999974 ], [ 167.723360090000028, -45.178964276999977 ], [ 167.723372364000056, -45.178829575999941 ], [ 167.723181906000036, -45.178820893999955 ], [ 167.723194181000054, -45.178686192999976 ], [ 167.722051443000055, -45.178634096999986 ], [ 167.722063720000051, -45.17849939599995 ], [ 167.721492353000031, -45.17847334399994 ], [ 167.721504631000016, -45.178338642999961 ], [ 167.720552356000098, -45.17829521699997 ], [ 167.720540077000123, -45.17842991699996 ], [ 167.72009639700002, -45.178409681999938 ], [ 167.718170969000084, -45.178019753999934 ], [ 167.717716403000054, -45.17793620599997 ], [ 167.717720117000113, -45.177895487999933 ], [ 167.71752966400004, -45.177886796999985 ], [ 167.717541951000044, -45.177752095999949 ], [ 167.717351500000063, -45.177743404999944 ], [ 167.717363787000068, -45.177608704999955 ], [ 167.716982884000117, -45.177591320999966 ], [ 167.7169951730001, -45.17745661999993 ], [ 167.716614270000036, -45.177439234999952 ], [ 167.716626559000019, -45.177304535999951 ], [ 167.716245657000059, -45.177287149999984 ], [ 167.71625794800002, -45.177152448999948 ], [ 167.716067498000029, -45.177143754999975 ], [ 167.716079788000116, -45.177009054999985 ], [ 167.715698890000112, -45.176991666999982 ], [ 167.715711182000064, -45.176856966999935 ], [ 167.715520733000062, -45.176848272999962 ], [ 167.715533025000013, -45.176713572999972 ], [ 167.715342576000012, -45.176704877999953 ], [ 167.715367161000017, -45.176435476999984 ], [ 167.715176713000119, -45.176426781999965 ], [ 167.71518900600006, -45.176292081999975 ], [ 167.714998559000037, -45.176283386999955 ], [ 167.715010852000091, -45.176148686999966 ], [ 167.714820405000069, -45.176139990999957 ], [ 167.714832698000123, -45.176005290999967 ], [ 167.71464225200009, -45.175996594999958 ], [ 167.71465454600002, -45.175861893999979 ], [ 167.71446410100009, -45.17585319799997 ], [ 167.71447639500002, -45.175718497999981 ], [ 167.71428595000009, -45.175709801999972 ], [ 167.71429824400002, -45.175575100999936 ], [ 167.714107800000079, -45.175566404999984 ], [ 167.714132389000042, -45.175297003999958 ], [ 167.713941946000091, -45.175288307999949 ], [ 167.713966536000044, -45.175018906999981 ], [ 167.713776093000092, -45.175010209999982 ], [ 167.713800685000024, -45.174740809999946 ], [ 167.713610244000051, -45.174732111999958 ], [ 167.713634835000107, -45.174462711999979 ], [ 167.713444394000021, -45.174454013999934 ], [ 167.713456690000044, -45.174319313999945 ], [ 167.713266250000061, -45.174310615999957 ], [ 167.713278548000062, -45.174175914999978 ], [ 167.712897668000096, -45.174158517999956 ], [ 167.712909966000097, -45.174023817999966 ], [ 167.712719526000114, -45.174015118999932 ], [ 167.712731825000105, -45.173880419999932 ], [ 167.712350947000118, -45.173863020999931 ], [ 167.712363246000109, -45.173728319999952 ], [ 167.711982370000101, -45.173710919999962 ], [ 167.711994669000092, -45.173576219999973 ], [ 167.711804232000077, -45.173567519999949 ], [ 167.711816532000057, -45.17343281999996 ], [ 167.711626095000042, -45.173424118999947 ], [ 167.711650695000117, -45.173154718999967 ], [ 167.711460260000081, -45.173146017999954 ], [ 167.711472560000061, -45.173011317999965 ], [ 167.711282125000025, -45.173002616999952 ], [ 167.711294425000119, -45.172867916999962 ], [ 167.711103991000073, -45.17285921499996 ], [ 167.711116293000032, -45.17272451599996 ], [ 167.71092585800011, -45.172715812999968 ], [ 167.710938160000069, -45.172581113999968 ], [ 167.710747725000033, -45.172572410999976 ], [ 167.710760028000095, -45.17243771099993 ], [ 167.710569594000049, -45.172429008999984 ], [ 167.710581897000111, -45.172294308999938 ], [ 167.710391463000065, -45.172285605999946 ], [ 167.710403767000116, -45.172150905999956 ], [ 167.710022902000105, -45.172133499999973 ], [ 167.710035206000043, -45.171998799999983 ], [ 167.709654343000011, -45.171981391999964 ], [ 167.709666647000063, -45.171846691999974 ], [ 167.709476216000098, -45.171837987999936 ], [ 167.709488520000036, -45.171703287999946 ], [ 167.709298090000061, -45.171694583999965 ], [ 167.709310396000092, -45.171559883999976 ], [ 167.709119965000014, -45.171551178999948 ], [ 167.709132271000044, -45.171416478999959 ], [ 167.708941841000069, -45.171407772999942 ], [ 167.708954148000089, -45.171273073999942 ], [ 167.708763718000114, -45.171264367999981 ], [ 167.70877602500002, -45.171129668999981 ], [ 167.708585596000034, -45.171120962999964 ], [ 167.708597903000054, -45.170986262999975 ], [ 167.708407474000069, -45.170977556999958 ], [ 167.708419782000078, -45.170842856999968 ], [ 167.708229354000082, -45.170834150999951 ], [ 167.708241662000091, -45.170699451999951 ], [ 167.708051235000084, -45.170690743999955 ], [ 167.708063542000104, -45.170556044999955 ], [ 167.707873117000076, -45.170547337999949 ], [ 167.707885425000086, -45.170412637999959 ], [ 167.707694999000068, -45.170403930999953 ], [ 167.707707308000067, -45.170269231999953 ], [ 167.70751688200005, -45.170260523999957 ], [ 167.707529191000049, -45.170125823999967 ], [ 167.707338766000021, -45.170117115999972 ], [ 167.707351076000123, -45.169982416999972 ], [ 167.707160651000095, -45.169973708999976 ], [ 167.707172961000083, -45.169839008999929 ], [ 167.706982537000044, -45.169830299999944 ], [ 167.706994847000033, -45.169695600999944 ], [ 167.706804423000108, -45.169686892999948 ], [ 167.706816734000085, -45.169552192999959 ], [ 167.706626311000036, -45.169543483999973 ], [ 167.706638623000117, -45.169408783999984 ], [ 167.706448200000068, -45.169400074999942 ], [ 167.706460512000035, -45.169265374999952 ], [ 167.706270090000089, -45.169256665999967 ], [ 167.706282402000056, -45.169121966999967 ], [ 167.70609198000011, -45.169113256999935 ], [ 167.706104292000077, -45.168978556999946 ], [ 167.705913871000121, -45.168969846999971 ], [ 167.705926184000077, -45.168835146999982 ], [ 167.705735763000121, -45.16882643699995 ], [ 167.705748076000077, -45.168691736999961 ], [ 167.705367236000029, -45.168674314999976 ], [ 167.705379550000089, -45.168539615999975 ], [ 167.705189130000122, -45.168530903999965 ], [ 167.705201444000068, -45.168396204999965 ], [ 167.704820607000102, -45.168378780999944 ], [ 167.704832923000026, -45.168244081999944 ], [ 167.704642503000059, -45.168235368999945 ], [ 167.704654820000087, -45.168100669999944 ], [ 167.704273983000121, -45.168083243999945 ], [ 167.704286301000025, -45.167948544999945 ], [ 167.704095882000047, -45.167939831999945 ], [ 167.704108200000064, -45.167805132999945 ], [ 167.703917783000065, -45.167796418999956 ], [ 167.703930100000093, -45.167661719999955 ], [ 167.703739684000084, -45.167653004999977 ], [ 167.703752001000112, -45.167518306999966 ], [ 167.703561586000092, -45.167509591999931 ], [ 167.70357390300012, -45.167374893999977 ], [ 167.7033834880001, -45.167366178999941 ], [ 167.703395806000117, -45.167231478999952 ], [ 167.703205392000086, -45.167222764999963 ], [ 167.703217710000104, -45.167088065999963 ], [ 167.703027296000073, -45.167079350999984 ], [ 167.70303961500008, -45.166944651999984 ], [ 167.702849201000049, -45.166935935999959 ], [ 167.702861520000056, -45.166801236999959 ], [ 167.702671107000015, -45.16679252199998 ], [ 167.702683428000114, -45.16665782299998 ], [ 167.702493014000083, -45.166649105999966 ], [ 167.702505335000069, -45.166514407999955 ], [ 167.702314922000028, -45.166505690999941 ], [ 167.702327244000116, -45.166370991999941 ], [ 167.702136831000075, -45.166362275999973 ], [ 167.70214915300005, -45.166227576999972 ], [ 167.70176833000005, -45.166210141999954 ], [ 167.701780653000014, -45.166075443999944 ], [ 167.701399831000117, -45.166058007999936 ], [ 167.701412153000092, -45.165923308999936 ], [ 167.700269694000099, -45.165870995999967 ], [ 167.700257368000052, -45.166005693999978 ], [ 167.700066958000093, -45.165996973999938 ], [ 167.700054632000047, -45.166131672999938 ], [ 167.699673810000036, -45.166114230999938 ], [ 167.699661484000103, -45.166248929999938 ], [ 167.699471072000051, -45.166240207999977 ], [ 167.699483400000076, -45.166105509999966 ], [ 167.699102579000055, -45.166088066999976 ], [ 167.699114906000091, -45.165953367999975 ], [ 167.698924496000018, -45.165944645999957 ], [ 167.698936825000033, -45.165809946999957 ], [ 167.698746416000063, -45.165801224999939 ], [ 167.698758744000088, -45.165666526999985 ], [ 167.698568335000118, -45.165657803999977 ], [ 167.698580665000122, -45.165523105999966 ], [ 167.698390256000039, -45.165514381999969 ], [ 167.698402586000043, -45.165379683999959 ], [ 167.696308100000124, -45.165283709999983 ], [ 167.696320434000086, -45.165149011999972 ], [ 167.695749213000113, -45.165122830999962 ], [ 167.695761549000053, -45.164988132999952 ], [ 167.695571144000041, -45.16497940499994 ], [ 167.695558807000111, -45.165114102999951 ], [ 167.69536840000012, -45.165105374999939 ], [ 167.695356063000077, -45.16524007299995 ], [ 167.695165657000075, -45.165231344999938 ], [ 167.695153319000042, -45.165366042999949 ], [ 167.694962911000061, -45.165357313999948 ], [ 167.694950573000028, -45.165492011999959 ], [ 167.694760165000048, -45.165483282999958 ], [ 167.694747827000015, -45.165617979999979 ], [ 167.694367011000054, -45.165600521999977 ], [ 167.694354671000042, -45.165735219999931 ], [ 167.694164263000062, -45.16572648999994 ], [ 167.69415192200006, -45.165861187999951 ], [ 167.69377110500011, -45.165843725999935 ], [ 167.693758763000119, -45.165978424999935 ], [ 167.693568355000025, -45.165969692999965 ], [ 167.693580695000037, -45.165834995999944 ], [ 167.693009469000117, -45.165808800999969 ], [ 167.693021812000097, -45.165674101999969 ], [ 167.692831403000014, -45.165665369999942 ], [ 167.692819061000023, -45.165800067999953 ], [ 167.692438243000083, -45.165782601999979 ], [ 167.692425900000103, -45.165917299999933 ], [ 167.69204508100006, -45.165899832999969 ], [ 167.69203273700009, -45.16603453099998 ], [ 167.691080692000014, -45.16599085799993 ], [ 167.691093038000076, -45.165856159999976 ], [ 167.690902631000085, -45.165847424999981 ], [ 167.690927325000075, -45.165578029999949 ], [ 167.690736918000084, -45.165569292999976 ], [ 167.690749265000022, -45.165434595999955 ], [ 167.689797231000057, -45.165390911999964 ], [ 167.689809581000077, -45.165256213999953 ], [ 167.689428768000084, -45.16523873899996 ], [ 167.689441120000083, -45.16510404099995 ], [ 167.68906030800008, -45.165086563999978 ], [ 167.689072660000079, -45.164951866999957 ], [ 167.688691849000065, -45.164934388999939 ], [ 167.688704202000054, -45.164799690999985 ], [ 167.688323394000122, -45.164782211999977 ], [ 167.68833574700011, -45.164647514999956 ], [ 167.687764535000042, -45.164621293999971 ], [ 167.687776890000123, -45.16448659699995 ], [ 167.687396083000067, -45.164469113999985 ], [ 167.687408438000034, -45.164334415999974 ], [ 167.687218036000104, -45.16432567499993 ], [ 167.68723039200006, -45.164190977999965 ], [ 167.687039989000027, -45.164182235999931 ], [ 167.687052345000097, -45.164047538999966 ], [ 167.686671543000102, -45.164030052999976 ], [ 167.686683899000059, -45.163895355999955 ], [ 167.686493498000118, -45.163886612999931 ], [ 167.686505856000053, -45.163751915999967 ], [ 167.686125054000058, -45.163734429999977 ], [ 167.686137413000097, -45.163599732999955 ], [ 167.685947013000032, -45.163590988999943 ], [ 167.68595937200007, -45.163456291999978 ], [ 167.685768972000119, -45.163447547999965 ], [ 167.685781331000044, -45.163312850999944 ], [ 167.685590932000082, -45.163304106999931 ], [ 167.685615651000035, -45.163034711999956 ], [ 167.685425253000062, -45.163025966999953 ], [ 167.685437612000101, -45.162891270999978 ], [ 167.685247215000118, -45.162882525999976 ], [ 167.685259575000032, -45.162747828999954 ], [ 167.685069178000049, -45.162739083999952 ], [ 167.685081538000077, -45.162604386999931 ], [ 167.684319953000113, -45.162569401999974 ], [ 167.68433231500012, -45.162434705999942 ], [ 167.684141920000116, -45.162425958999961 ], [ 167.684129557000119, -45.162560654999936 ], [ 167.683177575000059, -45.162516915999959 ], [ 167.683165210000084, -45.16265161299998 ], [ 167.68297481400009, -45.162642863999963 ], [ 167.682962448000012, -45.162777560999984 ], [ 167.682772051000029, -45.162768811999968 ], [ 167.682759685000065, -45.162903507999943 ], [ 167.682378891000099, -45.162886009999966 ], [ 167.682366524000031, -45.163020705999941 ], [ 167.682176127000048, -45.163011954999945 ], [ 167.682163759000105, -45.163146651999966 ], [ 167.681973361000018, -45.16313790099997 ], [ 167.681960993000075, -45.163272597999935 ], [ 167.681580196000027, -45.163255095999943 ], [ 167.681567827000094, -45.163389792999965 ], [ 167.681377429000122, -45.16338104099998 ], [ 167.681365060000076, -45.163515737999944 ], [ 167.681174661000114, -45.163506985999959 ], [ 167.681162290000088, -45.163641681999934 ], [ 167.680781492000051, -45.163624176999974 ], [ 167.680769121000026, -45.163758873999939 ], [ 167.680578721000074, -45.163750120999964 ], [ 167.68056634900006, -45.163884816999939 ], [ 167.680375949000108, -45.163876064999954 ], [ 167.680363577000094, -45.16401075999994 ], [ 167.680173176000039, -45.164002007999954 ], [ 167.680160804000025, -45.16413670399993 ], [ 167.679970403000084, -45.164127949999965 ], [ 167.67995803000008, -45.164262645999941 ], [ 167.679767628000036, -45.164253891999977 ], [ 167.679745926000123, -45.164490140999931 ], [ 167.676412588000062, -45.163554032999969 ], [ 167.673413620000019, -45.16246463799996 ], [ 167.67042213700006, -45.161695634999944 ], [ 167.668009230000052, -45.161165119999964 ], [ 167.665482245000021, -45.160714985999959 ], [ 167.663061727000013, -45.159854903999985 ], [ 167.660398150000105, -45.158519102999946 ], [ 167.656918804000043, -45.156460193999976 ], [ 167.652740782000024, -45.153931536999949 ], [ 167.64937714600012, -45.151954365999984 ], [ 167.646482147000029, -45.150458718999971 ], [ 167.643825607000053, -45.149280653999938 ], [ 167.641275965000091, -45.147859437999955 ], [ 167.638379045000079, -45.146201136999935 ], [ 167.636617183000112, -45.144997419999982 ], [ 167.636113395000052, -45.14465321299997 ], [ 167.635718321000013, -45.144383279999943 ], [ 167.635688596000023, -45.144362970999964 ], [ 167.635589506000088, -45.144295267999951 ], [ 167.633602525000015, -45.142462615999932 ], [ 167.633238596000069, -45.142264414999943 ], [ 167.63326762600002, -45.141951060999986 ], [ 167.633077307000121, -45.141942228999937 ], [ 167.633102264000058, -45.141672846999938 ], [ 167.632911946000036, -45.141664013999957 ], [ 167.632924425000056, -45.141529323999976 ], [ 167.632734108000022, -45.141520490999937 ], [ 167.632746587000042, -45.141385799999966 ], [ 167.632365954000079, -45.141368133999947 ], [ 167.632378433000099, -45.141233442999976 ], [ 167.632188118000045, -45.141224608999948 ], [ 167.632200598000054, -45.141089917999977 ], [ 167.632010281000021, -45.14108108399995 ], [ 167.632022763000123, -45.140946393999968 ], [ 167.631832447000079, -45.140937558999951 ], [ 167.631844929000067, -45.14080286799998 ], [ 167.631654613000023, -45.140794032999963 ], [ 167.631679576000124, -45.140524651999954 ], [ 167.631489263000049, -45.140515816999937 ], [ 167.631501745000037, -45.140381125999966 ], [ 167.631311432000075, -45.140372291999938 ], [ 167.631336397000041, -45.14010290899995 ], [ 167.630955772000107, -45.140085238999973 ], [ 167.630968254000095, -45.139950546999955 ], [ 167.630777943000112, -45.139941711999938 ], [ 167.63079042600009, -45.139807019999978 ], [ 167.630600115000107, -45.139798184999961 ], [ 167.630612599000074, -45.139663492999944 ], [ 167.63042228900008, -45.139654656999937 ], [ 167.630447257000014, -45.139385275999985 ], [ 167.630256946000031, -45.139376438999932 ], [ 167.630269431000102, -45.139241747999961 ], [ 167.629127577000077, -45.139188719999936 ], [ 167.629140064000012, -45.139054029999954 ], [ 167.628949756000111, -45.13904519099998 ], [ 167.62898721800002, -45.138641118999942 ], [ 167.628796911000109, -45.138632279999968 ], [ 167.62883437500011, -45.13822820799993 ], [ 167.628644069000075, -45.138219367999966 ], [ 167.628669044000048, -45.137949986999956 ], [ 167.628478740000105, -45.137941147999982 ], [ 167.628491229000019, -45.137806456999954 ], [ 167.628300925000076, -45.137797616999933 ], [ 167.628313414000104, -45.137662926999951 ], [ 167.628123110000047, -45.137654085999941 ], [ 167.628135599000075, -45.13751939499997 ], [ 167.627754992000064, -45.137501713999939 ], [ 167.627767483000071, -45.137367022999968 ], [ 167.627196575000085, -45.137340497999958 ], [ 167.627209066000091, -45.13720580699993 ], [ 167.62644785800012, -45.137170436999952 ], [ 167.626422873000024, -45.137439817999962 ], [ 167.624909655000124, -45.137369486999944 ], [ 167.623408881000046, -45.136776662999978 ], [ 167.619685811000068, -45.134078432999956 ], [ 167.617010068000013, -45.132091650999939 ], [ 167.615970678000053, -45.131538234999937 ], [ 167.61502857500011, -45.130416666999963 ], [ 167.614332184000091, -45.129942355999958 ], [ 167.613623727000117, -45.128980499999955 ], [ 167.612434458000052, -45.127058330999944 ], [ 167.611822748000122, -45.125365970999951 ], [ 167.611448523000035, -45.123995806999972 ], [ 167.611319553000044, -45.123430658999951 ], [ 167.610937074000049, -45.121739942999966 ], [ 167.61043238000002, -45.119804572999954 ], [ 167.609686505000013, -45.117226654999968 ], [ 167.609059899000044, -45.114893284999937 ], [ 167.608575674000122, -45.113765978999936 ], [ 167.608579648000045, -45.113928509999937 ], [ 167.607844813000042, -45.11183357799996 ], [ 167.607232880000083, -45.110145673999966 ], [ 167.605359293000106, -45.108227520999947 ], [ 167.60406230500007, -45.106548209999971 ], [ 167.602670666000108, -45.105594921999966 ], [ 167.600801070000102, -45.103843719999929 ], [ 167.598580779000031, -45.101688306999961 ], [ 167.596592522000037, -45.099692521999941 ], [ 167.595064078000064, -45.097853437999959 ], [ 167.593794387000116, -45.097302526999954 ], [ 167.592185508000057, -45.096839451999983 ], [ 167.590232383000057, -45.096297106999941 ], [ 167.588045333000082, -45.09559948499998 ], [ 167.587163410000016, -45.095328665999943 ], [ 167.587178963000042, -45.095162081999945 ], [ 167.586988808000115, -45.095153172999972 ], [ 167.587013959000046, -45.094883799999934 ], [ 167.586823806000098, -45.09487489199995 ], [ 167.586861534000036, -45.094470832999946 ], [ 167.586671382000077, -45.094461922999983 ], [ 167.586683957000105, -45.094327236999959 ], [ 167.586493806000021, -45.094318327999986 ], [ 167.586518960000035, -45.094048954999948 ], [ 167.586328809000065, -45.094040045999975 ], [ 167.586353963000079, -45.093770672999938 ], [ 167.586163813000098, -45.093761762999975 ], [ 167.586176391000095, -45.093627076999951 ], [ 167.585986240000011, -45.093618166999931 ], [ 167.58599881900011, -45.093483479999975 ], [ 167.585808669000016, -45.093474569999955 ], [ 167.585821248000116, -45.093339883999931 ], [ 167.583539471000108, -45.093232930999932 ], [ 167.583552055000041, -45.093098244999965 ], [ 167.582411172000093, -45.093044752999958 ], [ 167.582030878000069, -45.093026918999954 ], [ 167.582043465000083, -45.092892233999976 ], [ 167.581473026000026, -45.092865479999944 ], [ 167.58148561500002, -45.092730794999966 ], [ 167.581105323000088, -45.092712957999936 ], [ 167.581117913000071, -45.092578272999958 ], [ 167.580927768000038, -45.092569353999977 ], [ 167.580940356000042, -45.092434668999942 ], [ 167.580750212000112, -45.092425748999972 ], [ 167.580762802000095, -45.092291062999948 ], [ 167.580382514000121, -45.092273224999985 ], [ 167.580395105000093, -45.092138538999961 ], [ 167.580204961000049, -45.09212961999998 ], [ 167.580217553000011, -45.091994932999967 ], [ 167.579837266000027, -45.091977092999969 ], [ 167.579849858000102, -45.091842407999934 ], [ 167.579279431000032, -45.091815643999951 ], [ 167.577568153000016, -45.091735334999953 ], [ 167.577555556000107, -45.091870019999931 ], [ 167.57717527200009, -45.091852170999971 ], [ 167.577162674000078, -45.091986855999949 ], [ 167.576972531000024, -45.091977930999974 ], [ 167.576959933000012, -45.092112614999962 ], [ 167.576389504000076, -45.092085837999946 ], [ 167.576376904000085, -45.092220521999934 ], [ 167.576186761000031, -45.09221159599997 ], [ 167.576174160000051, -45.092346280999948 ], [ 167.575984018000099, -45.092337352999948 ], [ 167.575971416000016, -45.092472038999972 ], [ 167.575781272000086, -45.092463111999962 ], [ 167.575743467000052, -45.092867165999962 ], [ 167.575933612000085, -45.092876093999962 ], [ 167.575832799000068, -45.093953572999965 ], [ 167.575072204000094, -45.093917860999966 ], [ 167.575059601000021, -45.094052545999944 ], [ 167.575249749000022, -45.094061474999933 ], [ 167.575237146000063, -45.094196158999978 ], [ 167.575427296000043, -45.094205086999978 ], [ 167.575414693000084, -45.094339771999955 ], [ 167.575604843000065, -45.094348700999944 ], [ 167.575592240000105, -45.094483385999979 ], [ 167.575782391000075, -45.094492313999979 ], [ 167.575769788000116, -45.094626997999967 ], [ 167.575959940000075, -45.094635924999977 ], [ 167.575947338000105, -45.094770610999944 ], [ 167.576137489000075, -45.094779537999955 ], [ 167.576124888000095, -45.094914221999943 ], [ 167.576315040000054, -45.094923148999953 ], [ 167.576277237000113, -45.095327204999933 ], [ 167.576264636000019, -45.095461888999978 ], [ 167.576454789000081, -45.095470815999931 ], [ 167.576644944000122, -45.095479742999942 ], [ 167.576632344000018, -45.09561442699993 ], [ 167.577012653000111, -45.095632278999972 ], [ 167.577000052000017, -45.095766963999949 ], [ 167.576987453000015, -45.095901648999984 ], [ 167.576797298000088, -45.095892722999963 ], [ 167.576784697000107, -45.09602740899993 ], [ 167.576594542000066, -45.096018481999977 ], [ 167.576581941000086, -45.096153167999944 ], [ 167.576391784000066, -45.096144240999934 ], [ 167.576353981000011, -45.09654829599998 ], [ 167.576544138000031, -45.096557222999934 ], [ 167.57653153800004, -45.096691907999968 ], [ 167.576911854000059, -45.096709759999953 ], [ 167.576899254000068, -45.096844444999931 ], [ 167.576886654000077, -45.096979129999966 ], [ 167.576861454000095, -45.097248499999978 ], [ 167.576671293000118, -45.097239573999957 ], [ 167.576658692000024, -45.097374259999981 ], [ 167.575707892000082, -45.09732962399994 ], [ 167.575720495000041, -45.097194939999952 ], [ 167.575340176000054, -45.097177083999952 ], [ 167.575365384000065, -45.09690771299995 ], [ 167.575175225000066, -45.096898784999951 ], [ 167.575200433000077, -45.096629414999938 ], [ 167.575010276000057, -45.096620486999939 ], [ 167.575035485000058, -45.096351116999983 ], [ 167.574845328000038, -45.096342187999937 ], [ 167.574820118000048, -45.09661155699996 ], [ 167.574629960000038, -45.096602627999971 ], [ 167.5746173550001, -45.096737312999949 ], [ 167.574237040000071, -45.096719452999935 ], [ 167.574046882000061, -45.096710522999956 ], [ 167.574059489000092, -45.096575837999978 ], [ 167.573869331000083, -45.096566906999954 ], [ 167.573856724000052, -45.096701591999931 ], [ 167.573286252000116, -45.096674797999981 ], [ 167.573261034000097, -45.096944166999947 ], [ 167.572690560000069, -45.096917369999971 ], [ 167.57250040200006, -45.096908436999968 ], [ 167.572487791000071, -45.097043121999945 ], [ 167.572297633000062, -45.097034188999942 ], [ 167.572272411000085, -45.097303557999965 ], [ 167.572082251000097, -45.097294622999982 ], [ 167.57204441600004, -45.097698676999983 ], [ 167.572031804000062, -45.09783336199996 ], [ 167.572221966000029, -45.097842294999964 ], [ 167.572209354000051, -45.097976979999942 ], [ 167.572399516000019, -45.097985913999935 ], [ 167.57238690500003, -45.09812059799998 ], [ 167.572577067000111, -45.098129530999984 ], [ 167.572767229000078, -45.098138463999931 ], [ 167.572754619000079, -45.098273147999976 ], [ 167.572944781000047, -45.098282080999979 ], [ 167.572932171000048, -45.098416765999957 ], [ 167.573122335000107, -45.098425697999971 ], [ 167.573059287000092, -45.099099118999959 ], [ 167.573249453000017, -45.099108050999973 ], [ 167.573224233000019, -45.09937741899995 ], [ 167.573414400000047, -45.099386350999964 ], [ 167.573351354000124, -45.100059771999952 ], [ 167.573541523000017, -45.100068703999966 ], [ 167.573503695000113, -45.100472756999977 ], [ 167.573693866000099, -45.100481687999945 ], [ 167.573668649000069, -45.100751056999968 ], [ 167.573858819000066, -45.100759987999936 ], [ 167.573846211000046, -45.100894671999981 ], [ 167.574036383000021, -45.100903602999949 ], [ 167.574011166000105, -45.101172970999983 ], [ 167.574201339000069, -45.101181901999951 ], [ 167.574176123000029, -45.101451270999974 ], [ 167.574366297000097, -45.101460200999952 ], [ 167.574341082000046, -45.101729569999975 ], [ 167.574531257000103, -45.101738498999964 ], [ 167.574493436000012, -45.102142552999965 ], [ 167.574683611000069, -45.102151481999954 ], [ 167.574658398000111, -45.102420850999977 ], [ 167.574848574000043, -45.102429779999966 ], [ 167.574823362000075, -45.102699148999932 ], [ 167.57483994200004, -45.102699927999936 ], [ 167.574528841000074, -45.103533076999952 ], [ 167.573776826000085, -45.105562975999931 ], [ 167.573605360000101, -45.107989900999939 ], [ 167.57413314900009, -45.111058383999932 ], [ 167.574987977000092, -45.11338920399993 ], [ 167.575699365000105, -45.114513823999971 ], [ 167.575703404000024, -45.114676324999948 ], [ 167.576298339000118, -45.115718823999941 ], [ 167.577264418000027, -45.117969178999942 ], [ 167.578806775000089, -45.120458436999968 ], [ 167.580593759000067, -45.123585958999968 ], [ 167.582251050000082, -45.125990375999947 ], [ 167.582856477000064, -45.12752028999995 ], [ 167.583146724000017, -45.130104156999948 ], [ 167.582768286000032, -45.133504367999933 ], [ 167.581368913000119, -45.137158858999953 ], [ 167.579682545000082, -45.13931635199998 ], [ 167.579602972000089, -45.139418149999983 ], [ 167.57958054300002, -45.139446845999942 ], [ 167.579409900000087, -45.139438844999972 ], [ 167.579397294000046, -45.13957352999995 ], [ 167.579206993000071, -45.139564607999944 ], [ 167.579194388000019, -45.139699291999932 ], [ 167.579004087000044, -45.139690369999983 ], [ 167.578991480000013, -45.139825053999971 ], [ 167.578610876000084, -45.139807207999979 ], [ 167.578598269000054, -45.139941891999968 ], [ 167.5784079660001, -45.139932968999972 ], [ 167.578395360000059, -45.140067653999949 ], [ 167.578205056000115, -45.140058728999975 ], [ 167.578192449000085, -45.140193412999963 ], [ 167.578002145000028, -45.140184489999967 ], [ 167.577989536000018, -45.140319173999956 ], [ 167.577799233000064, -45.140310248999981 ], [ 167.577774015000045, -45.140579617999947 ], [ 167.577583711000102, -45.140570693999962 ], [ 167.577558492000094, -45.140840061999938 ], [ 167.577368187000047, -45.140831136999964 ], [ 167.577336276000096, -45.141171971999938 ], [ 167.577174481000043, -45.141227877999938 ], [ 167.577138743000091, -45.141240226999969 ], [ 167.575876092000044, -45.141676508999979 ], [ 167.573497754000073, -45.142597510999963 ], [ 167.570102900000052, -45.144097522999971 ], [ 167.566358583000124, -45.145193225999947 ], [ 167.561589493000042, -45.146547249999969 ], [ 167.560384719000012, -45.146636156999932 ], [ 167.560407613000052, -45.146392430999981 ], [ 167.560217292000061, -45.146383476999972 ], [ 167.56024259600008, -45.146114111999964 ], [ 167.560052276000079, -45.146105157999955 ], [ 167.560064928000088, -45.145970474999956 ], [ 167.559874608000086, -45.145961520999947 ], [ 167.559887260000096, -45.145826837999948 ], [ 167.559696942000073, -45.14581788299995 ], [ 167.559709595000072, -45.14568320099994 ], [ 167.55951927600006, -45.145674245999942 ], [ 167.559557236000046, -45.145270198999981 ], [ 167.559569888000055, -45.145135516999972 ], [ 167.559379572000012, -45.145126561999973 ], [ 167.559392225000124, -45.144991879999964 ], [ 167.558630961000063, -45.144956053999977 ], [ 167.55864361600004, -45.144821372999957 ], [ 167.55769204000012, -45.144776582999953 ], [ 167.55767938200006, -45.144911264999962 ], [ 167.557489066000016, -45.144902306999938 ], [ 167.557438435000108, -45.14544103399993 ], [ 167.557248117000086, -45.145432074999974 ], [ 167.557235459000026, -45.145566756999983 ], [ 167.557045141000117, -45.145557796999981 ], [ 167.557032482000068, -45.145692478999933 ], [ 167.556651845000033, -45.145674558999985 ], [ 167.556639186000098, -45.145809240999938 ], [ 167.555877913000018, -45.145773396999971 ], [ 167.555865251000114, -45.145908077999934 ], [ 167.555484614000079, -45.145890154999961 ], [ 167.555471951000072, -45.14602483699997 ], [ 167.553759083000045, -45.145944162999967 ], [ 167.553568765000023, -45.145935196999972 ], [ 167.55358143300009, -45.145800515999952 ], [ 167.553391115000068, -45.145791550999945 ], [ 167.553403782000032, -45.145656868999936 ], [ 167.55226188000006, -45.145603068999947 ], [ 167.552274549000117, -45.145468386999937 ], [ 167.551893917000029, -45.145450451999977 ], [ 167.551906587000076, -45.145315770999957 ], [ 167.551716271000032, -45.145306801999936 ], [ 167.551728944000047, -45.145172119999984 ], [ 167.551157997000018, -45.145145213999967 ], [ 167.551170670000033, -45.145010531999958 ], [ 167.550980356000082, -45.145001561999948 ], [ 167.550993028000107, -45.144866881999974 ], [ 167.550802715000032, -45.144857911999964 ], [ 167.550815389000036, -45.144723230999944 ], [ 167.550625074000095, -45.144714260999933 ], [ 167.550663096000108, -45.144310216999941 ], [ 167.550472784000021, -45.14430124699993 ], [ 167.550485458000026, -45.144166564999978 ], [ 167.549914523000098, -45.144139651999978 ], [ 167.549927198000091, -45.144004971999948 ], [ 167.549356264000039, -45.14397805599998 ], [ 167.549368942000115, -45.143843373999971 ], [ 167.548988320000035, -45.143825428999946 ], [ 167.54900099800011, -45.143690747999983 ], [ 167.548810688000117, -45.143681773999958 ], [ 167.548823366000079, -45.143547093999985 ], [ 167.549013676000072, -45.143556066999963 ], [ 167.549039030000017, -45.14328670499998 ], [ 167.549229339000021, -45.143295677999959 ], [ 167.54925469300008, -45.143026315999975 ], [ 167.549064385000065, -45.14301734299994 ], [ 167.549089740000113, -45.142747980999957 ], [ 167.548899433000088, -45.142739007999978 ], [ 167.54891211100005, -45.142604327999948 ], [ 167.548531497000113, -45.142586379999955 ], [ 167.548544176000064, -45.142451698999935 ], [ 167.548353871000018, -45.142442724999967 ], [ 167.548366549000093, -45.142308043999947 ], [ 167.547985939000114, -45.142290095999954 ], [ 167.547795633000078, -45.14228111999995 ], [ 167.547782953000024, -45.14241580099997 ], [ 167.547592647000101, -45.142406825999956 ], [ 167.547579967000047, -45.142541506999976 ], [ 167.547389662000114, -45.142532530999972 ], [ 167.54732625500003, -45.143205934999969 ], [ 167.547135947000015, -45.143196957999976 ], [ 167.547123265000096, -45.143331638999939 ], [ 167.546932957000081, -45.143322662999935 ], [ 167.546920274000058, -45.143457343999955 ], [ 167.546729965000054, -45.143448366999962 ], [ 167.546717282000031, -45.143583046999936 ], [ 167.546146355000019, -45.143556114999967 ], [ 167.546159039000031, -45.143421433999947 ], [ 167.545968731000016, -45.143412456999954 ], [ 167.545981415000028, -45.143277775999934 ], [ 167.546171724000033, -45.143286753999973 ], [ 167.546184408000045, -45.143152072999953 ], [ 167.545613485000104, -45.143125138999949 ], [ 167.545600799000113, -45.143259818999979 ], [ 167.545410491000098, -45.143250839999951 ], [ 167.545397805000107, -45.143385519999981 ], [ 167.545017189000077, -45.14336756199998 ], [ 167.545004502000097, -45.143502241999954 ], [ 167.544623885000078, -45.143484281999974 ], [ 167.544611197000108, -45.143618961999948 ], [ 167.544420888000104, -45.14360998199993 ], [ 167.544408199000031, -45.14374466199996 ], [ 167.543646962000025, -45.143708735999951 ], [ 167.543659653000077, -45.143574055999977 ], [ 167.543469344000073, -45.14356507399998 ], [ 167.543456653000021, -45.143699753999954 ], [ 167.542695417000118, -45.143663820999961 ], [ 167.542682724000088, -45.143798501999981 ], [ 167.542492415000083, -45.143789516999959 ], [ 167.542454336000105, -45.144193557999984 ], [ 167.542264026000112, -45.144184573999951 ], [ 167.542251332000092, -45.144319253999981 ], [ 167.541870710000012, -45.144301283999937 ], [ 167.541858016000106, -45.144435964999957 ], [ 167.54166770400002, -45.144426978999945 ], [ 167.541655010000113, -45.144561658999976 ], [ 167.541274386000055, -45.144543686999953 ], [ 167.541261689000066, -45.144678367999973 ], [ 167.5408810670001, -45.14466039499996 ], [ 167.540868390000014, -45.144794852999951 ], [ 167.537879439000108, -45.144175906999976 ], [ 167.534887942000069, -45.143245401999934 ], [ 167.531671121000045, -45.142475484999977 ], [ 167.528696449000108, -45.142348251999977 ], [ 167.525037171000122, -45.142233620999946 ], [ 167.521607514000038, -45.142116233999957 ], [ 167.520109283000124, -45.141956749999963 ], [ 167.519469125000114, -45.141888598999969 ], [ 167.517838337000057, -45.141714969999953 ], [ 167.517483554000023, -45.141677193999953 ], [ 167.517343157000028, -45.141652498999974 ], [ 167.51651989800007, -45.14150768899998 ], [ 167.516290085000037, -45.141467262999981 ], [ 167.516143859000067, -45.141441541999939 ], [ 167.516154842000105, -45.141325565999978 ], [ 167.515964546000077, -45.141316536999966 ], [ 167.515977301000021, -45.14118186099995 ], [ 167.515596710000068, -45.141163802999984 ], [ 167.515609465000011, -45.141029125999978 ], [ 167.515419170000087, -45.141020096999966 ], [ 167.515431926000019, -45.140885419999961 ], [ 167.515241632000084, -45.140876390999949 ], [ 167.515254388000017, -45.140741713999944 ], [ 167.513732036000079, -45.140669465999963 ], [ 167.513744796000083, -45.140534789999947 ], [ 167.51241274500012, -45.140471556999955 ], [ 167.512425508000092, -45.140336880999939 ], [ 167.511854631000119, -45.140309774999935 ], [ 167.510843072000057, -45.140155340999968 ], [ 167.510089798000081, -45.140089702999944 ], [ 167.508866014000091, -45.140091294999934 ], [ 167.507488311000088, -45.13993624799997 ], [ 167.506424088000017, -45.140034982999964 ], [ 167.506171799000072, -45.14009485899993 ], [ 167.504255785000055, -45.140087757999936 ], [ 167.50422573100002, -45.140079785999944 ], [ 167.503831079000065, -45.139792257999943 ], [ 167.5035260840001, -45.139449265999986 ], [ 167.503221094000082, -45.139106272999982 ], [ 167.502645464000011, -45.138654584999983 ], [ 167.502658250000081, -45.138519908999967 ], [ 167.502467965000051, -45.138510857999961 ], [ 167.502480751000121, -45.138376182999934 ], [ 167.501909899000111, -45.138349027999936 ], [ 167.501922687000047, -45.138214352999967 ], [ 167.501732403000119, -45.138205300999971 ], [ 167.501745192000044, -45.138070625999944 ], [ 167.501364625000065, -45.138052520999963 ], [ 167.500603495000064, -45.13801630599994 ], [ 167.500616285000092, -45.137881630999971 ], [ 167.50042600200004, -45.137872576999939 ], [ 167.500438794000047, -45.137737901999969 ], [ 167.500058231000025, -45.137719791999984 ], [ 167.499867949000077, -45.137710737999953 ], [ 167.499855158000059, -45.13784541299998 ], [ 167.499664876000111, -45.137836357999959 ], [ 167.499652083000115, -45.137971032999985 ], [ 167.499461800000063, -45.137961976999975 ], [ 167.49943621400007, -45.138231326999971 ], [ 167.499245931000019, -45.138222270999961 ], [ 167.499233137000033, -45.138356945999931 ], [ 167.499042853000105, -45.138347889999977 ], [ 167.499030060000109, -45.138482564999947 ], [ 167.498459208000099, -45.138455393999948 ], [ 167.498433616000057, -45.138724743999944 ], [ 167.498243332000015, -45.138715685999955 ], [ 167.498217739000097, -45.138985035999951 ], [ 167.498027454000066, -45.138975977999962 ], [ 167.498014658000102, -45.139110651999943 ], [ 167.497824372000082, -45.139101594999943 ], [ 167.497811574000025, -45.13923626899998 ], [ 167.497621288000119, -45.139227210999934 ], [ 167.497608490000061, -45.139361884999971 ], [ 167.494944486000122, -45.139235031999931 ], [ 167.494485136000094, -45.139347456999985 ], [ 167.494255529000043, -45.139321588999962 ], [ 167.494118423000032, -45.139324754999961 ], [ 167.493796080000038, -45.139208264999979 ], [ 167.493309147000105, -45.139319910999973 ], [ 167.493097138000053, -45.139545787999964 ], [ 167.492837711000107, -45.139769405999971 ], [ 167.492236784000056, -45.140077880999968 ], [ 167.491642237000065, -45.140319236999972 ], [ 167.491414251000037, -45.140411786999948 ], [ 167.491196321000075, -45.140500251999981 ], [ 167.491022139000052, -45.140829061999966 ], [ 167.49089217900007, -45.141193690999955 ], [ 167.491002502000015, -45.141536060999954 ], [ 167.490976106000062, -45.141639963999978 ], [ 167.490926346000037, -45.141835829999934 ], [ 167.490909821000059, -45.14185575099998 ], [ 167.490065714000025, -45.142010396999979 ], [ 167.48946224000008, -45.142451594999955 ], [ 167.489389294000034, -45.142470494999941 ], [ 167.486767949000068, -45.142986002999976 ], [ 167.48629695000011, -45.142929823999964 ], [ 167.48578812300002, -45.142770704999975 ], [ 167.485629884000105, -45.14293171199995 ], [ 167.485686366000095, -45.143338941999957 ], [ 167.485954903000106, -45.143520309999985 ], [ 167.48623942200004, -45.143533882999975 ], [ 167.487595939000016, -45.143295183999953 ], [ 167.488332792000051, -45.143060632999948 ], [ 167.488654653000026, -45.143042001999959 ], [ 167.488490673000115, -45.143161880999969 ], [ 167.488303963000021, -45.145105573999956 ], [ 167.461763982000093, -45.13905226299994 ], [ 167.439561686000047, -45.125020769999935 ], [ 167.419263520000072, -45.118485951999958 ], [ 167.411097995000091, -45.121798169999977 ], [ 167.40275221100012, -45.126950091999959 ], [ 167.389554426000018, -45.12815885699996 ], [ 167.381383887000084, -45.121522667999955 ], [ 167.381320909000124, -45.12132592599994 ], [ 167.380816077000077, -45.120915774999958 ], [ 167.380491437000046, -45.120689658999936 ], [ 167.380239786000061, -45.120221716999936 ], [ 167.380178478000062, -45.119833143999983 ], [ 167.380290580000064, -45.119698384999936 ], [ 167.380819099000064, -45.119864314999973 ], [ 167.381500433000042, -45.120013373999939 ], [ 167.381643295000117, -45.12004462799996 ], [ 167.382522047000066, -45.120683283999938 ], [ 167.382665008000117, -45.121251092999955 ], [ 167.382690690000118, -45.121307482999953 ], [ 167.382828278000034, -45.121609569999976 ], [ 167.383057755000095, -45.121795998999971 ], [ 167.383645736000062, -45.121859645999962 ], [ 167.384043364000036, -45.121843928999965 ], [ 167.384809640000071, -45.121600757999943 ], [ 167.385290380000015, -45.121238541999958 ], [ 167.385380258000055, -45.120822268999973 ], [ 167.385757129000012, -45.119999306999944 ], [ 167.38610884700006, -45.119946296999956 ], [ 167.386504537000064, -45.119439727999975 ], [ 167.386738857000068, -45.119065529999943 ], [ 167.387676590000069, -45.118585301999985 ], [ 167.388505610000038, -45.118204943999956 ], [ 167.389035575000094, -45.117845105999947 ], [ 167.389033630000085, -45.117354263999971 ], [ 167.388547121000101, -45.11624397199995 ], [ 167.38858769300009, -45.115825301999962 ], [ 167.389190574000054, -45.11522363399996 ], [ 167.391334469000071, -45.114556601999936 ], [ 167.391728666000063, -45.114575744999968 ], [ 167.392610253000043, -45.114162860999954 ], [ 167.39288027200007, -45.113930598999957 ], [ 167.393386523000117, -45.11381496499996 ], [ 167.394288351000114, -45.113192732999948 ], [ 167.394342387000052, -45.112634502999981 ], [ 167.394248603000051, -45.112069098999939 ], [ 167.393707999000071, -45.111517056999958 ], [ 167.393012832000068, -45.111027613999966 ], [ 167.392863038000087, -45.110529594999946 ], [ 167.39297311100006, -45.109903980999945 ], [ 167.392853722000041, -45.109091957999965 ], [ 167.392647909000061, -45.108661324999957 ], [ 167.39224502400009, -45.108221120999985 ], [ 167.391684202000079, -45.107878404999951 ], [ 167.39122868100003, -45.107470692999982 ], [ 167.390868324000053, -45.107102655999938 ], [ 167.390468843000122, -45.106627556999968 ], [ 167.390094978000093, -45.106399072999977 ], [ 167.389542897000069, -45.106477409999968 ], [ 167.389502340000035, -45.106896079999956 ], [ 167.389303838000046, -45.10741223499997 ], [ 167.389355055000124, -45.107905470999981 ], [ 167.389528471000062, -45.108159270999977 ], [ 167.38959659000011, -45.108478060999971 ], [ 167.389457493000123, -45.108891942999946 ], [ 167.389709173000028, -45.109359864999931 ], [ 167.390069537000045, -45.109727905999932 ], [ 167.390321225000093, -45.110195826999984 ], [ 167.390224639000053, -45.110681880999948 ], [ 167.38998699900003, -45.111090976999947 ], [ 167.388887143000034, -45.11324590199996 ], [ 167.388610351000011, -45.113547933999939 ], [ 167.388143222000053, -45.113770607999982 ], [ 167.387735508000105, -45.113891008999985 ], [ 167.387222481000094, -45.114076395999973 ], [ 167.386164054000119, -45.114270321999982 ], [ 167.384793059000117, -45.114624308999964 ], [ 167.383851984000103, -45.115139401999954 ], [ 167.382904121000024, -45.115724264999983 ], [ 167.382189077000021, -45.116460660999962 ], [ 167.38233540900012, -45.116993582999953 ], [ 167.382272593000039, -45.117130741999972 ], [ 167.381917504000057, -45.117218628999979 ], [ 167.381457089000037, -45.117371496999965 ], [ 167.381383086000028, -45.117489661999969 ], [ 167.38122274300008, -45.117745685999978 ], [ 167.380840562000117, -45.118112679999967 ], [ 167.380585174000089, -45.118347297999946 ], [ 167.380405711000094, -45.118512163999981 ], [ 167.380164581000031, -45.118956127999979 ], [ 167.38004232000003, -45.11919555399993 ], [ 167.379617617000122, -45.119490367999958 ], [ 167.379439300000058, -45.119797171999949 ], [ 167.379398122000111, -45.119909488999951 ], [ 167.377429998000025, -45.11831051799993 ], [ 167.380569054000034, -45.112907120999978 ], [ 167.383888224000088, -45.105658898999934 ], [ 167.382178492000094, -45.09631692499994 ], [ 167.367102771000077, -45.090026087999945 ], [ 167.340901822000092, -45.090598050999972 ], [ 167.331394340000088, -45.080872295999939 ], [ 167.331041436000078, -45.077434503999939 ], [ 167.332004629000039, -45.07810978699996 ], [ 167.332306463000123, -45.078332837999938 ], [ 167.333147004000011, -45.07830698999993 ], [ 167.334005832000116, -45.078349163999974 ], [ 167.334661893000089, -45.078428407999979 ], [ 167.335837315000049, -45.078627204999975 ], [ 167.335843633000081, -45.078633402999969 ], [ 167.336140181000019, -45.078924260999941 ], [ 167.33649996500003, -45.079318170999954 ], [ 167.337299337000104, -45.079968810999958 ], [ 167.337861908000036, -45.080325635999941 ], [ 167.338292353000043, -45.080675976999942 ], [ 167.338841216000105, -45.081173217999947 ], [ 167.339513078000095, -45.081770552999956 ], [ 167.340005039000062, -45.082170934999965 ], [ 167.340558504000114, -45.082621359999962 ], [ 167.341674604000104, -45.083428590999972 ], [ 167.341694722000057, -45.083435467999948 ], [ 167.342317021000099, -45.083648211999957 ], [ 167.342418757000019, -45.083644224999944 ], [ 167.342850154000075, -45.083627315999934 ], [ 167.343076377000102, -45.083541930999957 ], [ 167.343401569000093, -45.083419188999983 ], [ 167.343984968000086, -45.08288340799993 ], [ 167.344347302000074, -45.082571946999963 ], [ 167.344828063000023, -45.082407382999975 ], [ 167.344824062000043, -45.082385422999948 ], [ 167.345395295000117, -45.082480101999977 ], [ 167.346070743000041, -45.08259204999996 ], [ 167.346894173000123, -45.082494007999969 ], [ 167.34718663700005, -45.082359887999985 ], [ 167.347712075000118, -45.082118925999964 ], [ 167.348056222000082, -45.081928209999944 ], [ 167.348552355000038, -45.08151430099997 ], [ 167.348676179000108, -45.081217802999959 ], [ 167.348722253000119, -45.081107477999979 ], [ 167.348453054000061, -45.080863659999977 ], [ 167.348284663000072, -45.080726641999945 ], [ 167.348060981000117, -45.080544631999942 ], [ 167.347747143000106, -45.080091054999968 ], [ 167.347683538000069, -45.079741986999977 ], [ 167.347705931000064, -45.079512449999982 ], [ 167.347794561000114, -45.079390015999934 ], [ 167.347312201000022, -45.078719563999982 ], [ 167.345747368000048, -45.077749308999955 ], [ 167.343153007000069, -45.076446376999968 ], [ 167.341039475000116, -45.074978835999957 ], [ 167.339871206000112, -45.074027936999983 ], [ 167.338386408000019, -45.072920400999976 ], [ 167.337459582000065, -45.072216477999973 ], [ 167.336783278000098, -45.071665938999956 ], [ 167.336507895000068, -45.071088043999964 ], [ 167.336335172000076, -45.070138933999942 ], [ 167.336408369000083, -45.069390021999936 ], [ 167.336066948000052, -45.068808883999964 ], [ 167.335976017000121, -45.068381135999971 ], [ 167.336030916000027, -45.067819451999981 ], [ 167.336354593000124, -45.067223930999944 ], [ 167.336555311000097, -45.066528311999946 ], [ 167.336840369000015, -45.065648704999944 ], [ 167.336988749000056, -45.064809421999939 ], [ 167.336765723000099, -45.064375189999964 ], [ 167.336565570000062, -45.063706921999938 ], [ 167.33649751400003, -45.063045139999986 ], [ 167.336315666000019, -45.062189644999933 ], [ 167.336181569000018, -45.061524618999954 ], [ 167.335801600000082, -45.060659394999959 ], [ 167.335517131000074, -45.060175111999968 ], [ 167.335238529000094, -45.059291345999952 ], [ 167.33476539600008, -45.05802177399994 ], [ 167.334381888000053, -45.05753262099995 ], [ 167.333389320000038, -45.056825422999964 ], [ 167.332896317000063, -45.056777687999954 ], [ 167.332452353000122, -45.056567748999953 ], [ 167.331951510000067, -45.056260949999967 ], [ 167.33136077100005, -45.055855665999957 ], [ 167.330786063000119, -45.055286555999942 ], [ 167.330336571000089, -45.05479414499996 ], [ 167.330278723000106, -45.054368014999966 ], [ 167.330353052000078, -45.054078285999935 ], [ 167.330385964000016, -45.05395 ], [ 167.330726613000024, -45.05351994199998 ], [ 167.330857725000101, -45.053298211999959 ], [ 167.330969659000061, -45.053195392999953 ], [ 167.33110694100003, -45.053093818999969 ], [ 167.33140083100011, -45.052693030999933 ], [ 167.331771512000046, -45.052548764999983 ], [ 167.33199537500002, -45.052343123999947 ], [ 167.332099526000093, -45.052059385999939 ], [ 167.331841037000117, -45.051577289999955 ], [ 167.331247021000081, -45.050880115999973 ], [ 167.331123054000045, -45.050585165999962 ], [ 167.330955422000102, -45.050215855999966 ], [ 167.330826186000081, -45.049974806999955 ], [ 167.330551900000046, -45.049654414999964 ], [ 167.329945618000124, -45.049083002999964 ], [ 167.329459047000114, -45.048589688999982 ], [ 167.328289178000091, -45.047791967999956 ], [ 167.327982540000107, -45.047542190999934 ], [ 167.327820944000109, -45.047371760999965 ], [ 167.327702276000082, -45.047022906999985 ], [ 167.327915140000073, -45.04614874899994 ], [ 167.328436382000064, -45.045506399999965 ], [ 167.328875288000063, -45.045184964999976 ], [ 167.329274785000052, -45.04500601999996 ], [ 167.329667250000057, -45.044898941999975 ], [ 167.32992596400004, -45.044857500999967 ], [ 167.331073479000111, -45.04484169899996 ], [ 167.332176329000049, -45.045022278999966 ], [ 167.332357253000055, -45.044995061999941 ], [ 167.3325828400001, -45.044771451999964 ], [ 167.33277354400002, -45.044383644999982 ], [ 167.33289172700006, -45.043956167999966 ], [ 167.333164969000109, -45.042723901999977 ], [ 167.333312001000081, -45.042261733999965 ], [ 167.333493152000074, -45.041710975999933 ], [ 167.333566667000014, -45.041479891999984 ], [ 167.333706668000104, -45.04108959399997 ], [ 167.333920940000098, -45.040720996999937 ], [ 167.334145742000032, -45.040244596999969 ], [ 167.334387105000019, -45.039859277999938 ], [ 167.334596100000113, -45.039544581999962 ], [ 167.334893408000084, -45.039107849999937 ], [ 167.334796542000049, -45.038796181999942 ], [ 167.334577246000094, -45.038695140999948 ], [ 167.334323830000017, -45.038682690999963 ], [ 167.333958513000084, -45.038773062999951 ], [ 167.333564343000035, -45.038898122999967 ], [ 167.333298635000119, -45.039011440999957 ], [ 167.33311070700006, -45.039110527999981 ], [ 167.332817900000123, -45.039240566999979 ], [ 167.332512043000065, -45.039243589999955 ], [ 167.33229450500005, -45.039124576999939 ], [ 167.332160018000081, -45.038937431999955 ], [ 167.331855919000077, -45.038922484999944 ], [ 167.331686305000062, -45.039094683999963 ], [ 167.331770107000011, -45.039279337999972 ], [ 167.331931692000012, -45.039449762999936 ], [ 167.332227012000089, -45.03955454499993 ], [ 167.332531115000052, -45.039569489999963 ], [ 167.333363127000098, -45.039393734999976 ], [ 167.333740739000064, -45.039177593999966 ], [ 167.333981106000124, -45.039063028999976 ], [ 167.334136666000063, -45.039034565999941 ], [ 167.334366499000112, -45.039027803999943 ], [ 167.334472139000013, -45.039249636999955 ], [ 167.33428497500006, -45.039601510999944 ], [ 167.333895071000029, -45.039943424999933 ], [ 167.333445699000094, -45.040372681999941 ], [ 167.333171961000062, -45.040828623999971 ], [ 167.33334560600008, -45.041396816999963 ], [ 167.333155672000089, -45.042037409999978 ], [ 167.332766256000014, -45.043155646999935 ], [ 167.332532648000097, -45.043721879999964 ], [ 167.332349722000117, -45.044290603999968 ], [ 167.332245587000102, -45.044574343999955 ], [ 167.332179090000068, -45.044733556999972 ], [ 167.331692281000073, -45.044763791999969 ], [ 167.331174108000027, -45.044593894999934 ], [ 167.330234621000045, -45.044565764999959 ], [ 167.329541544000108, -45.044621957999937 ], [ 167.328941056000076, -45.044772966999972 ], [ 167.328321229000039, -45.045121610999956 ], [ 167.327693338000017, -45.045812874999967 ], [ 167.327430077000031, -45.046160998999937 ], [ 167.327206952000097, -45.046619417999977 ], [ 167.327177063000022, -45.046924859999933 ], [ 167.327246797000043, -45.04725325499993 ], [ 167.328710977000014, -45.048426531999951 ], [ 167.329972450000014, -45.049589822999963 ], [ 167.330390023000064, -45.05000752899997 ], [ 167.330650252000055, -45.050471659999971 ], [ 167.330881623000096, -45.050970477999954 ], [ 167.331326317000048, -45.051371458999938 ], [ 167.331586558000026, -45.05183558799996 ], [ 167.331387035000034, -45.052313228999935 ], [ 167.331000541000094, -45.052619196999956 ], [ 167.330794992000051, -45.052897950999977 ], [ 167.330640136000056, -45.053179196999963 ], [ 167.330010355000013, -45.053719893999983 ], [ 167.329784969000116, -45.053952933999938 ], [ 167.32964126100012, -45.054101519999961 ], [ 167.329203835000044, -45.054503301999944 ], [ 167.328544436000016, -45.05480010399998 ], [ 167.327990497000087, -45.05503624499994 ], [ 167.327396242000077, -45.05568427999998 ], [ 167.327210536000052, -45.055886791999967 ], [ 167.32654423800011, -45.05625379199995 ], [ 167.326068228000054, -45.056371473999945 ], [ 167.325577570000064, -45.056492773999935 ], [ 167.325100163000116, -45.056770653999934 ], [ 167.32455638600004, -45.056759989999932 ], [ 167.324459057000013, -45.056758079999952 ], [ 167.321096643000033, -45.052583737999953 ], [ 167.313206992000119, -45.050601016999963 ], [ 167.313198615000033, -45.050587628999949 ], [ 167.312707114000091, -45.050187133999941 ], [ 167.312033605000124, -45.049613045999934 ], [ 167.311407765000013, -45.049229434999972 ], [ 167.310645284000088, -45.048886110999945 ], [ 167.309790662000069, -45.048467685999981 ], [ 167.30902130700008, -45.048194559999956 ], [ 167.308214351000061, -45.047966605999932 ], [ 167.307610078000039, -45.047701616999973 ], [ 167.307210783000073, -45.04737619399998 ], [ 167.306723530000113, -45.047171034999963 ], [ 167.306683855000074, -45.04757498999993 ], [ 167.306493909000096, -45.047565611999971 ], [ 167.306480683000018, -45.047700264999946 ], [ 167.306900709000047, -45.047831213999984 ], [ 167.307516472000088, -45.047979191999957 ], [ 167.308061615000042, -45.048170712999934 ], [ 167.308474708000062, -45.048355714999957 ], [ 167.309277074000079, -45.048630473999935 ], [ 167.309406703000036, -45.048699433999957 ], [ 167.309813041000098, -45.04891559899994 ], [ 167.310285280000016, -45.049174061999963 ], [ 167.310800854000036, -45.049346284999956 ], [ 167.310863459000075, -45.04936719799997 ], [ 167.311437047000027, -45.049607137999942 ], [ 167.311907004000091, -45.049888996999982 ], [ 167.312457638000069, -45.050362960999962 ], [ 167.312517401000036, -45.050427683999942 ], [ 167.306840201000114, -45.049000498999931 ], [ 167.306926825000119, -45.048956201999943 ], [ 167.307105215000092, -45.04891555699993 ], [ 167.307218033000026, -45.048807290999946 ], [ 167.307262558000048, -45.048764561999974 ], [ 167.307258878000084, -45.048665119999953 ], [ 167.307258378000029, -45.048651599999971 ], [ 167.305924570000116, -45.048608960999957 ], [ 167.305909943000074, -45.04860849399995 ], [ 167.305892652000011, -45.048460605999935 ], [ 167.306000870000048, -45.04816195799998 ], [ 167.306168207000042, -45.047922154999981 ], [ 167.306410795000033, -45.047719441999959 ], [ 167.306828612000118, -45.046690983999952 ], [ 167.307503387000111, -45.046622357999979 ], [ 167.307622483000046, -45.046548918999974 ], [ 167.307706553000116, -45.046497078999948 ], [ 167.307744649000028, -45.046449235999944 ], [ 167.308069390000014, -45.04604140899994 ], [ 167.308415839000077, -45.045901556999979 ], [ 167.308417975000111, -45.045900226999947 ], [ 167.308439221000071, -45.045814610999969 ], [ 167.308470473000057, -45.045688656999971 ], [ 167.308290396000075, -45.045578740999986 ], [ 167.307702322000068, -45.045527636999964 ], [ 167.307689842000059, -45.045526551999956 ], [ 167.307613637000031, -45.04533065499993 ], [ 167.307715285000086, -45.04478032399993 ], [ 167.307716827000036, -45.044771968999953 ], [ 167.307299417000081, -45.044597333999945 ], [ 167.307289051000112, -45.044592996999938 ], [ 167.307249537000075, -45.044365977999973 ], [ 167.307247559000075, -45.044354613999985 ], [ 167.307178787000112, -45.044347111999969 ], [ 167.306869881000011, -45.04431341999998 ], [ 167.306710244000101, -45.044222167999976 ], [ 167.306684306000079, -45.044207342999982 ], [ 167.306674704000102, -45.044201853999937 ], [ 167.30655691000004, -45.043937149999977 ], [ 167.306556150000119, -45.043802656999958 ], [ 167.306556079000075, -45.043790076999983 ], [ 167.306316748000086, -45.043739473999949 ], [ 167.30560924100007, -45.043685179999954 ], [ 167.305295082000043, -45.043661068999938 ], [ 167.305245429000024, -45.043640041999936 ], [ 167.305203463000112, -45.043622268999968 ], [ 167.305085542000029, -45.043695825999976 ], [ 167.30501546000005, -45.043809350999936 ], [ 167.304896406000012, -45.04400220399998 ], [ 167.304730215000063, -45.044055993999962 ], [ 167.304715050000027, -45.044060903999934 ], [ 167.30456106400004, -45.044177781999963 ], [ 167.303596158000119, -45.04411840299997 ], [ 167.303590384000017, -45.044111456999985 ], [ 167.303212148000057, -45.043648409999946 ], [ 167.303187256000115, -45.043634747999931 ], [ 167.30314170500003, -45.043609747999938 ], [ 167.302986383000075, -45.043524501999968 ], [ 167.302932054000053, -45.043517236999946 ], [ 167.302718877000075, -45.043488735999972 ], [ 167.302574283000013, -45.043359366999937 ], [ 167.302572678000047, -45.043357933999971 ], [ 167.302390504000073, -45.043269553999949 ], [ 167.301237968000123, -45.04285269199994 ], [ 167.301171579000084, -45.042839755999978 ], [ 167.300847198000042, -45.042776551999964 ], [ 167.30025373400008, -45.042508805999944 ], [ 167.300146644000051, -45.042460491999975 ], [ 167.300018050000062, -45.042447944999935 ], [ 167.299453503000109, -45.042392862999975 ], [ 167.299080063000019, -45.042270513999938 ], [ 167.299016153000025, -45.042249574999971 ], [ 167.299006056000053, -45.042246266999939 ], [ 167.298915504000092, -45.042196687999933 ], [ 167.298789135000106, -45.042032583999969 ], [ 167.298769134000054, -45.041804381999953 ], [ 167.298766347000083, -45.041772568999932 ], [ 167.29781811600003, -45.041713974999936 ], [ 167.297476334000066, -45.041460737999955 ], [ 167.297388276000106, -45.04134449999998 ], [ 167.297378359000049, -45.041331411999977 ], [ 167.296250655000108, -45.041309933999969 ], [ 167.295908077000036, -45.041358227999979 ], [ 167.295298483000124, -45.041444161999948 ], [ 167.295022924000023, -45.041444979999937 ], [ 167.294868314000041, -45.041445437999982 ], [ 167.294624918000068, -45.041501054999969 ], [ 167.294140460000108, -45.041685793999932 ], [ 167.293864816000109, -45.041790902999935 ], [ 167.2935843140001, -45.041855737999981 ], [ 167.293344040000079, -45.041911272999982 ], [ 167.293200202000094, -45.041893123999955 ], [ 167.293179409000118, -45.041890499999965 ], [ 167.292904151000016, -45.041856133999943 ], [ 167.292799743000046, -45.041814529999954 ], [ 167.292322600000034, -45.041624397999954 ], [ 167.291813722000029, -45.041610943999956 ], [ 167.291630360000113, -45.041702899999962 ], [ 167.29137770400007, -45.042175703999931 ], [ 167.291324750000058, -45.042545632999975 ], [ 167.290832193000028, -45.042870352999955 ], [ 167.290672499000038, -45.043032035999943 ], [ 167.290649809000115, -45.043131394999932 ], [ 167.290562909000073, -45.043511918999968 ], [ 167.29029374400011, -45.043937553999967 ], [ 167.290223834000017, -45.044048098999951 ], [ 167.289457134000031, -45.044404346999954 ], [ 167.288867515000106, -45.044409434999977 ], [ 167.288667594000117, -45.044501468999954 ], [ 167.288476439000078, -45.044672416999958 ], [ 167.288064916000053, -45.044652040999949 ], [ 167.288060959000063, -45.044650606999937 ], [ 167.287848692000011, -45.044573678999939 ], [ 167.287489872000037, -45.044341218999932 ], [ 167.287115936000077, -45.04393932499994 ], [ 167.286493718000088, -45.042983891999938 ], [ 167.286410128000057, -45.042741687999978 ], [ 167.286406615000033, -45.042731511999932 ], [ 167.286313067000037, -45.042718472999979 ], [ 167.286155591000124, -45.042696525999986 ], [ 167.286089252000124, -45.042664940999941 ], [ 167.286051649000115, -45.042647037999984 ], [ 167.286049856000091, -45.042646184999967 ], [ 167.286046739000085, -45.042642651999984 ], [ 167.285820946000058, -45.042386778999969 ], [ 167.285128365000105, -45.041822956999965 ], [ 167.284719160000122, -45.041611442999965 ], [ 167.284298987000057, -45.041511242999945 ], [ 167.28427368600012, -45.041494977999946 ], [ 167.283675602000017, -45.04111050299997 ], [ 167.283516716000122, -45.040951398999937 ], [ 167.283294615000045, -45.040728992999959 ], [ 167.282836291000081, -45.040460914999983 ], [ 167.282370753000123, -45.040369281999972 ], [ 167.280825704000108, -45.04028173599994 ], [ 167.280588032000082, -45.040268266999931 ], [ 167.280464022000046, -45.040247419999957 ], [ 167.280306432000089, -45.04022092799994 ], [ 167.279384359000119, -45.039882026999976 ], [ 167.279242556000099, -45.039874994999934 ], [ 167.279058219000035, -45.03980902099994 ], [ 167.279050340000026, -45.039804711999977 ], [ 167.278740732000074, -45.039635410999949 ], [ 167.278722590000029, -45.039562726999975 ], [ 167.278717935000032, -45.039544073999934 ], [ 167.278428191000103, -45.039231116999986 ], [ 167.278227261000097, -45.039197005999938 ], [ 167.278195444000062, -45.039191605999974 ], [ 167.278107041000112, -45.039109462999932 ], [ 167.278092886000081, -45.03909631199997 ], [ 167.277824476000092, -45.03908299699998 ], [ 167.277596268000025, -45.039139329999955 ], [ 167.277569695000011, -45.039408630999958 ], [ 167.277618381000025, -45.039472985999964 ], [ 167.27764060100003, -45.039502354999968 ], [ 167.277624180000089, -45.039759411999967 ], [ 167.277612570000088, -45.039941174999967 ], [ 167.277581620000092, -45.039962730999946 ], [ 167.277475950000053, -45.040036329999964 ], [ 167.277319004000105, -45.040011097999979 ], [ 167.277275433000113, -45.040004092999936 ], [ 167.277273055000023, -45.04000371099994 ], [ 167.277259536000088, -45.039988875999939 ], [ 167.277014757000074, -45.039720275999969 ], [ 167.276976979000096, -45.03971839899998 ], [ 167.276840035000077, -45.039711605999969 ], [ 167.276781159000052, -45.039663580999957 ], [ 167.276676698000074, -45.039432878999946 ], [ 167.276745511000058, -45.039394244999983 ], [ 167.27686122700004, -45.039329277999968 ], [ 167.276987081000016, -45.039188485999944 ], [ 167.277010750000045, -45.039136956999982 ], [ 167.277108613000109, -45.038923894999982 ], [ 167.277297951000037, -45.038832470999978 ], [ 167.277342401000055, -45.038811009999961 ], [ 167.277395890000093, -45.038746008999965 ], [ 167.277427806000105, -45.038266501999942 ], [ 167.277434722000066, -45.038162587999977 ], [ 167.277435448000119, -45.038151703999972 ], [ 167.277280962000077, -45.038131409999949 ], [ 167.277018927000086, -45.038182454999969 ], [ 167.276753688000099, -45.038309854999966 ], [ 167.27667167900006, -45.038349244999949 ], [ 167.276162725000063, -45.038504402999934 ], [ 167.276076383000031, -45.038516171999959 ], [ 167.275857084000108, -45.038546064999935 ], [ 167.27559279500008, -45.038645706999944 ], [ 167.274907217000077, -45.038656781999975 ], [ 167.274179768000067, -45.038937296999961 ], [ 167.273821670000075, -45.039020550999965 ], [ 167.273671005000097, -45.03910327899996 ], [ 167.273645295000051, -45.039100645999952 ], [ 167.27346569700012, -45.03908225899994 ], [ 167.273255810000023, -45.038953463999974 ], [ 167.273225778000096, -45.038935036999931 ], [ 167.273004214000025, -45.03892403499998 ], [ 167.272941556000092, -45.038967673999935 ], [ 167.272867589000043, -45.039019184999972 ], [ 167.272655461000113, -45.038986440999963 ], [ 167.272591889000068, -45.038976627999944 ], [ 167.272572426000124, -45.039054279999959 ], [ 167.272528907000037, -45.039227884999946 ], [ 167.27240569300011, -45.03936209799997 ], [ 167.272350699000071, -45.039422000999934 ], [ 167.272372011000016, -45.039443442999982 ], [ 167.272539339000105, -45.039611782999941 ], [ 167.272569105000116, -45.03973332399994 ], [ 167.272572886000034, -45.039748759999952 ], [ 167.272398061000104, -45.039826576999985 ], [ 167.272390565000023, -45.039829911999959 ], [ 167.272164896000049, -45.03952553299996 ], [ 167.272179103000099, -45.039381691999949 ], [ 167.272187061000068, -45.039301115999933 ], [ 167.272115033000091, -45.039251509999986 ], [ 167.271904733000042, -45.039106679999975 ], [ 167.27191265600004, -45.03885900299997 ], [ 167.272057939000092, -45.038843665999934 ], [ 167.272512978000123, -45.038899641999933 ], [ 167.272575101000029, -45.038956883999958 ], [ 167.272586447000094, -45.038967336999974 ], [ 167.272631492000073, -45.038964285999953 ], [ 167.272686352000051, -45.038960570999961 ], [ 167.272717250000028, -45.038763649999964 ], [ 167.272820007000064, -45.03868936899994 ], [ 167.272890690000054, -45.038690793999933 ], [ 167.273217439000064, -45.038697377999938 ], [ 167.273430256000097, -45.038629464999985 ], [ 167.273435478000124, -45.038576571999954 ], [ 167.27344133500003, -45.038517255999977 ], [ 167.273493878000068, -45.038474760999975 ], [ 167.27390871800003, -45.038461077999955 ], [ 167.273899296000081, -45.038434410999969 ], [ 167.273862976000032, -45.038331615999937 ], [ 167.273577222000085, -45.037924629999964 ], [ 167.273507611000014, -45.037825484999985 ], [ 167.273502701000098, -45.037818490999939 ], [ 167.273211245000084, -45.037626311999929 ], [ 167.273150291000093, -45.037626043999978 ], [ 167.272972165000056, -45.037625263999985 ], [ 167.272864041000048, -45.037469813999962 ], [ 167.272855187000118, -45.037457082999936 ], [ 167.272293570000102, -45.037411152999937 ], [ 167.269660749000082, -45.037326375999953 ], [ 167.267275162000033, -45.037005755999985 ], [ 167.265919688000054, -45.036882442999968 ], [ 167.265906828000084, -45.036878848999947 ], [ 167.265625033000106, -45.036800134999964 ], [ 167.264964229000043, -45.036406445999944 ], [ 167.264944085000025, -45.036325647999945 ], [ 167.264941457000077, -45.03631510799994 ], [ 167.264598897000042, -45.036241240999971 ], [ 167.264477957000054, -45.036239469999941 ], [ 167.264264784000034, -45.036236350999957 ], [ 167.26390239300008, -45.036195774999953 ], [ 167.263577360000113, -45.036111950999953 ], [ 167.26326085900007, -45.036096207999947 ], [ 167.263044814000068, -45.036029532999976 ], [ 167.262927416000025, -45.035952793999968 ], [ 167.262895445000026, -45.035931895999965 ], [ 167.2618242530001, -45.035738779999974 ], [ 167.261359469000013, -45.035717702999932 ], [ 167.260802154000089, -45.035692427999948 ], [ 167.260330008000096, -45.035644814999955 ], [ 167.259936774000039, -45.035605157999953 ], [ 167.25963476000004, -45.03544308599993 ], [ 167.258989332000056, -45.035382993999974 ], [ 167.258367784000029, -45.035223051999935 ], [ 167.257868313000017, -45.034960935999948 ], [ 167.257724895000024, -45.034957713999972 ], [ 167.25743925900008, -45.034951297999953 ], [ 167.25729471000011, -45.034914068999967 ], [ 167.257222160000083, -45.034895383999981 ], [ 167.256882289000032, -45.035115706999932 ], [ 167.25569607400007, -45.035056625999971 ], [ 167.255543808000084, -45.03509738799994 ], [ 167.255304012000124, -45.035161581999944 ], [ 167.254938914000036, -45.035083435999979 ], [ 167.254820641000038, -45.035058119999974 ], [ 167.254286534000016, -45.035055866999983 ], [ 167.25376579400006, -45.03526536399994 ], [ 167.252687230000106, -45.035403760999941 ], [ 167.252328054000031, -45.035497747999955 ], [ 167.252180462000069, -45.035536367999953 ], [ 167.251805915000091, -45.035576606999939 ], [ 167.251457772000094, -45.035614008999971 ], [ 167.25121513800002, -45.035815707999973 ], [ 167.251132430000098, -45.036065309999969 ], [ 167.251078989000121, -45.036226586999931 ], [ 167.250766230000067, -45.036536310999963 ], [ 167.250655762000065, -45.036645705999945 ], [ 167.249462956000116, -45.037127485999974 ], [ 167.249389863000033, -45.037128757999938 ], [ 167.249127771000076, -45.037133321999931 ], [ 167.249003612000024, -45.037078673999986 ], [ 167.248838854000041, -45.037006153999982 ], [ 167.248615079000047, -45.037017545999959 ], [ 167.248512978000122, -45.037140015999967 ], [ 167.248290162000103, -45.037407280999957 ], [ 167.248080106000089, -45.037544163999939 ], [ 167.247984120000069, -45.037606714999981 ], [ 167.247349562000068, -45.037744654999983 ], [ 167.247216280000089, -45.037805663999961 ], [ 167.246951834000015, -45.03779691699998 ], [ 167.24651881300008, -45.037782594999953 ], [ 167.246438997000041, -45.037757606999946 ], [ 167.246302872000115, -45.037714990999973 ], [ 167.245968751000078, -45.037710047999951 ], [ 167.245895868000048, -45.037649579999936 ], [ 167.245508515000097, -45.037540041999932 ], [ 167.245413565000035, -45.03753530399996 ], [ 167.245327140000086, -45.037573438999971 ], [ 167.245114191000084, -45.037667403999933 ], [ 167.24453191300006, -45.037657144999969 ], [ 167.244415655000012, -45.03765509599998 ], [ 167.24426836900011, -45.037621806999937 ], [ 167.243140184000026, -45.03736680999998 ], [ 167.242413600000077, -45.037150116999953 ], [ 167.24213773300005, -45.03701954099995 ], [ 167.242094012000052, -45.03699884699995 ], [ 167.241604072000086, -45.036974381999983 ], [ 167.24128415000007, -45.037014725999938 ], [ 167.241153129000054, -45.037031246999959 ], [ 167.240266758000075, -45.037018674999956 ], [ 167.239569739000103, -45.03700878199993 ], [ 167.239563755000063, -45.037008696999976 ], [ 167.239395930000114, -45.03694348199997 ], [ 167.239299865000021, -45.036645127999975 ], [ 167.239200502000017, -45.03633653199995 ], [ 167.238933154000051, -45.036158995999983 ], [ 167.238671797000052, -45.036062043999948 ], [ 167.237949288000095, -45.035958284999936 ], [ 167.237578418000112, -45.035849543999973 ], [ 167.237046305000035, -45.035790735999967 ], [ 167.236460935000082, -45.03572603899994 ], [ 167.236175934000016, -45.035616426999979 ], [ 167.236123949000103, -45.035596433999956 ], [ 167.236108035000029, -45.035586859999967 ], [ 167.235613758000113, -45.035289475999946 ], [ 167.235100113000044, -45.034870023999986 ], [ 167.235084238000013, -45.034857060999968 ], [ 167.234933940000019, -45.034537050999973 ], [ 167.234926743000074, -45.034521724999934 ], [ 167.234607939000057, -45.034529239999983 ], [ 167.234236425000063, -45.034747012999958 ], [ 167.233529643000111, -45.034971475999953 ], [ 167.233285247000026, -45.034952267999984 ], [ 167.233150933000047, -45.034941711999977 ], [ 167.232814688000076, -45.034958272999972 ], [ 167.232472091000091, -45.034885206999945 ], [ 167.232375789000116, -45.034840709999969 ], [ 167.232272849000083, -45.034793146999959 ], [ 167.232198416000074, -45.034758755999974 ], [ 167.232048466000037, -45.03451400199998 ], [ 167.232103436000102, -45.033795071999975 ], [ 167.232185988000083, -45.03343836199997 ], [ 167.232157853000103, -45.033287530999985 ], [ 167.232113800000093, -45.033051357999966 ], [ 167.23212528800002, -45.032769575999964 ], [ 167.231943731000115, -45.032483726999942 ], [ 167.231922900000086, -45.03245093299995 ], [ 167.231595011000081, -45.032180353999934 ], [ 167.231579604000103, -45.032167639999955 ], [ 167.231521178000094, -45.032156984999972 ], [ 167.231041066000103, -45.032069429999979 ], [ 167.230504117000123, -45.031835074999947 ], [ 167.230442588000074, -45.031808220999949 ], [ 167.230438767000123, -45.031806551999978 ], [ 167.229987027000107, -45.031378178999944 ], [ 167.229973774000086, -45.031365611999945 ], [ 167.229311972000119, -45.031309956999962 ], [ 167.228732736000097, -45.030886727999984 ], [ 167.228525212000022, -45.030622319999964 ], [ 167.228520486000093, -45.030616299999963 ], [ 167.228511240000103, -45.030613598999935 ], [ 167.228289315000097, -45.030548796999938 ], [ 167.227867342000081, -45.030302146999929 ], [ 167.22758860700003, -45.030073491999985 ], [ 167.227180863000058, -45.029850103999934 ], [ 167.226828725000018, -45.029563381999935 ], [ 167.22682657900009, -45.029561635999983 ], [ 167.226812543000051, -45.029550206999943 ], [ 167.226806540000098, -45.02954383499997 ], [ 167.226467384000102, -45.02918380899996 ], [ 167.226112222000097, -45.028917944999932 ], [ 167.225855390000106, -45.028622724999934 ], [ 167.225480868000091, -45.028364546999967 ], [ 167.2254673220001, -45.028355209999972 ], [ 167.225439787000028, -45.028295536999963 ], [ 167.225350134000109, -45.02810126199995 ], [ 167.225245735000044, -45.027969563999932 ], [ 167.22499640500007, -45.027655043999971 ], [ 167.224973359000046, -45.027512014999957 ], [ 167.224946874000011, -45.027347651999946 ], [ 167.22485215100005, -45.027308398999935 ], [ 167.224763625000037, -45.027271716999962 ], [ 167.224595666000027, -45.026891119999959 ], [ 167.224007123000092, -45.026399371999958 ], [ 167.223792782000032, -45.026163107999935 ], [ 167.223295128000018, -45.025863302999937 ], [ 167.223281565000093, -45.025855132999936 ], [ 167.22320969000009, -45.025676580999971 ], [ 167.222924669000122, -45.024968522999984 ], [ 167.222896690000084, -45.024764145999939 ], [ 167.222724930000027, -45.024617592999959 ], [ 167.222709112000075, -45.024604094999972 ], [ 167.222477930000082, -45.024664677999965 ], [ 167.222353686000019, -45.024866165999981 ], [ 167.222268567000015, -45.02500420299998 ], [ 167.221986722000111, -45.025112409999963 ], [ 167.221904849000111, -45.025143842999967 ], [ 167.221849259000123, -45.025150713999949 ], [ 167.22158287700006, -45.025183635999952 ], [ 167.221314944000028, -45.025105270999973 ], [ 167.221259043000032, -45.025088921999952 ], [ 167.220678809000106, -45.024806071999933 ], [ 167.220667052000067, -45.024800341999935 ], [ 167.22043967400009, -45.024529134999966 ], [ 167.220398016000104, -45.024315404999982 ], [ 167.220397589000072, -45.024313225999947 ], [ 167.219413304000113, -45.023621576999972 ], [ 167.218625940000038, -45.023379118999969 ], [ 167.218362097000067, -45.023342487999969 ], [ 167.218249552000088, -45.023326862999966 ], [ 167.217708747000074, -45.02316364099994 ], [ 167.217399989000114, -45.023070452999946 ], [ 167.217013176000023, -45.02280387199994 ], [ 167.216690037000035, -45.022720626999956 ], [ 167.216687023000077, -45.02271984999993 ], [ 167.21634597000002, -45.022466386999952 ], [ 167.216090192000024, -45.022148640999944 ], [ 167.216080145000092, -45.022108190999973 ], [ 167.215976746000024, -45.021691892999968 ], [ 167.215718836000065, -45.021360815999969 ], [ 167.215699186000052, -45.021335590999968 ], [ 167.215693720000104, -45.021328575999974 ], [ 167.215411484000015, -45.021123165999938 ], [ 167.214950126000076, -45.02089992599997 ], [ 167.214683457000092, -45.020770891999973 ], [ 167.214253375000112, -45.020494676999931 ], [ 167.214202719000014, -45.020462141999985 ], [ 167.214189776000012, -45.020453828999962 ], [ 167.214174024000044, -45.020415169999978 ], [ 167.214086576000113, -45.02020056899994 ], [ 167.213848877000032, -45.019882936999977 ], [ 167.213812191000102, -45.019833913999946 ], [ 167.213805999000101, -45.019825641999944 ], [ 167.213745405000054, -45.019800639999971 ], [ 167.212750516000028, -45.019390158999954 ], [ 167.211932089000015, -45.018988221999962 ], [ 167.211137464000103, -45.018501256999969 ], [ 167.211091881000016, -45.018473322999967 ], [ 167.211068647000047, -45.018456784999955 ], [ 167.210512373000029, -45.018060817999981 ], [ 167.210399969000036, -45.017949529999953 ], [ 167.210236892000012, -45.017788075999931 ], [ 167.208541544000013, -45.016538328999957 ], [ 167.208530961000065, -45.01653052599994 ], [ 167.207242304000033, -45.015227238999955 ], [ 167.207229084000119, -45.015213869999968 ], [ 167.207102537000083, -45.015207509999982 ], [ 167.206962672000031, -45.015238543999942 ], [ 167.206727953000041, -45.015290622999942 ], [ 167.206250779000015, -45.015267318999975 ], [ 167.206095130000108, -45.015259716999935 ], [ 167.205411408000032, -45.015101756999968 ], [ 167.205107987000019, -45.015109054999982 ], [ 167.204581533000123, -45.015286465999964 ], [ 167.204500978000056, -45.015290535999952 ], [ 167.20435783400012, -45.015297769999961 ], [ 167.204178507000051, -45.015259889999982 ], [ 167.204085933000101, -45.01524033499993 ], [ 167.204077589000121, -45.01523857199993 ], [ 167.20394590300009, -45.015130911999961 ], [ 167.203939589000015, -45.01502865599997 ], [ 167.2044567370001, -45.014626152999938 ], [ 167.204323290000048, -45.014495754999984 ], [ 167.204310743000065, -45.014483494999979 ], [ 167.203677266000113, -45.014293767999959 ], [ 167.203586305000044, -45.014304363999941 ], [ 167.203066045000014, -45.014364968999985 ], [ 167.202398446000075, -45.014274563999948 ], [ 167.202281783000103, -45.014258765999955 ], [ 167.201997612000014, -45.01413711899994 ], [ 167.20175250200009, -45.01403186999994 ], [ 167.201678091000076, -45.014000160999956 ], [ 167.201182992000099, -45.013787611999931 ], [ 167.200894589000086, -45.013555689999976 ], [ 167.200788598000031, -45.013470969999958 ], [ 167.200343566000015, -45.013113888999953 ], [ 167.199711197000056, -45.012913369999978 ], [ 167.199235316000113, -45.012890323999954 ], [ 167.198606678000033, -45.012983176999967 ], [ 167.198529352000037, -45.013023621999935 ], [ 167.198515423000117, -45.013030905999983 ], [ 167.198170732000108, -45.013209317999952 ], [ 167.197709308000071, -45.013269618999971 ], [ 167.197607602000062, -45.01328290999993 ], [ 167.19740450300003, -45.013272891999975 ], [ 167.196720464000123, -45.013239147999968 ], [ 167.196469101000048, -45.01318336199995 ], [ 167.196400536000056, -45.013168144999952 ], [ 167.19639449500005, -45.013166802999933 ], [ 167.195843593000063, -45.012764667999932 ], [ 167.195830336000085, -45.01275499299993 ], [ 167.195067508000079, -45.012562117999948 ], [ 167.195055096000033, -45.012558978999948 ], [ 167.194502183000054, -45.012034960999983 ], [ 167.194472010000027, -45.011895252999977 ], [ 167.194457862000036, -45.011829750999937 ], [ 167.194359471000098, -45.011769224999966 ], [ 167.194356603000074, -45.01176745999993 ], [ 167.194338063000032, -45.011756056999957 ], [ 167.193266460000018, -45.011827468999968 ], [ 167.192470689000061, -45.012376010999958 ], [ 167.191526116000091, -45.013027110999985 ], [ 167.191389862000051, -45.013088013999948 ], [ 167.191275816000029, -45.013138990999948 ], [ 167.191266463000034, -45.013136664999934 ], [ 167.190934574000039, -45.013054132999969 ], [ 167.190594290000035, -45.012822094999933 ], [ 167.190577432000055, -45.012810599999966 ], [ 167.189890989000105, -45.012832831999958 ], [ 167.189604387000031, -45.012903912999946 ], [ 167.189434525000024, -45.012946040999964 ], [ 167.189162980000106, -45.012940393999941 ], [ 167.189038553000046, -45.012937806999958 ], [ 167.188488100000086, -45.012707072999945 ], [ 167.187071156000115, -45.012637411999947 ], [ 167.187064364000094, -45.012637076999965 ], [ 167.186511207000081, -45.012161492999951 ], [ 167.186507027000061, -45.012157899999977 ], [ 167.186191463000114, -45.012001607999935 ], [ 167.185748557000011, -45.011782241999981 ], [ 167.185470600000031, -45.011700557999973 ], [ 167.184768136000116, -45.011289855999962 ], [ 167.184584014000052, -45.011182206999933 ], [ 167.183989985000039, -45.010900717999959 ], [ 167.182244553000032, -45.010073588999944 ], [ 167.181824017000054, -45.009815998999954 ], [ 167.181495623000046, -45.009438565999972 ], [ 167.181390432000057, -45.009219447999953 ], [ 167.181432759000018, -45.009112948999984 ], [ 167.181623472000069, -45.008633098999951 ], [ 167.181673588000081, -45.008285600999955 ], [ 167.181603133000067, -45.008228724999981 ], [ 167.181597864000082, -45.008224470999949 ], [ 167.181584179000083, -45.008213425999941 ], [ 167.180824924000035, -45.008175991999963 ], [ 167.180067812000061, -45.007800359999976 ], [ 167.179908389000047, -45.007792308999967 ], [ 167.179611460000046, -45.007912632999933 ], [ 167.179248595000104, -45.007806268999957 ], [ 167.179239621000079, -45.007803637999984 ], [ 167.178438688000028, -45.007152169999983 ], [ 167.178428389000032, -45.007143792999955 ], [ 167.177709285000105, -45.006916144999934 ], [ 167.177706145000116, -45.006915149999941 ], [ 167.176705772000105, -45.006289385999935 ], [ 167.176687907000087, -45.006278211999984 ], [ 167.176551523000057, -45.006272959999933 ], [ 167.176312949000021, -45.006263773999933 ], [ 167.17562638600009, -45.006237193999937 ], [ 167.175229784000067, -45.006132195999953 ], [ 167.17509993300007, -45.006097817999944 ], [ 167.17470500200011, -45.006067028999951 ], [ 167.174588942000014, -45.00612138799994 ], [ 167.174458136000112, -45.006182653999986 ], [ 167.174137896000047, -45.006332456999985 ], [ 167.173805537000021, -45.006369457999938 ], [ 167.173719936000111, -45.006378987999938 ], [ 167.172182209000084, -45.006166810999957 ], [ 167.17134111900009, -45.006159454999931 ], [ 167.17093942300005, -45.006195971999944 ], [ 167.17083776700008, -45.006258490999983 ], [ 167.170731727000089, -45.006441542999937 ], [ 167.170685450000065, -45.006521426999939 ], [ 167.170607987000039, -45.00656906699993 ], [ 167.170532286000025, -45.006615622999959 ], [ 167.169888820000097, -45.006527135999931 ], [ 167.168959223000115, -45.006932075999941 ], [ 167.168748563000122, -45.00697043699995 ], [ 167.168424230000028, -45.007029498999941 ], [ 167.168094657000097, -45.007047289999946 ], [ 167.16788082100004, -45.007058832999974 ], [ 167.166903607000108, -45.00697599199998 ], [ 167.165798629000051, -45.006775331999961 ], [ 167.165794620000042, -45.006774603999986 ], [ 167.165228490000118, -45.006385080999962 ], [ 167.16479340300009, -45.005957082999942 ], [ 167.164568722000013, -45.005240302999937 ], [ 167.164565248000031, -45.005229223999947 ], [ 167.163445465000109, -45.005122892999964 ], [ 167.162982772000078, -45.005133736999937 ], [ 167.162394106000079, -45.005203665999943 ], [ 167.162242735000063, -45.005221645999939 ], [ 167.162069615000064, -45.005198193999945 ], [ 167.161976775000085, -45.005185617999985 ], [ 167.160820934000071, -45.004654324999933 ], [ 167.160383638000098, -45.004564502999983 ], [ 167.159834554000099, -45.004650344999959 ], [ 167.159155784000063, -45.005089570999985 ], [ 167.159073791000083, -45.005098006999958 ], [ 167.158785718000104, -45.005127645999949 ], [ 167.158106138000107, -45.005132888999981 ], [ 167.156743055000106, -45.005031451999969 ], [ 167.15650822300006, -45.00501397599993 ], [ 167.156104441000025, -45.00515949399994 ], [ 167.156111441000121, -45.005199248999929 ], [ 167.156139220000114, -45.005357024999967 ], [ 167.156003908000116, -45.005449628999941 ], [ 167.155969858000049, -45.005472932999965 ], [ 167.155824708000068, -45.005501469999956 ], [ 167.155466486000023, -45.00557189899996 ], [ 167.154062190000104, -45.005686326999978 ], [ 167.15349449100006, -45.005732581999951 ], [ 167.152975981000054, -45.006158250999931 ], [ 167.152629195000031, -45.007087918999957 ], [ 167.152278478000085, -45.007436121999945 ], [ 167.152099265000061, -45.007614046999947 ], [ 167.152025718000118, -45.007666508999932 ], [ 167.151655302000108, -45.007930727999963 ], [ 167.150916468000105, -45.008649233999961 ], [ 167.150635691000048, -45.009075234999955 ], [ 167.150490489000049, -45.009417901999939 ], [ 167.150144660000024, -45.009694449999984 ], [ 167.150045238000075, -45.009720258999948 ], [ 167.149964439000087, -45.009741233999932 ], [ 167.149756455000102, -45.009756164999942 ], [ 167.149500707000016, -45.009774526999934 ], [ 167.149495322000121, -45.009773275999976 ], [ 167.14912791800009, -45.009687935999978 ], [ 167.148940877000086, -45.00948718199993 ], [ 167.148807479000084, -45.008578247999935 ], [ 167.148790790000021, -45.008535510999934 ], [ 167.14866801200003, -45.008221128999935 ], [ 167.148486994000109, -45.008073767999974 ], [ 167.148476372000118, -45.008065120999959 ], [ 167.148462353000014, -45.008053709999956 ], [ 167.148146046000079, -45.008037645999934 ], [ 167.147929747000035, -45.008092783999984 ], [ 167.147738796000112, -45.008141459999933 ], [ 167.147095983000099, -45.008134973999972 ], [ 167.146896506000076, -45.008132961999934 ], [ 167.146254824000039, -45.008322082999939 ], [ 167.146241154000109, -45.008326111999963 ], [ 167.146153055000013, -45.008253974999946 ], [ 167.146119928000076, -45.007965092999939 ], [ 167.146119236000118, -45.007959054999958 ], [ 167.145957138000085, -45.007826320999982 ], [ 167.145354922000024, -45.007740665999961 ], [ 167.145345328000076, -45.007739300999958 ], [ 167.144684434000055, -45.00703 ], [ 167.144712206000122, -45.006591154999967 ], [ 167.14446754800008, -45.006004044999941 ], [ 167.144070637000027, -45.005363185999954 ], [ 167.143951506000121, -45.004805006999959 ], [ 167.143875628000046, -45.004661504999945 ], [ 167.143148572000086, -45.003286450999951 ], [ 167.142785528000104, -45.002880936999929 ], [ 167.142747479000036, -45.002838435999934 ], [ 167.142698998000014, -45.002688917999933 ], [ 167.142798937000066, -45.00263296299994 ], [ 167.143068294000045, -45.002482150999981 ], [ 167.143051050000054, -45.002423389999933 ], [ 167.143044643000053, -45.002401557999974 ], [ 167.143026503000101, -45.002384722999977 ], [ 167.14249239500009, -45.001889021999943 ], [ 167.142028917000061, -45.001627077999956 ], [ 167.142010025000104, -45.001616400999978 ], [ 167.141968255000052, -45.001400464999961 ], [ 167.142142264000086, -45.000923946999933 ], [ 167.14241340500007, -45.000757299999975 ], [ 167.142624055000056, -45.000711172999956 ], [ 167.14363116200002, -45.000660425999968 ], [ 167.144225447000053, -45.000441635999948 ], [ 167.144613818000039, -45.000370928999985 ], [ 167.144542299000022, -45.00028813299997 ], [ 167.144369456000049, -45.000222296999937 ], [ 167.144236185000068, -45.000171531999968 ], [ 167.14380415800008, -44.999878922999983 ], [ 167.143916661000048, -44.998903088999953 ], [ 167.143903340000065, -44.998880085999986 ], [ 167.143822461000013, -44.998740422999958 ], [ 167.143471351000017, -44.998422816999948 ], [ 167.143413511000062, -44.99837049599995 ], [ 167.14336731100002, -44.997556196999938 ], [ 167.14301600400006, -44.997245133999968 ], [ 167.143086060000087, -44.996865738999929 ], [ 167.142941620000101, -44.996722605999935 ], [ 167.142681681000113, -44.996652551999944 ], [ 167.14263217600012, -44.996639210999945 ], [ 167.142352193000079, -44.996478434999972 ], [ 167.142350227000065, -44.996477303999939 ], [ 167.142330530000095, -44.996465993999948 ], [ 167.142234691000112, -44.996093035999934 ], [ 167.142319342000064, -44.996076020999965 ], [ 167.142324238000015, -44.996075035999979 ], [ 167.141573035000079, -44.995756702999984 ], [ 167.141559759000074, -44.995751075999976 ], [ 167.141092133000029, -44.995333047999964 ], [ 167.141016505000039, -44.994810454999936 ], [ 167.141071391000082, -44.994418095999947 ], [ 167.140939150000122, -44.994309770999962 ], [ 167.140924609000081, -44.99429786099995 ], [ 167.140511246000074, -44.994299389999981 ], [ 167.140376750000087, -44.994358225999974 ], [ 167.140278462000083, -44.994401221999965 ], [ 167.140026465000119, -44.994388403999949 ], [ 167.139944548000017, -44.994384236999963 ], [ 167.139930610000079, -44.994383526999968 ], [ 167.139722852000091, -44.994237633999944 ], [ 167.139687812000034, -44.993942645999937 ], [ 167.139895682000088, -44.993772786999955 ], [ 167.139872207000053, -44.993747450999933 ], [ 167.139708818000031, -44.993571118999967 ], [ 167.138860456000089, -44.992888873999959 ], [ 167.138749234000102, -44.992799427999955 ], [ 167.138737566000032, -44.992790045999982 ], [ 167.138416241000073, -44.992660924999939 ], [ 167.138287486000081, -44.99267692799998 ], [ 167.13811816000009, -44.99278620299998 ], [ 167.137931145000039, -44.992906890999961 ], [ 167.137783634000016, -44.992959089999943 ], [ 167.13765029700005, -44.993006273999981 ], [ 167.137169163000067, -44.993049449999944 ], [ 167.136691952000092, -44.993217322999953 ], [ 167.136630462000085, -44.99321549299998 ], [ 167.136136753000073, -44.993200790999936 ], [ 167.135987717000035, -44.993102986999929 ], [ 167.136444167000036, -44.992675135999946 ], [ 167.136448751000103, -44.99230277199996 ], [ 167.136583354000095, -44.991914471999962 ], [ 167.137186900000074, -44.991427344999977 ], [ 167.137004766000018, -44.991191629999946 ], [ 167.137001945000065, -44.991120342999977 ], [ 167.13699582300012, -44.990965632999973 ], [ 167.136805116000119, -44.990814522999983 ], [ 167.136791050000056, -44.990803378999942 ], [ 167.136779241000113, -44.990794022999978 ], [ 167.136438601000123, -44.990654890999963 ], [ 167.136029239000095, -44.990607007999984 ], [ 167.135605556000087, -44.990557448999937 ], [ 167.135488149000025, -44.990461253999968 ], [ 167.135599892000073, -44.990286509999976 ], [ 167.135882999000046, -44.99016469399993 ], [ 167.136146106000069, -44.990108366999948 ], [ 167.136223453000071, -44.990091808999978 ], [ 167.136299115000043, -44.990053223999951 ], [ 167.136424517000023, -44.989989271999946 ], [ 167.136400879000121, -44.989908677999949 ], [ 167.136514974000079, -44.989723224999977 ], [ 167.136822324000036, -44.98951242499993 ], [ 167.136712722000084, -44.989326410999979 ], [ 167.136808964000124, -44.989267255999948 ], [ 167.136848274000045, -44.98924309399996 ], [ 167.137595422000118, -44.989246838999975 ], [ 167.137932099000068, -44.989110603999961 ], [ 167.138042155000107, -44.989065683999968 ], [ 167.139192162000086, -44.988051521999978 ], [ 167.139210297000091, -44.987872009999933 ], [ 167.139177948000111, -44.987831662999952 ], [ 167.139012720000096, -44.987625588999947 ], [ 167.1385361130001, -44.987196086999973 ], [ 167.138442950000012, -44.987112129999957 ], [ 167.137106494000022, -44.98632327699994 ], [ 167.137221758000123, -44.986126155999955 ], [ 167.136852370000042, -44.985881809999967 ], [ 167.136843628000065, -44.985829941999953 ], [ 167.137281807000022, -44.985519343999954 ], [ 167.137320356000032, -44.985137883999982 ], [ 167.137484838000091, -44.985057481999945 ], [ 167.137988984000117, -44.984811046999937 ], [ 167.138045774000034, -44.984698228999946 ], [ 167.138066915000081, -44.984656229999985 ], [ 167.138202453000076, -44.98457291099993 ], [ 167.138497205000021, -44.984527505999949 ], [ 167.138977228000044, -44.984453557999984 ], [ 167.139090949000092, -44.984403461999932 ], [ 167.139160823000111, -44.984372681999957 ], [ 167.139442420000023, -44.984199169999954 ], [ 167.139753202000065, -44.984007672999951 ], [ 167.139956496000082, -44.983834198999944 ], [ 167.140377793000084, -44.983474690999969 ], [ 167.140734240000029, -44.983255553999982 ], [ 167.141830428000048, -44.982785347999936 ], [ 167.141804391000051, -44.982564796999952 ], [ 167.141358338000032, -44.982248904999949 ], [ 167.14133460700009, -44.982169207999959 ], [ 167.141444227000079, -44.98202773099996 ], [ 167.141776247000053, -44.981886738999947 ], [ 167.142194052000036, -44.98184032599994 ], [ 167.142695468000056, -44.981910032999963 ], [ 167.14291283700004, -44.982020913999975 ], [ 167.143088355000032, -44.982110446999968 ], [ 167.143335801000035, -44.982123027999933 ], [ 167.143372900000031, -44.982124914999986 ], [ 167.143434019000097, -44.982106569999985 ], [ 167.143503985000052, -44.982085570999971 ], [ 167.143690743000093, -44.981914612999958 ], [ 167.143854119000025, -44.98176505899994 ], [ 167.143883131000052, -44.981693068999959 ], [ 167.143938911000077, -44.981554655999958 ], [ 167.143906980000111, -44.98145692099996 ], [ 167.143891972000119, -44.981410988999983 ], [ 167.143890355000053, -44.981406035999953 ], [ 167.143496205000019, -44.981205561999957 ], [ 167.14316340400012, -44.981137319999959 ], [ 167.142624467000019, -44.981026808999957 ], [ 167.142295820000072, -44.980807106999976 ], [ 167.142276619000086, -44.980682532999936 ], [ 167.142379439000024, -44.980608371999949 ], [ 167.142532542000026, -44.980597991999957 ], [ 167.143147358000078, -44.980556305999983 ], [ 167.14329659800012, -44.980468586999962 ], [ 167.143330161000108, -44.980448858999978 ], [ 167.143333833000042, -44.980446701999938 ], [ 167.142714581000064, -44.980193337999935 ], [ 167.142691753000122, -44.980183996999983 ], [ 167.142719432000035, -44.980060905999949 ], [ 167.142927242000042, -44.979891039999984 ], [ 167.142821575000085, -44.979804464999972 ], [ 167.142809843000123, -44.979794853999977 ], [ 167.142762908000122, -44.979788050999957 ], [ 167.142340061000027, -44.979726754999945 ], [ 167.142222663000098, -44.979630567999948 ], [ 167.142204641000035, -44.979494325999951 ], [ 167.142416893000018, -44.979267850999975 ], [ 167.142824626000106, -44.979006208999976 ], [ 167.143056614000102, -44.978901857999972 ], [ 167.143457099000102, -44.978721711999981 ], [ 167.144073974000094, -44.978280440999981 ], [ 167.144311951000077, -44.978110203999961 ], [ 167.144303442000023, -44.978075733999958 ], [ 167.144289395000101, -44.978018840999937 ], [ 167.144167153000012, -44.977858196999932 ], [ 167.144093008000027, -44.977760759999967 ], [ 167.144141473000104, -44.977582790999975 ], [ 167.144410232000041, -44.97743857599994 ], [ 167.144847882000022, -44.977358881999976 ], [ 167.146195283000111, -44.97730738599995 ], [ 167.146175368000058, -44.977161894999938 ], [ 167.146144792000086, -44.976938540999981 ], [ 167.146098083000084, -44.976862250999943 ], [ 167.145966924000049, -44.976648023999985 ], [ 167.145925742000031, -44.976262510999959 ], [ 167.146021836000045, -44.97593990799993 ], [ 167.146581719000096, -44.975656194999942 ], [ 167.146589767000023, -44.975652116999981 ], [ 167.146539384000107, -44.97564407599998 ], [ 167.146183240000028, -44.975587246999964 ], [ 167.14606475800008, -44.975501833999942 ], [ 167.146246049000069, -44.975443385999938 ], [ 167.146490654000104, -44.975434747999941 ], [ 167.146644014000117, -44.975429332999965 ], [ 167.14676316300006, -44.975381296999956 ], [ 167.146842744000082, -44.975349213999948 ], [ 167.147095643000057, -44.975362067999981 ], [ 167.147307878000106, -44.975463069999932 ], [ 167.147818364000045, -44.975127242999974 ], [ 167.148250381000025, -44.975103183999977 ], [ 167.14852493300009, -44.975147636999964 ], [ 167.148859402000085, -44.975201789999971 ], [ 167.148966638000047, -44.975152780999963 ], [ 167.148992640000074, -44.97514089699996 ], [ 167.149241227000061, -44.97456621699996 ], [ 167.149342851000029, -44.974503717999937 ], [ 167.14965734000009, -44.974548561999939 ], [ 167.149762222000049, -44.973949440999945 ], [ 167.149960515000089, -44.973722245999966 ], [ 167.150116311000033, -44.973752712999953 ], [ 167.150346323000122, -44.973965177999958 ], [ 167.150349274000064, -44.973967410999933 ], [ 167.150531372000046, -44.973924798999974 ], [ 167.151064755000107, -44.973799982999935 ], [ 167.151217787000064, -44.973690186999931 ], [ 167.151270255000099, -44.973652540999979 ], [ 167.151265111000043, -44.973623704999966 ], [ 167.151229647000036, -44.973424937999937 ], [ 167.151095203000068, -44.973170016999973 ], [ 167.150882073000048, -44.973017250999931 ], [ 167.150858142000061, -44.973000097999943 ], [ 167.150867187000017, -44.972910340999931 ], [ 167.151002679000044, -44.972827005999932 ], [ 167.151192348000109, -44.972836639999969 ], [ 167.151296428000023, -44.972897822999983 ], [ 167.151402318000123, -44.972960073999957 ], [ 167.151547199000106, -44.972951387999956 ], [ 167.151817879000077, -44.972935165999957 ], [ 167.15196689000004, -44.973032947999968 ], [ 167.152844794000089, -44.972998133999965 ], [ 167.153916362000018, -44.972769254999946 ], [ 167.154247404000103, -44.972536160999937 ], [ 167.154753579000044, -44.972179336999943 ], [ 167.155451837000101, -44.972022614999958 ], [ 167.156205540000087, -44.971958917999984 ], [ 167.1565335680001, -44.972020669999949 ], [ 167.157358977000058, -44.972027363999985 ], [ 167.157902918000104, -44.971928316999936 ], [ 167.158474943000101, -44.971824152999943 ], [ 167.158626415000072, -44.971773642999949 ], [ 167.158770824000044, -44.971725486999958 ], [ 167.158984161000035, -44.971561639999948 ], [ 167.159046295000053, -44.971513920999939 ], [ 167.159063452000055, -44.971488788999977 ], [ 167.159232622000104, -44.97124099499996 ], [ 167.159594250000055, -44.970968839999955 ], [ 167.159783464000043, -44.970490369999936 ], [ 167.159778485000061, -44.970452816999966 ], [ 167.159765402000062, -44.970354131999954 ], [ 167.159604279000064, -44.970117339999945 ], [ 167.159542868000017, -44.970027089999974 ], [ 167.159698210000101, -44.969910470999935 ], [ 167.160037500000044, -44.969805647999976 ], [ 167.160041855000031, -44.969804302999933 ], [ 167.160020653000061, -44.969798060999949 ], [ 167.159764141000096, -44.969722556999955 ], [ 167.159646733000045, -44.969626386999948 ], [ 167.159762425000054, -44.969575418999966 ], [ 167.160671881000098, -44.969542145999981 ], [ 167.161049030000072, -44.969582919999937 ], [ 167.161159965000024, -44.969627815999957 ], [ 167.161400714000024, -44.969725247999975 ], [ 167.161689211000066, -44.969710324999937 ], [ 167.161735418000035, -44.969707933999985 ], [ 167.162804081000104, -44.969355233999977 ], [ 167.162966519000065, -44.96926157799993 ], [ 167.163326165000058, -44.969054213999982 ], [ 167.163522609000097, -44.968841678999979 ], [ 167.163645579000104, -44.968708636999963 ], [ 167.163953799000069, -44.968486990999963 ], [ 167.164157157000091, -44.968464353999934 ], [ 167.164371487000039, -44.968440495999971 ], [ 167.164458618000026, -44.96840534699993 ], [ 167.164768845000026, -44.968280199999981 ], [ 167.165055673000097, -44.968271275999939 ], [ 167.165080015000058, -44.968285305999984 ], [ 167.165355976000114, -44.96844436899994 ], [ 167.165589487000034, -44.968456197999956 ], [ 167.165610113000071, -44.968457242999932 ], [ 167.165613543000063, -44.968449557999975 ], [ 167.16564948000007, -44.96836902299998 ], [ 167.165466127000059, -44.968145021999931 ], [ 167.165204871000014, -44.967976618999955 ], [ 167.165182081000012, -44.967961926999976 ], [ 167.165328818000035, -44.967766378999954 ], [ 167.16548686200008, -44.967774384999984 ], [ 167.16579640100008, -44.968098273999942 ], [ 167.16580307400011, -44.968105255999944 ], [ 167.165805378000073, -44.968104687999983 ], [ 167.166031104000012, -44.968049145999942 ], [ 167.16631558500012, -44.968063556999937 ], [ 167.166525572000069, -44.968186962999937 ], [ 167.166726722000021, -44.968410959999972 ], [ 167.166804062000097, -44.968543613999941 ], [ 167.166889317000027, -44.968689842999936 ], [ 167.167111235000107, -44.968858958999931 ], [ 167.167120790000013, -44.968860254999981 ], [ 167.167503650000072, -44.968912211999964 ], [ 167.167738488000055, -44.969104533999939 ], [ 167.167930400000046, -44.969091699999979 ], [ 167.167881883000064, -44.968942191999986 ], [ 167.16796746600005, -44.968710161999979 ], [ 167.168103012000074, -44.968625909999957 ], [ 167.168229451000116, -44.968632312999944 ], [ 167.168327462000093, -44.968663837999941 ], [ 167.168645538000078, -44.968766150999954 ], [ 167.168719704000068, -44.968711837999933 ], [ 167.168731957000091, -44.968702864999955 ], [ 167.168748679000032, -44.968207528999983 ], [ 167.168852524000044, -44.96812257199997 ], [ 167.16912516900004, -44.968090367999935 ], [ 167.169437329000061, -44.968139470999972 ], [ 167.169548017000011, -44.968156882999949 ], [ 167.169746014000111, -44.968141548999938 ], [ 167.169900227000085, -44.968129605999934 ], [ 167.16991090800002, -44.968142657999977 ], [ 167.170141319000095, -44.968424183999957 ], [ 167.170148234000067, -44.968419675999939 ], [ 167.170363702000031, -44.968279226999982 ], [ 167.170372490000091, -44.968273498999963 ], [ 167.17046360400002, -44.968214058999934 ], [ 167.170501474000048, -44.968170897999983 ], [ 167.1707864870001, -44.967846086999941 ], [ 167.171503002000122, -44.967341963999957 ], [ 167.171639711000012, -44.967246037999985 ], [ 167.171613052000112, -44.966714226999954 ], [ 167.17170289000012, -44.966616830999953 ], [ 167.171814838000046, -44.966600218999986 ], [ 167.172020224000107, -44.966569739999954 ], [ 167.172154420000084, -44.966549466999936 ], [ 167.172258793000083, -44.966452907999951 ], [ 167.172293107000087, -44.96642116299995 ], [ 167.172425097000087, -44.966163621999954 ], [ 167.172530154000015, -44.965958628999942 ], [ 167.172537135000084, -44.965889091999941 ], [ 167.17254567000009, -44.96580407099998 ], [ 167.172545924000019, -44.96580155099997 ], [ 167.172263395000073, -44.965662293999969 ], [ 167.172242006000033, -44.965651751999985 ], [ 167.172230764000119, -44.965447297999958 ], [ 167.172612725000022, -44.965275370999962 ], [ 167.173973042000057, -44.965015815999948 ], [ 167.174358602000098, -44.964820609999947 ], [ 167.174512681000124, -44.964659666999978 ], [ 167.174609854000096, -44.964558165999961 ], [ 167.174619736000068, -44.964518835999968 ], [ 167.174656405000064, -44.964372873999935 ], [ 167.174796344000015, -44.964244629999939 ], [ 167.174990581000088, -44.96420844599993 ], [ 167.175732408000044, -44.964426394999975 ], [ 167.176129796000055, -44.964265160999958 ], [ 167.176138963000085, -44.964211501999955 ], [ 167.176169825000102, -44.964030823999963 ], [ 167.176061484000115, -44.96376485199994 ], [ 167.176029123000035, -44.963685403999932 ], [ 167.175762110000051, -44.963421103999963 ], [ 167.175680001000046, -44.963340268999957 ], [ 167.175621697000111, -44.963123511999981 ], [ 167.175707714000055, -44.962391865999962 ], [ 167.175708364000116, -44.962386332999984 ], [ 167.175648564000085, -44.962371039999937 ], [ 167.175308208000047, -44.962283998999965 ], [ 167.175250579000021, -44.962225150999984 ], [ 167.175387049000051, -44.961780129999966 ], [ 167.17539033200012, -44.961769419999939 ], [ 167.175259846000017, -44.961766268999952 ], [ 167.174503027000014, -44.961747991999971 ], [ 167.174447652000026, -44.961666703999981 ], [ 167.174547281000059, -44.961420946999965 ], [ 167.175086351000118, -44.960987220999982 ], [ 167.175191076000033, -44.96056399899993 ], [ 167.175793916000089, -44.96057103499993 ], [ 167.176273686000059, -44.960682265999935 ], [ 167.176416030000041, -44.960715265999966 ], [ 167.17651628200008, -44.960706228999982 ], [ 167.176576307000119, -44.960700816999974 ], [ 167.17658253500008, -44.96063873099996 ], [ 167.176592064000033, -44.960543739999935 ], [ 167.176545622000049, -44.960460759999933 ], [ 167.17641643200011, -44.960229931999947 ], [ 167.176432965000117, -44.959917595999968 ], [ 167.176453341000069, -44.959532637999985 ], [ 167.176347348000036, -44.959271970999964 ], [ 167.176248908000048, -44.959030163999955 ], [ 167.17620975300008, -44.958933989999935 ], [ 167.175842135000039, -44.958633862999932 ], [ 167.175565623000011, -44.958540488999972 ], [ 167.174829668000029, -44.958471240999984 ], [ 167.174777680000034, -44.958466349999981 ], [ 167.175972379000086, -44.958120814999972 ], [ 167.176315429000056, -44.957867521999958 ], [ 167.1763357210001, -44.957882455999936 ], [ 167.176760319000095, -44.958194946999981 ], [ 167.177040839000028, -44.958400385999937 ], [ 167.177691966000111, -44.958725623999953 ], [ 167.177837283000031, -44.958749273999956 ], [ 167.178286877000119, -44.958822441999985 ], [ 167.178909116000113, -44.958836863999977 ], [ 167.179110840000021, -44.95884153999998 ], [ 167.180168860000094, -44.959390292999956 ], [ 167.180334178000066, -44.959419044999947 ], [ 167.180622183000082, -44.959469135999939 ], [ 167.181352857000093, -44.95952667499995 ], [ 167.181773151000016, -44.959559769999942 ], [ 167.182378264000022, -44.959860983999931 ], [ 167.182460785000103, -44.959877610999968 ], [ 167.182969857000103, -44.959980180999935 ], [ 167.183861840000077, -44.959946851999973 ], [ 167.184006737000118, -44.959941435999951 ], [ 167.184366331000092, -44.960004703999971 ], [ 167.18487889700009, -44.960278676999962 ], [ 167.185016077000114, -44.960285357999965 ], [ 167.185384672000055, -44.96030331299994 ], [ 167.185502148000069, -44.96025588699996 ], [ 167.185583294000025, -44.960223126999949 ], [ 167.185901594000029, -44.960216643999956 ], [ 167.186112861000083, -44.960340077999945 ], [ 167.186206632000108, -44.960344276999933 ], [ 167.186270977000049, -44.96034715899998 ], [ 167.186341304000052, -44.960326476999967 ], [ 167.186729180000043, -44.960212415999933 ], [ 167.187582986000052, -44.960085910999965 ], [ 167.187851184000124, -44.960110272999941 ], [ 167.188809292000087, -44.960541129999967 ], [ 167.189119323000114, -44.960782307999978 ], [ 167.189245919000086, -44.960784630999967 ], [ 167.189484589000017, -44.960789009999985 ], [ 167.18989625100005, -44.960713743999975 ], [ 167.190114910000034, -44.960673762999932 ], [ 167.190127831000041, -44.960688499999947 ], [ 167.190344141000082, -44.960935219999953 ], [ 167.190714780000121, -44.961358072999985 ], [ 167.190725091000104, -44.961358555999936 ], [ 167.190787970000088, -44.961361501999932 ], [ 167.190967719000014, -44.961369929999933 ], [ 167.191363766000109, -44.961245711999936 ], [ 167.191525230000025, -44.961195068999984 ], [ 167.191857270000014, -44.961368786999969 ], [ 167.192213919000096, -44.961296559999937 ], [ 167.192226528000106, -44.961312217999932 ], [ 167.19225748000008, -44.961350652999954 ], [ 167.19244109400006, -44.961578656999961 ], [ 167.192583875000082, -44.961959425999964 ], [ 167.192617633000054, -44.962049450999984 ], [ 167.192863211000031, -44.962287367999977 ], [ 167.193208198000093, -44.962496916999953 ], [ 167.193212942000059, -44.962497704999976 ], [ 167.193870633000074, -44.962606994999931 ], [ 167.194814132000033, -44.962485859999958 ], [ 167.195790861000091, -44.962083121999967 ], [ 167.195928305000052, -44.961661535999951 ], [ 167.19602985500012, -44.961598994999974 ], [ 167.196150717000023, -44.961661016999983 ], [ 167.196280887000057, -44.961860673999979 ], [ 167.196302753000055, -44.961894212999937 ], [ 167.196288084000116, -44.962040950999949 ], [ 167.196278077000102, -44.962141053999972 ], [ 167.196246513000119, -44.962191989999951 ], [ 167.196108393000031, -44.962414869999975 ], [ 167.196079230000123, -44.96270659299995 ], [ 167.196226049000074, -44.962826758999938 ], [ 167.196230311000022, -44.962826168999982 ], [ 167.196342984000012, -44.962810599999955 ], [ 167.196497940000086, -44.962789186999942 ], [ 167.19683451800006, -44.96289309399998 ], [ 167.197412324000084, -44.962740670999949 ], [ 167.197846498000104, -44.962490232999983 ], [ 167.198260641000047, -44.962184321999985 ], [ 167.199156218000098, -44.961666656999967 ], [ 167.199390281000092, -44.961115659999962 ], [ 167.19921760200009, -44.961052497999958 ], [ 167.198834329000078, -44.961305502999949 ], [ 167.198127689000103, -44.961723758999938 ], [ 167.197791681000012, -44.962015452999935 ], [ 167.197246550000045, -44.962096906999932 ], [ 167.19704881600012, -44.962100950999968 ], [ 167.197120468000094, -44.961810923999963 ], [ 167.197058176000041, -44.961723762999952 ], [ 167.197043302000111, -44.961702951999939 ], [ 167.197036864000097, -44.961693944999979 ], [ 167.196899655000038, -44.961630196999977 ], [ 167.196717392000096, -44.961601228999939 ], [ 167.19638434400008, -44.961548297999968 ], [ 167.196219927000016, -44.961438972999986 ], [ 167.195980970000051, -44.961122010999929 ], [ 167.195861076000028, -44.960732562999965 ], [ 167.196073921000107, -44.96017945899996 ], [ 167.19634471300003, -44.960012679999977 ], [ 167.196638571000108, -44.959933325999941 ], [ 167.196651584000051, -44.959929811999984 ], [ 167.196769132000099, -44.959897845999933 ], [ 167.196963985000025, -44.959777390999932 ], [ 167.197140198000056, -44.959668457999953 ], [ 167.197187296000038, -44.959197212999982 ], [ 167.197179831000085, -44.959187933999942 ], [ 167.196903623000026, -44.958844621999958 ], [ 167.196196802000031, -44.958417576999977 ], [ 167.195992993000118, -44.958294438999985 ], [ 167.195712104000108, -44.95804121599997 ], [ 167.195627045000037, -44.95760841799995 ], [ 167.195667858000093, -44.957034915999941 ], [ 167.195466439000029, -44.956677198999955 ], [ 167.195465012000113, -44.956674665999969 ], [ 167.195288760000039, -44.956531363999943 ], [ 167.195135858000071, -44.956495883999935 ], [ 167.194916248000027, -44.956444924999971 ], [ 167.194310839000082, -44.95604407899998 ], [ 167.194289455000103, -44.956029921999971 ], [ 167.194160798000098, -44.956045988999961 ], [ 167.194158181000034, -44.956046758999946 ], [ 167.193920431000038, -44.956076861999975 ], [ 167.19390339500012, -44.956079017999969 ], [ 167.19387167900004, -44.956040431999952 ], [ 167.193846920000055, -44.956008511999983 ], [ 167.193867303000047, -44.955917633999945 ], [ 167.193901942000025, -44.955763199999978 ], [ 167.193794772000047, -44.95570024899996 ], [ 167.193691939000018, -44.955639843999961 ], [ 167.193728035000049, -44.955500223999934 ], [ 167.19374373800008, -44.95543947699997 ], [ 167.193694249000032, -44.955398963999983 ], [ 167.193686843000023, -44.955392902999961 ], [ 167.193669754000098, -44.955378912999947 ], [ 167.193525106000038, -44.955377031999944 ], [ 167.193484475000105, -44.955376786999977 ], [ 167.193368992000046, -44.955375474999983 ], [ 167.193308927000089, -44.955340871999965 ], [ 167.193280024000046, -44.955324979999943 ], [ 167.192740994000019, -44.955015169999967 ], [ 167.192722563000075, -44.955004575999965 ], [ 167.191873773000111, -44.954421389999936 ], [ 167.191671593000024, -44.954219939999973 ], [ 167.191563141000074, -44.954034041999932 ], [ 167.191327131000094, -44.953829782999946 ], [ 167.191314095000052, -44.953818500999944 ], [ 167.191277251000088, -44.953815174999932 ], [ 167.191268767000111, -44.953814408999961 ], [ 167.191014322000115, -44.953792551999982 ], [ 167.190913334000015, -44.953709873999969 ], [ 167.190896895000037, -44.953696414999968 ], [ 167.190914855000074, -44.95351689499995 ], [ 167.191014688000109, -44.953471410999953 ], [ 167.191047997000055, -44.953455950999967 ], [ 167.191300900000101, -44.953467806999981 ], [ 167.191353549000041, -44.953487602999985 ], [ 167.191851775000032, -44.953676020999978 ], [ 167.192021008000097, -44.953571789999955 ], [ 167.192058357000064, -44.953478851999932 ], [ 167.192190148000122, -44.953150906999952 ], [ 167.192146792000017, -44.952832549999982 ], [ 167.19213448000005, -44.952742137999962 ], [ 167.192101416000014, -44.952691055999935 ], [ 167.191885794000086, -44.952357916999972 ], [ 167.191533646000039, -44.951979300999938 ], [ 167.191514133000055, -44.951958468999976 ], [ 167.191217005000112, -44.951639461999946 ], [ 167.191027379000047, -44.951435644999947 ], [ 167.190901548000056, -44.951300400999969 ], [ 167.190894680000042, -44.951293018999934 ], [ 167.190669347000039, -44.951158057999976 ], [ 167.19014776500012, -44.950974770999949 ], [ 167.18995591700002, -44.950987644999941 ], [ 167.189862933000086, -44.951044913999965 ], [ 167.189718998000103, -44.951133562999985 ], [ 167.189600295000105, -44.951092692999964 ], [ 167.189588350000122, -44.951088581999954 ], [ 167.189565486000106, -44.951080709999985 ], [ 167.189546507000045, -44.951041861999954 ], [ 167.189486404000036, -44.950918844999933 ], [ 167.189505184000041, -44.950401064999937 ], [ 167.189532759000031, -44.950303221999945 ], [ 167.189576194000097, -44.950148441999943 ], [ 167.18966927800011, -44.949979930999973 ], [ 167.189790322000022, -44.949760503999983 ], [ 167.189906747000123, -44.949688795999975 ], [ 167.190309386000081, -44.949651375999963 ], [ 167.190547755000011, -44.949781907999977 ], [ 167.190581576000113, -44.949800429999982 ], [ 167.190758490000121, -44.949808849999954 ], [ 167.19089766400009, -44.949815473999934 ], [ 167.191030240000032, -44.949733815999934 ], [ 167.19110073100012, -44.949690399999952 ], [ 167.191145867000046, -44.949632938999969 ], [ 167.191390421000051, -44.949321605999955 ], [ 167.1915573980001, -44.949239816999977 ], [ 167.192092434000074, -44.949288456999966 ], [ 167.192552989000092, -44.949497525999959 ], [ 167.19262187400011, -44.94907227899995 ], [ 167.192622709000034, -44.94906711699997 ], [ 167.192536887000074, -44.94897257599996 ], [ 167.192095628000061, -44.948864712999978 ], [ 167.192071875000124, -44.948858906999931 ], [ 167.192083097000022, -44.948746705999952 ], [ 167.192283914000086, -44.948644068999954 ], [ 167.19292496200012, -44.948585285999968 ], [ 167.193226554000034, -44.948636800999964 ], [ 167.193299663000062, -44.948649290999981 ], [ 167.193638466000039, -44.948591199999953 ], [ 167.193913598000108, -44.948544027999958 ], [ 167.193961, -44.948514828999976 ], [ 167.194116654000027, -44.948418947999983 ], [ 167.194226130000061, -44.948044311999979 ], [ 167.194259541000065, -44.94792997899998 ], [ 167.194428841000104, -44.947824846999936 ], [ 167.194666731000098, -44.947805423999966 ], [ 167.19494115100008, -44.947783017999939 ], [ 167.1951735560001, -44.947681967999983 ], [ 167.19522754500008, -44.947602876999952 ], [ 167.195247968000103, -44.947572953999952 ], [ 167.195218533000116, -44.947528708999982 ], [ 167.195053598000072, -44.947280787999944 ], [ 167.194732756000121, -44.946987640999964 ], [ 167.194675300000085, -44.946935141999973 ], [ 167.194746010000017, -44.946532748999971 ], [ 167.194547255000089, -44.946297193999953 ], [ 167.194594556000084, -44.946141706999981 ], [ 167.194705446000057, -44.946042 ], [ 167.194820664000076, -44.945938400999978 ], [ 167.1948632430001, -44.945727151999961 ], [ 167.19488366500002, -44.945625830999973 ], [ 167.195107527000118, -44.945444962999943 ], [ 167.195396389000052, -44.945414419999963 ], [ 167.19543339900008, -44.945434622999983 ], [ 167.196264871000039, -44.945888516999958 ], [ 167.196513089000064, -44.945898436999983 ], [ 167.196524243000113, -44.945898883999973 ], [ 167.196942170000057, -44.945682687999977 ], [ 167.196945387000028, -44.945670504999953 ], [ 167.196968736000031, -44.945582086999934 ], [ 167.196735613000101, -44.945392083999934 ], [ 167.196719218000112, -44.94537872099994 ], [ 167.196703276000108, -44.945365728999946 ], [ 167.196051817000011, -44.945244016999936 ], [ 167.196048610000048, -44.945243417999961 ], [ 167.195690605000095, -44.944999837999944 ], [ 167.195706305000044, -44.944842756999947 ], [ 167.195877746000065, -44.944716079999978 ], [ 167.196035731000052, -44.94472404399994 ], [ 167.196064624000087, -44.944747698999947 ], [ 167.196123794000073, -44.944796143999952 ], [ 167.196250514000099, -44.94476734899996 ], [ 167.196286264000037, -44.944759225999974 ], [ 167.196372593000092, -44.944658027999935 ], [ 167.196682086000123, -44.944293831999971 ], [ 167.197138324000093, -44.944011907999936 ], [ 167.197616112000105, -44.943832105999945 ], [ 167.198085028000037, -44.943753795999953 ], [ 167.198576572000093, -44.943766836999941 ], [ 167.198909818000061, -44.943838656999958 ], [ 167.198841312000013, -44.943329111999958 ], [ 167.19858832500006, -44.943000619999964 ], [ 167.19852731900005, -44.942833667999935 ], [ 167.198487575000058, -44.942724905999967 ], [ 167.198319341000115, -44.942519426999979 ], [ 167.198256122000089, -44.942442210999957 ], [ 167.198246441000038, -44.942430387999934 ], [ 167.198065744000019, -44.942331971999977 ], [ 167.197529841000119, -44.942294462999939 ], [ 167.197513262000029, -44.942293302999985 ], [ 167.197379943000101, -44.942038498999977 ], [ 167.197646249000059, -44.941915697999946 ], [ 167.197945775000107, -44.941930792999983 ], [ 167.198393335000105, -44.942066112999953 ], [ 167.198758908000059, -44.94190320499996 ], [ 167.199047750000091, -44.941872652999962 ], [ 167.199066955000035, -44.941888375999952 ], [ 167.19907919700006, -44.941898398999967 ], [ 167.199135813000112, -44.941944748999958 ], [ 167.199141556000086, -44.941987856999958 ], [ 167.199153962000082, -44.942080983999972 ], [ 167.199243288000048, -44.942153143999974 ], [ 167.199256849000108, -44.942153251999969 ], [ 167.200051755000118, -44.942159591999939 ], [ 167.200938439000083, -44.942349499999978 ], [ 167.201268660000096, -44.942150205999951 ], [ 167.201470981000057, -44.942028102999984 ], [ 167.201492245000054, -44.941994493999971 ], [ 167.201630844000078, -44.941775437999979 ], [ 167.201996406000035, -44.941612520999968 ], [ 167.201791894000053, -44.941421795999986 ], [ 167.201812055000119, -44.941219832999934 ], [ 167.202035878000061, -44.941038951999985 ], [ 167.202333178000117, -44.940897428999961 ], [ 167.202486609000061, -44.940824390999978 ], [ 167.202507231000027, -44.940779557999974 ], [ 167.202527164000116, -44.940736219999962 ], [ 167.202152178000119, -44.940357387999939 ], [ 167.202089030000025, -44.94004838799998 ], [ 167.202086315000088, -44.940037425999947 ], [ 167.202280125000016, -44.939686335999966 ], [ 167.202659022000034, -44.939389670999958 ], [ 167.203029607000076, -44.939328943999953 ], [ 167.203216793000024, -44.939329808999958 ], [ 167.203286054000046, -44.939330129999973 ], [ 167.203537445000052, -44.939331059999972 ], [ 167.203668323000102, -44.939265948999946 ], [ 167.203721878000124, -44.93923930699998 ], [ 167.203760294000062, -44.939170198999932 ], [ 167.203837978000024, -44.939030446999936 ], [ 167.203811452000082, -44.938912914999946 ], [ 167.203771042000085, -44.938733886999955 ], [ 167.203846591000115, -44.938613195999949 ], [ 167.204084176000038, -44.938625157999979 ], [ 167.204376971000102, -44.93870755699993 ], [ 167.204459693000103, -44.93864225699997 ], [ 167.204480403000048, -44.938626020999948 ], [ 167.204755937000073, -44.938409988999979 ], [ 167.204938104000121, -44.938082839999936 ], [ 167.205006605000108, -44.937959816999978 ], [ 167.205090178000091, -44.937586243999931 ], [ 167.20509142100002, -44.937580683999954 ], [ 167.205091546000062, -44.937577631999943 ], [ 167.20511453000006, -44.937018018999936 ], [ 167.205255561000058, -44.93639363099993 ], [ 167.205747437000014, -44.935362072999965 ], [ 167.205755031000081, -44.935346145999972 ], [ 167.205603696000026, -44.935271771999965 ], [ 167.204996736000112, -44.93535452499998 ], [ 167.204878808000103, -44.935370601999978 ], [ 167.204740890000039, -44.935351950999973 ], [ 167.204630867000105, -44.935337071999982 ], [ 167.204613145000053, -44.935334674999979 ], [ 167.204482617000053, -44.935204513999963 ], [ 167.20441095700005, -44.93463707899997 ], [ 167.204546685000082, -44.934384098999942 ], [ 167.204674148000095, -44.934314424999968 ], [ 167.204848920000018, -44.934218889999954 ], [ 167.204946164000035, -44.934093274999952 ], [ 167.205176938000022, -44.933795164999935 ], [ 167.205514159000018, -44.933597432999932 ], [ 167.205703708000101, -44.933606974999975 ], [ 167.205838521000032, -44.933681418999981 ], [ 167.206232154000077, -44.934038624999971 ], [ 167.206311523000068, -44.934033285999931 ], [ 167.206423942000015, -44.934025724999969 ], [ 167.206543514000032, -44.933946101999936 ], [ 167.206627993000097, -44.933889848999968 ], [ 167.20672529400008, -44.93380450199993 ], [ 167.20698009900002, -44.933581000999936 ], [ 167.207321616000058, -44.933001395999952 ], [ 167.207452462000106, -44.932779326999935 ], [ 167.207461700000067, -44.932683256999951 ], [ 167.207486998000036, -44.932420215999969 ], [ 167.207417826000096, -44.932293202999972 ], [ 167.207392535000054, -44.932246765999935 ], [ 167.207493753000108, -44.931868455999961 ], [ 167.207728399000075, -44.931744041999934 ], [ 167.207949531000054, -44.931755168999985 ], [ 167.208073980000108, -44.931823596999948 ], [ 167.208130123000046, -44.931854468999973 ], [ 167.208264066000083, -44.93186120699994 ], [ 167.208267491000015, -44.93186137899994 ], [ 167.208351256000014, -44.931865592999941 ], [ 167.209125565000022, -44.931576173999986 ], [ 167.209440226000083, -44.931598965999967 ], [ 167.20961477100002, -44.931611608999958 ], [ 167.209739119000119, -44.931519675999937 ], [ 167.209786142000098, -44.931484909999938 ], [ 167.20996204000005, -44.930866782999942 ], [ 167.210003605000111, -44.93071731799995 ], [ 167.210140475000117, -44.930465292999941 ], [ 167.21038502600004, -44.930228606999947 ], [ 167.210386207000056, -44.930216764999955 ], [ 167.210396207000031, -44.930116404999978 ], [ 167.210135379000121, -44.929881149999972 ], [ 167.21010491200002, -44.929853670999933 ], [ 167.210122469000112, -44.92978564699996 ], [ 167.210156630000029, -44.92965329499998 ], [ 167.210108148000018, -44.929532066999968 ], [ 167.210041756000123, -44.929366055999935 ], [ 167.210058607000065, -44.929031313999985 ], [ 167.210757601000068, -44.928643375999968 ], [ 167.211064272000044, -44.928499733999956 ], [ 167.211428948000048, -44.928328919999956 ], [ 167.211503509000067, -44.928254873999947 ], [ 167.21156988000007, -44.928188959999943 ], [ 167.211571355000046, -44.928174148999972 ], [ 167.211578822000092, -44.928099198999973 ], [ 167.211317141000109, -44.927785158999939 ], [ 167.211265769000079, -44.927723508999975 ], [ 167.2116218110001, -44.926851923999948 ], [ 167.211642459000018, -44.926871844999937 ], [ 167.212100272000043, -44.927313510999966 ], [ 167.212105697000084, -44.927314361999947 ], [ 167.212725415000023, -44.927411697999958 ], [ 167.212998718000108, -44.927280891999942 ], [ 167.213324113000112, -44.927125153999953 ], [ 167.213364048000017, -44.927066593999939 ], [ 167.213398464000079, -44.927016125999955 ], [ 167.21335676800004, -44.926822779999952 ], [ 167.213289695000071, -44.926514492999956 ], [ 167.213357340000016, -44.926472786999966 ], [ 167.213953033000053, -44.926547837999976 ], [ 167.21431622700004, -44.926407319999953 ], [ 167.214566693000052, -44.926442461999955 ], [ 167.214798313000074, -44.926679630999956 ], [ 167.215505097000118, -44.926748528999951 ], [ 167.21592360000011, -44.926690171999951 ], [ 167.216574386000048, -44.92653071999996 ], [ 167.217521503000057, -44.926430352999944 ], [ 167.21777785200004, -44.926304304999974 ], [ 167.217938048000065, -44.926225747999979 ], [ 167.217999863000045, -44.926177220999932 ], [ 167.218128130000082, -44.926076523999939 ], [ 167.218191752000052, -44.925859267999954 ], [ 167.218222376000085, -44.925754691999941 ], [ 167.21821456300006, -44.925654651999935 ], [ 167.218201159000046, -44.925482991999957 ], [ 167.218156594000106, -44.925430553999945 ], [ 167.218143172000055, -44.925414760999956 ], [ 167.218130682000037, -44.925400065999952 ], [ 167.218012132000013, -44.925387943999965 ], [ 167.217280947000063, -44.925313176999964 ], [ 167.216887197000119, -44.925157722999984 ], [ 167.216841918000114, -44.925139845999979 ], [ 167.216822777000061, -44.925132288999976 ], [ 167.216707598000085, -44.925013738999951 ], [ 167.216725464000092, -44.92483421299994 ], [ 167.216833116000089, -44.924734975999968 ], [ 167.216865212000016, -44.924705915999937 ], [ 167.217217133000077, -44.924678489999962 ], [ 167.217366133000041, -44.924776186999964 ], [ 167.217585006000036, -44.924809735999986 ], [ 167.217788014000121, -44.924683714999958 ], [ 167.217684968000071, -44.924430455999982 ], [ 167.217854066000086, -44.924326185999973 ], [ 167.218044267000096, -44.924295843999971 ], [ 167.218176629000027, -44.924274729999979 ], [ 167.218258665000121, -44.92419941199995 ], [ 167.218316372000118, -44.92414643199993 ], [ 167.218431956000018, -44.923610065999981 ], [ 167.218533414000035, -44.923547503999941 ], [ 167.218722930000013, -44.923557021999954 ], [ 167.219025586000043, -44.923718365999946 ], [ 167.219031983000036, -44.923729682999976 ], [ 167.219268518000035, -44.924148244999969 ], [ 167.219493815000078, -44.924283148999962 ], [ 167.219502423000108, -44.924283257999946 ], [ 167.219798691000051, -44.924287043999982 ], [ 167.220096190000049, -44.924290843999984 ], [ 167.220314293000115, -44.924263287999963 ], [ 167.220867746000067, -44.924193362999972 ], [ 167.221264368000107, -44.924201546999939 ], [ 167.221272261000081, -44.924219145999984 ], [ 167.221311137000043, -44.924305834999984 ], [ 167.221368398000095, -44.924432298999932 ], [ 167.221515173000057, -44.924552430999938 ], [ 167.22152665100009, -44.924554161999936 ], [ 167.221954277000123, -44.924618674999977 ], [ 167.222098822000021, -44.924761247999982 ], [ 167.222096564000026, -44.924769377999951 ], [ 167.221999946000096, -44.925117130999979 ], [ 167.222118633000036, -44.92521329899995 ], [ 167.2221403960001, -44.925216233999947 ], [ 167.222651149000058, -44.925285131999942 ], [ 167.222739219000118, -44.925357209999959 ], [ 167.222747360000085, -44.925370820999944 ], [ 167.223121394000032, -44.925996140999985 ], [ 167.223382212000047, -44.926246484999979 ], [ 167.223396379000064, -44.92625193899994 ], [ 167.223450287000105, -44.926272696999945 ], [ 167.223581560000071, -44.926323243999946 ], [ 167.223840532000054, -44.926352434999956 ], [ 167.224115251000057, -44.926383399999963 ], [ 167.225125805000062, -44.926602795999941 ], [ 167.226671254000053, -44.927355992999935 ], [ 167.226819961000047, -44.927406911999981 ], [ 167.227362649000042, -44.92759273799993 ], [ 167.227901337000048, -44.927699060999942 ], [ 167.228048876000116, -44.927728181999953 ], [ 167.228788542000075, -44.927798643999949 ], [ 167.229549233000057, -44.927644627999939 ], [ 167.230110510000031, -44.927593374999958 ], [ 167.230687277000015, -44.927373299999942 ], [ 167.230918855000027, -44.927191814999958 ], [ 167.230944771000054, -44.927171503999944 ], [ 167.23095210200006, -44.927160261999973 ], [ 167.231094562000067, -44.926941754999973 ], [ 167.231229827000107, -44.926858322999976 ], [ 167.23161893300005, -44.926824063999959 ], [ 167.231699959000025, -44.926816930999962 ], [ 167.231763142000091, -44.926803936999931 ], [ 167.232066805000045, -44.926741491999962 ], [ 167.23222029100009, -44.92679428799994 ], [ 167.232246156000087, -44.926898470999959 ], [ 167.232265648000066, -44.926976980999939 ], [ 167.23238754700003, -44.927028193999945 ], [ 167.232390286000054, -44.927027302999932 ], [ 167.233109217000106, -44.926793714999974 ], [ 167.233641121000119, -44.926718421999965 ], [ 167.234771064000029, -44.926694726999983 ], [ 167.235362968000118, -44.926475387999972 ], [ 167.235709474000032, -44.926515291999976 ], [ 167.23606962700012, -44.926742453999964 ], [ 167.236097863000055, -44.926760264999984 ], [ 167.23621980300004, -44.926797373999932 ], [ 167.23636040700012, -44.926840163999941 ], [ 167.236946387000103, -44.926846946999945 ], [ 167.236967068000013, -44.926863866999952 ], [ 167.236973445000103, -44.926869083999975 ], [ 167.237093201000107, -44.926967059999981 ], [ 167.237437247000116, -44.927425891999974 ], [ 167.23751488400012, -44.927529428999947 ], [ 167.237528996000037, -44.927536035999935 ], [ 167.237590164000039, -44.927564676999964 ], [ 167.237728456000013, -44.927629427999932 ], [ 167.237831396000047, -44.927648768999973 ], [ 167.238382923000017, -44.927752393999981 ], [ 167.239019684000027, -44.928053987999931 ], [ 167.23949975000005, -44.928142960999935 ], [ 167.239481954000098, -44.927874146999955 ], [ 167.239614984000013, -44.927813145999949 ], [ 167.239943599000071, -44.927828684999952 ], [ 167.240057320000119, -44.927834375999964 ], [ 167.240242406000107, -44.927888739999958 ], [ 167.240623191000054, -44.928223524999964 ], [ 167.241337073000068, -44.928298026999983 ], [ 167.241440154000088, -44.928308594999976 ], [ 167.24201508900012, -44.928067667999983 ], [ 167.242036336000069, -44.928058763999957 ], [ 167.241867977000084, -44.928027791999966 ], [ 167.240913802000023, -44.927853768999967 ], [ 167.240665359000104, -44.927696952999952 ], [ 167.240643718000115, -44.927683292999973 ], [ 167.240550513000017, -44.927509034999957 ], [ 167.240496444000087, -44.927247426999941 ], [ 167.240661659000011, -44.926848845999984 ], [ 167.241199368000025, -44.926548281999942 ], [ 167.241366676000098, -44.926366901999984 ], [ 167.241448329000036, -44.926278379999985 ], [ 167.241636654000104, -44.925996194999982 ], [ 167.242023928000094, -44.925415896999937 ], [ 167.242163658000095, -44.925125728999944 ], [ 167.242342069000074, -44.924755234999964 ], [ 167.242498489000013, -44.924245091999978 ], [ 167.242621574000054, -44.923843659999932 ], [ 167.242637187000014, -44.923686052999983 ], [ 167.242639004000011, -44.923667721999948 ], [ 167.242663814000025, -44.923417276999942 ], [ 167.242622071000028, -44.923329939999974 ], [ 167.242597555000089, -44.92327864799995 ], [ 167.240712812000083, -44.921836553999981 ], [ 167.24069147900002, -44.92182023099997 ], [ 167.23995703200012, -44.921377538999934 ], [ 167.238749075000101, -44.920871484999964 ], [ 167.238736754000115, -44.920866322999984 ], [ 167.238501676000055, -44.920663311999931 ], [ 167.238263730000085, -44.920342154999958 ], [ 167.238249715000052, -44.92032323899997 ], [ 167.237868383000091, -44.920327605999944 ], [ 167.237376809000011, -44.920483417999947 ], [ 167.236601412000027, -44.92028763199994 ], [ 167.23609340500002, -44.919969011999967 ], [ 167.235889265000083, -44.919932486999983 ], [ 167.235750337000013, -44.919907629999955 ], [ 167.235664487000122, -44.919813119999958 ], [ 167.235674353000036, -44.919700850999959 ], [ 167.236014438000097, -44.919448373999955 ], [ 167.236016994000124, -44.919446476999951 ], [ 167.235687372000029, -44.91924955099995 ], [ 167.235564788000033, -44.919240861999981 ], [ 167.235166671000115, -44.919212647999984 ], [ 167.234228458000075, -44.91900289299997 ], [ 167.233939486000054, -44.918938284999967 ], [ 167.233637005000105, -44.918787817999942 ], [ 167.233188383000083, -44.918664306999972 ], [ 167.232423926000024, -44.918524968999975 ], [ 167.23193316600009, -44.918327172999966 ], [ 167.231326489000026, -44.918222797999931 ], [ 167.230880935000073, -44.918234746999985 ], [ 167.230315294000093, -44.918330884999932 ], [ 167.230197542000042, -44.918404368999973 ], [ 167.229901820000123, -44.91867190399995 ], [ 167.229666234000092, -44.919049804999986 ], [ 167.229581583000027, -44.919186288999981 ], [ 167.229491677000055, -44.919452414999967 ], [ 167.229328967000015, -44.919658958999946 ], [ 167.229318012000022, -44.919656140999962 ], [ 167.229220020000071, -44.919630943999948 ], [ 167.228928693000057, -44.91944493699998 ], [ 167.228279720000046, -44.919028900999933 ], [ 167.228189820000011, -44.918971269999986 ], [ 167.227364435000027, -44.918806288999974 ], [ 167.226574844000083, -44.918766687999948 ], [ 167.226079048000088, -44.918798649999985 ], [ 167.225539210000079, -44.918979956999976 ], [ 167.224750531000041, -44.919245597999975 ], [ 167.224732650000078, -44.919251619999955 ], [ 167.2246468190001, -44.919157102999975 ], [ 167.224701967000101, -44.919021649999934 ], [ 167.224772791000078, -44.918847685999935 ], [ 167.224623794000081, -44.918749998999942 ], [ 167.223340550000103, -44.918720785999938 ], [ 167.223207929000068, -44.918761708999966 ], [ 167.222996067000054, -44.918827084999975 ], [ 167.222811558000103, -44.918843984999967 ], [ 167.222456317000024, -44.918876816999955 ], [ 167.222115747000089, -44.918908291999969 ], [ 167.221561242000121, -44.918892182999969 ], [ 167.221522988000061, -44.918879738999976 ], [ 167.221315270000105, -44.918812173999981 ], [ 167.221197861000064, -44.918716067999981 ], [ 167.221243802000117, -44.918560504999959 ], [ 167.221480505000045, -44.918414519999942 ], [ 167.22185773800004, -44.918387449999955 ], [ 167.221955125000022, -44.918380676999959 ], [ 167.222136446000036, -44.918368063999935 ], [ 167.222215694000056, -44.918351233999942 ], [ 167.222655254000074, -44.918257885999935 ], [ 167.223149783000054, -44.918225873999972 ], [ 167.223367926000037, -44.917627896999932 ], [ 167.223537082000121, -44.917522720999955 ], [ 167.223971741000014, -44.917454323999948 ], [ 167.224425862000089, -44.917522215999952 ], [ 167.224557531000073, -44.917458831999966 ], [ 167.224575203000086, -44.917450324999947 ], [ 167.22459806400002, -44.917428752999967 ], [ 167.224768540000014, -44.917267875999983 ], [ 167.224748323000085, -44.917212369999959 ], [ 167.224617921000117, -44.916854369999953 ], [ 167.223780558000044, -44.91558340499995 ], [ 167.223650435000081, -44.915385895999975 ], [ 167.223809041000095, -44.915054661999932 ], [ 167.224198811000065, -44.914645719999953 ], [ 167.224401664000084, -44.914035246999958 ], [ 167.22468364700012, -44.913586614999986 ], [ 167.224657130000082, -44.913201886999957 ], [ 167.224710335000054, -44.913177492999978 ], [ 167.224885269000083, -44.91309728799996 ], [ 167.224923153000077, -44.913079918999983 ], [ 167.224952589000054, -44.913057184999957 ], [ 167.22574679100012, -44.912443759999974 ], [ 167.226200594000034, -44.912194991999968 ], [ 167.22652977000007, -44.912076188999947 ], [ 167.227017180000075, -44.911795724999934 ], [ 167.227533968000103, -44.911345929999982 ], [ 167.22772865100012, -44.911176480999984 ], [ 167.227963733000024, -44.910938860999977 ], [ 167.22859083000003, -44.910304980999967 ], [ 167.228682509000123, -44.910020903999964 ], [ 167.228764929000022, -44.909766131999959 ], [ 167.228787548000014, -44.909786641999972 ], [ 167.229061900000033, -44.910035418999939 ], [ 167.229319332000046, -44.910129017999964 ], [ 167.229490727000098, -44.910191333999933 ], [ 167.229615917000046, -44.910321894999981 ], [ 167.229706992000047, -44.910416879999957 ], [ 167.230312972000092, -44.910775203999947 ], [ 167.230352094000068, -44.910798335999971 ], [ 167.230424880000101, -44.910826103999966 ], [ 167.230689681000058, -44.910927120999986 ], [ 167.230986951000091, -44.910942020999983 ], [ 167.231068634000053, -44.910946115999934 ], [ 167.231433429000049, -44.910797750999961 ], [ 167.23161364900011, -44.910724452999943 ], [ 167.231802335000111, -44.910618328999931 ], [ 167.232185057000038, -44.910403071999951 ], [ 167.232990035000057, -44.909800209999958 ], [ 167.233147929000097, -44.909808122999948 ], [ 167.233191051000063, -44.909834669999952 ], [ 167.233267566000109, -44.909881775999963 ], [ 167.233768465000026, -44.90995107599997 ], [ 167.2343279480001, -44.909942294999951 ], [ 167.234467743000096, -44.909940099999972 ], [ 167.234995264000077, -44.909741 ], [ 167.235150932000124, -44.909771348999982 ], [ 167.235349682000106, -44.91000672499996 ], [ 167.236161547000052, -44.909821063999971 ], [ 167.236246114000096, -44.909768879999945 ], [ 167.236330567000095, -44.909716765999974 ], [ 167.236425008000083, -44.909563387999981 ], [ 167.23651970100002, -44.909409598999957 ], [ 167.236646016000122, -44.909415924999962 ], [ 167.237004937000052, -44.909636870999975 ], [ 167.237098500000116, -44.909651764999978 ], [ 167.237113044000012, -44.909654011999976 ], [ 167.237208607000071, -44.909669621999967 ], [ 167.237375221000093, -44.909640648999982 ], [ 167.237514737000083, -44.90961638899995 ], [ 167.237742374000049, -44.909535440999946 ], [ 167.237959480000086, -44.909458236999967 ], [ 167.238221201000101, -44.909303712999986 ], [ 167.23849611300011, -44.909141399999953 ], [ 167.238609346000089, -44.908993026999951 ], [ 167.238722237000047, -44.908845103999965 ], [ 167.238728002000016, -44.908838175999961 ], [ 167.238808239000036, -44.90873303799998 ], [ 167.238856011000053, -44.908534664999934 ], [ 167.23893982200002, -44.908186635999982 ], [ 167.239114848000099, -44.907867933999967 ], [ 167.23921499100004, -44.907805289999942 ], [ 167.240130390000104, -44.907534468999984 ], [ 167.241480994000085, -44.907521767999981 ], [ 167.241604980000034, -44.907453455999985 ], [ 167.241799202000038, -44.907346443999984 ], [ 167.241827921000095, -44.907261358999961 ], [ 167.241844117000028, -44.907213375999959 ], [ 167.242087477000041, -44.90699912499997 ], [ 167.243829755000093, -44.906543213999953 ], [ 167.243973387000096, -44.906459000999973 ], [ 167.244184167000071, -44.90633541699998 ], [ 167.24424126700012, -44.906271516999936 ], [ 167.24438856900008, -44.906104255999935 ], [ 167.244525859000078, -44.905948363999983 ], [ 167.245025748000103, -44.90518132099993 ], [ 167.245218743000123, -44.905142257999955 ], [ 167.245227763000116, -44.905140904999939 ], [ 167.245323048000046, -44.905121615999974 ], [ 167.245835243000101, -44.905017924999981 ], [ 167.245921528000054, -44.904951431999962 ], [ 167.245972656000049, -44.90491203199997 ], [ 167.246184526000093, -44.904592457999968 ], [ 167.246567761000051, -44.904016232999936 ], [ 167.246814377000078, -44.903768757999956 ], [ 167.247853732000067, -44.902872609999974 ], [ 167.248827629000061, -44.902188781999939 ], [ 167.248853532000112, -44.901567631999967 ], [ 167.248817046000113, -44.901420781999946 ], [ 167.248785445000067, -44.901293601999953 ], [ 167.248706446000028, -44.901122313999963 ], [ 167.248615097000084, -44.900924249999946 ], [ 167.248134702000016, -44.900314781999953 ], [ 167.247688848000053, -44.899605975999975 ], [ 167.247680663000097, -44.899592963999964 ], [ 167.247455396000078, -44.899458117999984 ], [ 167.247266398000079, -44.899444159999973 ], [ 167.247202531000084, -44.899439240999982 ], [ 167.247138416000098, -44.899434301999975 ], [ 167.246999366000068, -44.899423592999938 ], [ 167.246897149000119, -44.899359051999966 ], [ 167.246890332000021, -44.899354747999951 ], [ 167.246864380000034, -44.89933836299997 ], [ 167.246999069000026, -44.898939152999958 ], [ 167.247340770000051, -44.898643209999932 ], [ 167.247344711000096, -44.89863979699993 ], [ 167.247112021000021, -44.89842609599998 ], [ 167.246929245000047, -44.898349300999939 ], [ 167.24677138100003, -44.898341409999944 ], [ 167.246322926000062, -44.898438760999966 ], [ 167.245457489000046, -44.898626627999931 ], [ 167.245374777000052, -44.898628805999977 ], [ 167.245153082000115, -44.898634128999959 ], [ 167.245014112000035, -44.898637463999933 ], [ 167.244996934000028, -44.898637876999942 ], [ 167.244908880000025, -44.898565815999973 ], [ 167.244842934000076, -44.898257608999984 ], [ 167.24495056000012, -44.897895552999955 ], [ 167.245031331000064, -44.897623839999937 ], [ 167.245024666000063, -44.897554929999956 ], [ 167.2450231790001, -44.897539537999933 ], [ 167.245015312000078, -44.897465171999954 ], [ 167.245003925000105, -44.89744924799993 ], [ 167.244931705000113, -44.897348229999977 ], [ 167.244812082000067, -44.897274590999984 ], [ 167.2442516750001, -44.897189030999982 ], [ 167.244196962000046, -44.897180678999973 ], [ 167.244332107000105, -44.897136018999959 ], [ 167.245186328000045, -44.896853085999965 ], [ 167.24520652700005, -44.896482434999939 ], [ 167.245341789000122, -44.896398086999966 ], [ 167.245710899000073, -44.896348888999967 ], [ 167.24585138000009, -44.896378464999941 ], [ 167.245909750000123, -44.896446133999973 ], [ 167.245993689000102, -44.896543447999932 ], [ 167.246189796000067, -44.896573467999985 ], [ 167.246212470000046, -44.896576938999942 ], [ 167.246442447000049, -44.896497326999963 ], [ 167.24651996700004, -44.896449469999936 ], [ 167.246611414000085, -44.896393013999955 ], [ 167.246716045000085, -44.896203027999945 ], [ 167.246804810000071, -44.896041845999946 ], [ 167.247057383000083, -44.896054472999936 ], [ 167.247208940000064, -44.896194308999952 ], [ 167.247289967000029, -44.896269072999985 ], [ 167.247409464000043, -44.89626530399994 ], [ 167.247433827000123, -44.896264535999933 ], [ 167.25098748500011, -44.895942369999943 ], [ 167.251671619000035, -44.895761849999985 ], [ 167.251803940000059, -44.895692584999949 ], [ 167.252030304000073, -44.895574090999958 ], [ 167.2521679460001, -44.895395496999981 ], [ 167.252421936000019, -44.895065931999966 ], [ 167.252740136000057, -44.894889680999938 ], [ 167.254586887000073, -44.894168217999948 ], [ 167.254774037000061, -44.894060202999981 ], [ 167.255109069000014, -44.893866832999947 ], [ 167.25540201900003, -44.89357027099993 ], [ 167.255565947000036, -44.893404318999956 ], [ 167.256126697000013, -44.893521616999976 ], [ 167.256433133000087, -44.893336212999941 ], [ 167.256867699000054, -44.893073280999943 ], [ 167.257133539000051, -44.892828600999962 ], [ 167.257321385000068, -44.892655705999971 ], [ 167.257544566000092, -44.891989378999938 ], [ 167.257434223000018, -44.891487726999969 ], [ 167.257840446000046, -44.891350381999985 ], [ 167.258073579000097, -44.89127155999995 ], [ 167.258209177000026, -44.891199467999968 ], [ 167.258377605000078, -44.891109920999952 ], [ 167.258441942000104, -44.891075244999968 ], [ 167.259095320000029, -44.890575614999932 ], [ 167.259703304000027, -44.888659255999983 ], [ 167.259732726000038, -44.888566905999937 ], [ 167.259889858000065, -44.888427705999959 ], [ 167.26056935400004, -44.888292910999951 ], [ 167.260556026000017, -44.888211010999953 ], [ 167.260489586000062, -44.887802711999939 ], [ 167.260322690000066, -44.887565257999938 ], [ 167.260293154000124, -44.88752324099994 ], [ 167.260210313000016, -44.887405395999963 ], [ 167.259896051000055, -44.886539958999947 ], [ 167.259839107000062, -44.886382516999959 ], [ 167.25983524600008, -44.886371844999985 ], [ 167.2597178420001, -44.886275779999949 ], [ 167.259570586000109, -44.886278313999981 ], [ 167.259368304000077, -44.886281794999945 ], [ 167.259269423000092, -44.886152372999959 ], [ 167.259276181000018, -44.885261454999977 ], [ 167.259379742000078, -44.885176412999954 ], [ 167.260247623000055, -44.885060944999964 ], [ 167.260340458000087, -44.885003599999948 ], [ 167.260450310000124, -44.88493574499995 ], [ 167.260460389000059, -44.884868177999977 ], [ 167.26049532400009, -44.884633987999962 ], [ 167.260783138000079, -44.884456200999978 ], [ 167.261446105000118, -44.884488365999971 ], [ 167.262048462000052, -44.884260411999946 ], [ 167.262637568000059, -44.88403810899996 ], [ 167.262877546000027, -44.883792080999967 ], [ 167.262714726000013, -44.883513337999943 ], [ 167.262910849000036, -44.883454559999961 ], [ 167.263147871000115, -44.883624241999939 ], [ 167.26338234800005, -44.883331029999965 ], [ 167.263482335000049, -44.883269261999942 ], [ 167.263636280000014, -44.883175000999984 ], [ 167.264139654000019, -44.883037688999934 ], [ 167.264760237000019, -44.882868397999971 ], [ 167.265102508000041, -44.882722693999938 ], [ 167.265852869000014, -44.882403259999933 ], [ 167.266217861000086, -44.882330339999953 ], [ 167.266626666000093, -44.88205753699998 ], [ 167.267225502000088, -44.881658889999983 ], [ 167.267908469000076, -44.881359148999934 ], [ 167.268179040000064, -44.881240022999975 ], [ 167.268220126000074, -44.881222223999941 ], [ 167.268286256000124, -44.881168637999963 ], [ 167.268443508000018, -44.881041211999957 ], [ 167.268515182000101, -44.880758646999936 ], [ 167.268545190000054, -44.880640341999936 ], [ 167.269440029000066, -44.880095859999983 ], [ 167.269489929000088, -44.880065870999942 ], [ 167.270022976000064, -44.879471791999947 ], [ 167.270403681000062, -44.878814195999951 ], [ 167.271230152000044, -44.877817064999931 ], [ 167.270877935000044, -44.877528904999963 ], [ 167.271381145000078, -44.877237333999972 ], [ 167.271383869000033, -44.876874835999956 ], [ 167.271747540000092, -44.87591329299994 ], [ 167.272044448000088, -44.875307450999969 ], [ 167.272579635000056, -44.874690916999953 ], [ 167.273096182000018, -44.874276419999944 ], [ 167.273098599000036, -44.874084398999969 ], [ 167.273088675000054, -44.87405915599993 ], [ 167.272958598000059, -44.87372832799997 ], [ 167.272647486000096, -44.87347379199997 ], [ 167.272576881000077, -44.873416023999937 ], [ 167.272570696000116, -44.873410963999959 ], [ 167.27254769700005, -44.873392148999983 ], [ 167.271943089000047, -44.87322992299994 ], [ 167.271928498000079, -44.873226007999961 ], [ 167.271803645000091, -44.873051102999966 ], [ 167.271778927000014, -44.872812627999963 ], [ 167.271915718000059, -44.872627787999932 ], [ 167.271923795000021, -44.872616875999938 ], [ 167.271924160000026, -44.872584479999944 ], [ 167.271930021000117, -44.872064213999977 ], [ 167.272124119000068, -44.871558576999973 ], [ 167.272163790000036, -44.871455228999935 ], [ 167.272158279000109, -44.871383308999953 ], [ 167.272149912000032, -44.871274122999978 ], [ 167.272143039000071, -44.871263329999977 ], [ 167.272038948000045, -44.871099909999941 ], [ 167.271692250000115, -44.870756097999958 ], [ 167.271332464000011, -44.870507679999946 ], [ 167.271305041000119, -44.870488744999932 ], [ 167.271374791000085, -44.870424562999972 ], [ 167.271521014000086, -44.87042615799993 ], [ 167.271676374000094, -44.870427854999946 ], [ 167.271859305000021, -44.870335029999978 ], [ 167.271864976000074, -44.870277444999942 ], [ 167.271868145000099, -44.870245261999969 ], [ 167.271571074000121, -44.869975288999967 ], [ 167.271546798000031, -44.869953226999939 ], [ 167.271399105000114, -44.870177703999957 ], [ 167.271375460000058, -44.870176526999956 ], [ 167.2713044300001, -44.870172989999958 ], [ 167.271192673000087, -44.870099739999944 ], [ 167.27118206900002, -44.870092789999944 ], [ 167.27115548200004, -44.870075364999934 ], [ 167.271103419000042, -44.869960012999968 ], [ 167.271246273000088, -44.869797536999954 ], [ 167.271646958000019, -44.869580244999952 ], [ 167.272184704000097, -44.869607020999979 ], [ 167.272329813000056, -44.869679194999947 ], [ 167.272335862000091, -44.869682203999957 ], [ 167.272366452000028, -44.869683616999964 ], [ 167.272588413000108, -44.869693874999939 ], [ 167.272850159000086, -44.86954854399994 ], [ 167.272923881000111, -44.86950761099996 ], [ 167.272929260000069, -44.869493208999984 ], [ 167.272965225000121, -44.869396909999978 ], [ 167.273115645000075, -44.869325015999948 ], [ 167.273428693000028, -44.86929854899995 ], [ 167.273706609000101, -44.869275052999967 ], [ 167.273807480000073, -44.86923767199994 ], [ 167.273921204000089, -44.869195526999931 ], [ 167.274060237000072, -44.869112688999962 ], [ 167.274375320000104, -44.86892495799998 ], [ 167.274419550000061, -44.868786969999974 ], [ 167.274443056000109, -44.868713634999949 ], [ 167.274546565000037, -44.868628580999939 ], [ 167.275624536000123, -44.868308769999942 ], [ 167.275658036000095, -44.868290591999937 ], [ 167.276041489000022, -44.868080545999931 ], [ 167.276344433000077, -44.867915205999964 ], [ 167.27670690900004, -44.867944064999961 ], [ 167.276938655000095, -44.868012424999961 ], [ 167.277441556000099, -44.867890405999958 ], [ 167.278538764000018, -44.867864697999948 ], [ 167.278746420000061, -44.868010335999941 ], [ 167.278746352000098, -44.868011869999975 ], [ 167.278732985000033, -44.86831456799996 ], [ 167.278804828000034, -44.868396619999942 ], [ 167.278828790000034, -44.868402922999962 ], [ 167.278965670000048, -44.868438935999961 ], [ 167.279066960000023, -44.868465584999967 ], [ 167.279125935000025, -44.868472125999972 ], [ 167.279228532000047, -44.868482794999977 ], [ 167.279474999000058, -44.868508426999938 ], [ 167.280109804000062, -44.868347851999943 ], [ 167.280258764000109, -44.868445465999969 ], [ 167.280399277000015, -44.868641884999931 ], [ 167.280547676000083, -44.868848037999953 ], [ 167.28059458000007, -44.868913194999948 ], [ 167.280609326000103, -44.868919934999951 ], [ 167.281035234000115, -44.869114612999965 ], [ 167.281311407000089, -44.869351897999934 ], [ 167.28134169000009, -44.869377915999962 ], [ 167.281829492000043, -44.869666006999978 ], [ 167.282092191000061, -44.86982114999995 ], [ 167.282159, -44.869848239999953 ], [ 167.282480111000041, -44.869978446999937 ], [ 167.283025818000056, -44.870001833999936 ], [ 167.283129033000023, -44.870006256999943 ], [ 167.283139491000043, -44.87000670499998 ], [ 167.28296965200002, -44.869917284999985 ], [ 167.281582453000055, -44.869186918999958 ], [ 167.281518549000111, -44.869107215999975 ], [ 167.281356468000013, -44.868905066999957 ], [ 167.281060230000094, -44.868851352999968 ], [ 167.281013746000099, -44.868842924999967 ], [ 167.280925692000096, -44.868770892999976 ], [ 167.280830805000051, -44.868536148999965 ], [ 167.28081059200008, -44.868483725999965 ], [ 167.28083063400004, -44.868112169999961 ], [ 167.281910860000039, -44.867601174999947 ], [ 167.282891895000034, -44.867299030999959 ], [ 167.283239326000057, -44.867248641999936 ], [ 167.284354803000042, -44.867088476999982 ], [ 167.284916989000067, -44.866879164999943 ], [ 167.285638521000124, -44.866610110999943 ], [ 167.28659881100009, -44.866402524999955 ], [ 167.286788041000023, -44.866361407999932 ], [ 167.287361027000088, -44.866313186999946 ], [ 167.288051727000038, -44.866254571999946 ], [ 167.288774702000069, -44.865996395999957 ], [ 167.289269894000086, -44.865952422999953 ], [ 167.289802973000064, -44.866039322999939 ], [ 167.290337777000104, -44.86573390999996 ], [ 167.291223446000117, -44.865510854999968 ], [ 167.291600599000049, -44.865415911999946 ], [ 167.291800886000033, -44.865365410999971 ], [ 167.293039591000024, -44.865189628999985 ], [ 167.293746123000119, -44.864930605999973 ], [ 167.294004615000063, -44.864762894999956 ], [ 167.294134888000031, -44.864678370999968 ], [ 167.294172544000048, -44.864627033999966 ], [ 167.294244700000036, -44.864528663999977 ], [ 167.294317937000073, -44.864428558999975 ], [ 167.294368339000016, -44.864393172999939 ], [ 167.294692608000105, -44.864164797999933 ], [ 167.295159480000052, -44.864086019999945 ], [ 167.295684122000011, -44.864077757999951 ], [ 167.297529739000083, -44.864347866999935 ], [ 167.297649363000119, -44.864421450999941 ], [ 167.297899609000069, -44.864456405999931 ], [ 167.297904747000075, -44.864455758999952 ], [ 167.298170547000041, -44.864435556999979 ], [ 167.298857653000027, -44.864283787999966 ], [ 167.299175256000012, -44.864213830999972 ], [ 167.299718363000011, -44.864198348999935 ], [ 167.299704826000038, -44.864155280999967 ], [ 167.300288751000039, -44.863829818999932 ], [ 167.30079425200006, -44.863548065999964 ], [ 167.301159756000061, -44.863207307999971 ], [ 167.301334461000124, -44.863044428999956 ], [ 167.301491149000071, -44.862791499999958 ], [ 167.301634102000094, -44.862562245999982 ], [ 167.301578111000026, -44.861864892999961 ], [ 167.301896918000011, -44.861808524999958 ], [ 167.301937082000109, -44.861834008999949 ], [ 167.302166796000051, -44.861979755999982 ], [ 167.302190425000049, -44.861984535999966 ], [ 167.30232237700011, -44.862010015999942 ], [ 167.302442591000045, -44.861978054999952 ], [ 167.302468230000045, -44.861971237999967 ], [ 167.303029667000033, -44.861677921999956 ], [ 167.303367822000041, -44.861501634999968 ], [ 167.303653850000046, -44.861352530999966 ], [ 167.303646466000032, -44.861104100999967 ], [ 167.303851181000027, -44.860956383999962 ], [ 167.304076464000104, -44.860922438999978 ], [ 167.304407486000059, -44.860780072999944 ], [ 167.304594621000092, -44.860811892999948 ], [ 167.305386155000065, -44.86033151099997 ], [ 167.306455080000092, -44.859932511999943 ], [ 167.306550503000039, -44.859916487999953 ], [ 167.308309819000101, -44.859616598999935 ], [ 167.30851150400008, -44.859499222999943 ], [ 167.308585517000097, -44.859456148999982 ], [ 167.308678426000029, -44.859375053999941 ], [ 167.308742282000026, -44.859319640999956 ], [ 167.309182908000025, -44.858937268999966 ], [ 167.309261252000056, -44.858732772999986 ], [ 167.309312201000012, -44.858600888999945 ], [ 167.309318831000041, -44.858584979999932 ], [ 167.309378811000101, -44.858425580999949 ], [ 167.309395561000088, -44.858384013999967 ], [ 167.309496808000063, -44.858321369999942 ], [ 167.3096590560001, -44.858283393999955 ], [ 167.309833216000015, -44.858300242999974 ], [ 167.31005984300009, -44.858322168999962 ], [ 167.310093745000017, -44.858325650999973 ], [ 167.310365144000116, -44.85835170699994 ], [ 167.31071939900005, -44.858275461999938 ], [ 167.31083542500005, -44.858250489999932 ], [ 167.310930379000069, -44.858191739999938 ], [ 167.310952870000051, -44.858177823999938 ], [ 167.311071666000089, -44.858104319999939 ], [ 167.311283556000035, -44.857818029999976 ], [ 167.311361159000057, -44.857711819999963 ], [ 167.311375058000067, -44.857692880999934 ], [ 167.311577711000041, -44.857416736999937 ], [ 167.311891, -44.857195897999929 ], [ 167.311927797000067, -44.857169755999962 ], [ 167.312636237000106, -44.856668980999984 ], [ 167.313205547000052, -44.856527551999932 ], [ 167.313315757000055, -44.85651586299997 ], [ 167.313861670000051, -44.85645806499997 ], [ 167.314602917000116, -44.856166371999961 ], [ 167.315126960000043, -44.855722315999969 ], [ 167.315156008000031, -44.855697591999956 ], [ 167.317156641000111, -44.854677946999971 ], [ 167.317905875000065, -44.854420904999984 ], [ 167.317925596000123, -44.854413759999943 ], [ 167.318458342000099, -44.854165862999935 ], [ 167.31882478600005, -44.853789776999974 ], [ 167.318843963000063, -44.853749229999949 ], [ 167.318967875000112, -44.853480228999956 ], [ 167.319598291000034, -44.852868218999959 ], [ 167.320069629000045, -44.852586610999936 ], [ 167.321329705000039, -44.852331327999934 ], [ 167.32158855900002, -44.852200265999954 ], [ 167.321793952000121, -44.852096270999937 ], [ 167.322080795000034, -44.851950774999978 ], [ 167.322371384000121, -44.851727885999935 ], [ 167.322396400000116, -44.851676859999941 ], [ 167.322490124000069, -44.851485686999979 ], [ 167.322818768000047, -44.851366607999978 ], [ 167.323201845000085, -44.851118517999964 ], [ 167.323223525000117, -44.85110425299996 ], [ 167.323386142000118, -44.850935166999932 ], [ 167.32339993100004, -44.850920828999961 ], [ 167.323400445000061, -44.850915565999969 ], [ 167.323405355000091, -44.85086522499995 ], [ 167.323406499000043, -44.85085350099996 ], [ 167.323286867000093, -44.850779941999974 ], [ 167.323201704000098, -44.850785764999955 ], [ 167.323095374000104, -44.850793037999949 ], [ 167.32300948000011, -44.850698594999983 ], [ 167.323023084000056, -44.850647438999943 ], [ 167.323083588000031, -44.850419916999954 ], [ 167.322976955000058, -44.85031375799997 ], [ 167.322974230000113, -44.850311045999945 ], [ 167.322952979000092, -44.850289888999953 ], [ 167.322576428000048, -44.850250481999979 ], [ 167.322545017000039, -44.850247195999941 ], [ 167.322668131000114, -44.849960111999962 ], [ 167.322904307000044, -44.84981391599996 ], [ 167.323263229000077, -44.849696330999961 ], [ 167.323686549000058, -44.849697696999954 ], [ 167.323771564000026, -44.849697972999934 ], [ 167.32390272300006, -44.849636016999966 ], [ 167.32405337900002, -44.849564850999968 ], [ 167.324206718000028, -44.849448840999969 ], [ 167.324041499000032, -44.849192625999933 ], [ 167.324002478000011, -44.848942639999962 ], [ 167.324177792000114, -44.848601303999942 ], [ 167.324333403000082, -44.848461952999969 ], [ 167.324606465000102, -44.848346497999955 ], [ 167.324763240000038, -44.848280210999974 ], [ 167.324820405000082, -44.848200567999982 ], [ 167.324873296000078, -44.848126884999942 ], [ 167.324729521000108, -44.847962834999976 ], [ 167.32480802800012, -44.847807950999936 ], [ 167.325009125000065, -44.847719453999957 ], [ 167.32522271400012, -44.847625459999961 ], [ 167.325565106000113, -44.847374836999961 ], [ 167.325887698000088, -44.847138703999974 ], [ 167.326133571000014, -44.847048905999941 ], [ 167.326365911000039, -44.847053469999935 ], [ 167.326498060000063, -44.847056066999983 ], [ 167.32664517000012, -44.84698788399993 ], [ 167.326763660000097, -44.846932964999951 ], [ 167.327043226000114, -44.846653595999953 ], [ 167.327048869000123, -44.846270510999943 ], [ 167.327046355000107, -44.846266911999976 ], [ 167.326853025000105, -44.845990238999946 ], [ 167.326711117000059, -44.845944180999936 ], [ 167.326607205000073, -44.845910456999945 ], [ 167.32639508200009, -44.845641106999949 ], [ 167.326409530000092, -44.844998669999939 ], [ 167.326526050000098, -44.844778908999956 ], [ 167.326801317000104, -44.844543530999943 ], [ 167.327151785000069, -44.844538271999966 ], [ 167.327359490000049, -44.844683823999958 ], [ 167.327365747000044, -44.844701077999957 ], [ 167.327534382000067, -44.845166020999955 ], [ 167.327623724000091, -44.845238080999934 ], [ 167.327635321000116, -44.845234439999956 ], [ 167.32830910600012, -44.845022927999935 ], [ 167.328400732000091, -44.845064437999952 ], [ 167.328644267000072, -44.845174765999957 ], [ 167.328737549000039, -44.845162978999952 ], [ 167.328772644000082, -44.845158545999936 ], [ 167.329080714000042, -44.844924778999939 ], [ 167.32935584400002, -44.844859871999972 ], [ 167.329818663000083, -44.84485473999996 ], [ 167.330117441000084, -44.844851425999934 ], [ 167.330306503000088, -44.844825015999959 ], [ 167.330599482000025, -44.844784088999972 ], [ 167.331560312000079, -44.844526573999985 ], [ 167.332257572000117, -44.844853202999957 ], [ 167.332858060000035, -44.844929948999948 ], [ 167.333119201000045, -44.844963323999934 ], [ 167.333224704000031, -44.844964968999932 ], [ 167.33346735900011, -44.844968753999979 ], [ 167.333804746000055, -44.844928552999932 ], [ 167.334068050000042, -44.844828772999961 ], [ 167.335133083000073, -44.844790142999955 ], [ 167.336276548000114, -44.844935772999975 ], [ 167.336638946000107, -44.844794864999983 ], [ 167.337227573000064, -44.844778753999947 ], [ 167.338591963000113, -44.844934336999984 ], [ 167.338737108000032, -44.844866183999955 ], [ 167.338873633000048, -44.84480207699994 ], [ 167.338959090000117, -44.844702177999977 ], [ 167.339105392000079, -44.844531151999945 ], [ 167.339210629000036, -44.844465974999935 ], [ 167.339307860000076, -44.844404912999948 ], [ 167.339483048000034, -44.844402713999955 ], [ 167.339585238000041, -44.844486220999954 ], [ 167.339594798000121, -44.844503971999984 ], [ 167.339624694000122, -44.84455948599998 ], [ 167.339747410000086, -44.844787361999977 ], [ 167.340090841000119, -44.846093917999951 ], [ 167.340200924000101, -44.846512707999977 ], [ 167.340195561000087, -44.846909831999938 ], [ 167.34018783800002, -44.847481739999978 ], [ 167.340117844000019, -44.847910325999976 ], [ 167.340034243000105, -44.848422208999978 ], [ 167.340062850000095, -44.848618276999957 ], [ 167.340072286000122, -44.848682960999952 ], [ 167.340053632000036, -44.848736939999981 ], [ 167.340006996000056, -44.848871879999933 ], [ 167.3399950270001, -44.849164448999943 ], [ 167.340032901000086, -44.849287082999979 ], [ 167.340079891000073, -44.849439232999941 ], [ 167.340163674000109, -44.850218354999981 ], [ 167.340231042000028, -44.850844810999945 ], [ 167.340749832000029, -44.852042973999971 ], [ 167.340796547000082, -44.852879644999973 ], [ 167.340907468000069, -44.853382119999935 ], [ 167.340995658000111, -44.853622789999974 ], [ 167.341358042000024, -44.854147557999966 ], [ 167.341553505000093, -44.854334678999976 ], [ 167.341793101000121, -44.854564048999976 ], [ 167.342313395000019, -44.854938728999969 ], [ 167.342748205000021, -44.85548517999996 ], [ 167.342751871000019, -44.855489787999943 ], [ 167.342759245000025, -44.855495810999969 ], [ 167.342928101000098, -44.855633757999954 ], [ 167.343281736000108, -44.855583500999956 ], [ 167.343369940000116, -44.855654588999982 ], [ 167.343366450000076, -44.855674801999953 ], [ 167.343300290000116, -44.856057976999978 ], [ 167.343542914000068, -44.856667048999952 ], [ 167.34354763500005, -44.856814802999963 ], [ 167.343554836000067, -44.857040168999958 ], [ 167.343496664000099, -44.857160219999969 ], [ 167.343437435000055, -44.857282452999982 ], [ 167.343364429000076, -44.857876902999976 ], [ 167.343258474000095, -44.857953905999977 ], [ 167.34317610800008, -44.858013766999932 ], [ 167.343116880000025, -44.858014829999945 ], [ 167.342826734000027, -44.85802003699996 ], [ 167.342587473000094, -44.858211222999955 ], [ 167.342448791000038, -44.858549583999945 ], [ 167.342256600000042, -44.85901849399994 ], [ 167.342017365000061, -44.85939370899996 ], [ 167.341845063000051, -44.859663941999941 ], [ 167.341508751000106, -44.860866030999944 ], [ 167.341526173000034, -44.861004340999955 ], [ 167.341544538000107, -44.861150124999938 ], [ 167.341506130000084, -44.861405119999972 ], [ 167.341458629000044, -44.861720487999946 ], [ 167.341421598000011, -44.862609866999946 ], [ 167.341481346000023, -44.862973615999977 ], [ 167.342042823000043, -44.864399372999969 ], [ 167.342049094000117, -44.864620901999956 ], [ 167.342053689000068, -44.86478326699995 ], [ 167.342029725000089, -44.864851041999941 ], [ 167.341924218000031, -44.865149434999978 ], [ 167.341945261000092, -44.865559085999962 ], [ 167.342220155000064, -44.866697431999967 ], [ 167.342447489000051, -44.866968394999958 ], [ 167.342556993000017, -44.867054484999983 ], [ 167.342890550000106, -44.867316717999984 ], [ 167.343158571000117, -44.867698829999938 ], [ 167.343169051000018, -44.86771377499997 ], [ 167.343290477000096, -44.868526154999984 ], [ 167.343313114000011, -44.86854459999995 ], [ 167.343812331000095, -44.868951410999955 ], [ 167.344179773000064, -44.869370110999967 ], [ 167.344184612000049, -44.869375625999965 ], [ 167.344216081000013, -44.869422896999936 ], [ 167.344378311000014, -44.869666579999944 ], [ 167.344489288000091, -44.869999469999982 ], [ 167.344531565000011, -44.870400942999936 ], [ 167.344539416000089, -44.870475496999973 ], [ 167.344562248000102, -44.870496060999983 ], [ 167.345254412000031, -44.871119509999971 ], [ 167.345577478000109, -44.871605111999941 ], [ 167.345587563000095, -44.871620271999973 ], [ 167.345683522000058, -44.871982518999971 ], [ 167.345832562000055, -44.872545158999969 ], [ 167.345860651000066, -44.872809958999937 ], [ 167.345866323000109, -44.87286342699997 ], [ 167.345898909000084, -44.873180737999974 ], [ 167.345982789000118, -44.873466290999943 ], [ 167.346287851000056, -44.873890800999959 ], [ 167.346402974000057, -44.874050703999956 ], [ 167.346453536000013, -44.874247781999941 ], [ 167.346575945000041, -44.874724893999939 ], [ 167.346592912000119, -44.875132546999964 ], [ 167.346599910000123, -44.875300659999937 ], [ 167.346632401000079, -44.87533293599995 ], [ 167.347208458000068, -44.875905148999948 ], [ 167.347492779000049, -44.876295260999939 ], [ 167.347807332000116, -44.87672631199996 ], [ 167.347840962000078, -44.876772398999947 ], [ 167.347855126000013, -44.87678299199996 ], [ 167.348504460000072, -44.877268630999936 ], [ 167.34915847700006, -44.877758079999978 ], [ 167.349682938000115, -44.877570060999972 ], [ 167.350226101000089, -44.877529082999956 ], [ 167.350444969000023, -44.877561478999951 ], [ 167.350784633000103, -44.877826213999981 ], [ 167.3509817260001, -44.877926091999939 ], [ 167.351275406000013, -44.877970373999972 ], [ 167.351638165000054, -44.878025070999968 ], [ 167.351918413000021, -44.87802636999993 ], [ 167.352145405000101, -44.878027421999946 ], [ 167.354376418000015, -44.879758742999968 ], [ 167.355015372000025, -44.880038147999983 ], [ 167.355393520000121, -44.880328274999954 ], [ 167.35554791200002, -44.880446728999971 ], [ 167.355972815000086, -44.880647919999944 ], [ 167.356079202000046, -44.880698293999956 ], [ 167.356196763000071, -44.880794261999938 ], [ 167.356316458000038, -44.88119120999994 ], [ 167.356341702000122, -44.881274929999961 ], [ 167.356360604000088, -44.881288191999943 ], [ 167.356772898000031, -44.881577505999985 ], [ 167.357075559000123, -44.881897230999982 ], [ 167.357138725000027, -44.881931694999935 ], [ 167.357437050000044, -44.882094460999951 ], [ 167.357722293000052, -44.882129363999979 ], [ 167.357892206000088, -44.88215015399993 ], [ 167.357966142000123, -44.882198880999965 ], [ 167.357958963000101, -44.882209527999976 ], [ 167.357708278000018, -44.88258131799995 ], [ 167.357738802000085, -44.88309064799995 ], [ 167.357776431000048, -44.883219856999972 ], [ 167.357858723000049, -44.883502433999979 ], [ 167.35783231400012, -44.883970499999975 ], [ 167.357823452000048, -44.884127604999946 ], [ 167.357845334000103, -44.884145356999966 ], [ 167.357851537000101, -44.884150389999945 ], [ 167.358021059000066, -44.884287929999971 ], [ 167.358185412000012, -44.884276642999964 ], [ 167.358212655000102, -44.884274771999969 ], [ 167.358809213000086, -44.884010866999972 ], [ 167.359127175000026, -44.884003002999975 ], [ 167.359682507000116, -44.88433420399997 ], [ 167.359831001000089, -44.884600039999953 ], [ 167.359831702000065, -44.884601295999971 ], [ 167.359854271000017, -44.884619717999954 ], [ 167.359919884000078, -44.884673268999961 ], [ 167.360208368000031, -44.884642307999968 ], [ 167.360230547000015, -44.884662941999977 ], [ 167.360412036000071, -44.884831791999943 ], [ 167.360740993000036, -44.884948367999982 ], [ 167.360781262000046, -44.884962637999934 ], [ 167.360795084000074, -44.884978611999941 ], [ 167.360803807000025, -44.884988695999937 ], [ 167.360923882000066, -44.885127478999948 ], [ 167.360896598000068, -44.885838700999955 ], [ 167.360891485000025, -44.885971978999976 ], [ 167.360955680000075, -44.886121250999963 ], [ 167.361133313000096, -44.886265256999934 ], [ 167.361139544000025, -44.886266753999962 ], [ 167.361722286000031, -44.886406867999938 ], [ 167.362432168000055, -44.886282894999965 ], [ 167.362694628000099, -44.886363403999951 ], [ 167.362994070000013, -44.886546747999944 ], [ 167.363259512000013, -44.886832157999947 ], [ 167.363411158000076, -44.886995633999959 ], [ 167.363412540000013, -44.88699812699997 ], [ 167.363925284000061, -44.887922824999976 ], [ 167.365141067000081, -44.889492326999971 ], [ 167.365503745000069, -44.889848337999979 ], [ 167.36579035200009, -44.890047609999954 ], [ 167.366113624000036, -44.890272373999949 ], [ 167.366403489000049, -44.890567989999965 ], [ 167.366404148000015, -44.890570629999957 ], [ 167.366472120000026, -44.890841952999949 ], [ 167.365885492000075, -44.891998471999955 ], [ 167.365910543000041, -44.892067348999944 ], [ 167.365423659000044, -44.893150275999972 ], [ 167.365597501000025, -44.893359934999978 ], [ 167.365382998000086, -44.893609210999955 ], [ 167.36530153700005, -44.893808174999947 ], [ 167.365500594000082, -44.894307709999964 ], [ 167.366792981000117, -44.895808775999967 ], [ 167.366766961000053, -44.896247681999967 ], [ 167.366844454000102, -44.896600551999938 ], [ 167.366865463000067, -44.896617692999939 ], [ 167.366877951000106, -44.896627880999972 ], [ 167.366991469000027, -44.896720497999979 ], [ 167.36707831800004, -44.896744244999979 ], [ 167.367393274000051, -44.896830362999935 ], [ 167.367565345000116, -44.897019184999976 ], [ 167.367566306000072, -44.897027643999934 ], [ 167.367695507000121, -44.898164789999953 ], [ 167.367905551000035, -44.898742133999974 ], [ 167.367921030000048, -44.898784681999985 ], [ 167.367933532000052, -44.898891461999938 ], [ 167.367964795000034, -44.899158452999984 ], [ 167.367939866000029, -44.89924366799994 ], [ 167.367919268000037, -44.899314075999939 ], [ 167.367817927000033, -44.89941121499993 ], [ 167.367695433000108, -44.899528626999938 ], [ 167.367721404000122, -44.899560489999942 ], [ 167.36784857300006, -44.899716520999959 ], [ 167.367998229000023, -44.900501899999938 ], [ 167.368028664000121, -44.900661621999973 ], [ 167.368096248000029, -44.900789406999934 ], [ 167.36851019900007, -44.901101912999934 ], [ 167.36886022900012, -44.902258277999977 ], [ 167.368845268000086, -44.902371943999981 ], [ 167.36880265700006, -44.90269564099998 ], [ 167.368669999000076, -44.902813005999974 ], [ 167.368561128000124, -44.902909326999975 ], [ 167.368548091000093, -44.903043991999937 ], [ 167.369298872000059, -44.904151406999972 ], [ 167.369350256000075, -44.904206709999983 ], [ 167.369759813000087, -44.904647508999972 ], [ 167.370038917000102, -44.905055337999954 ], [ 167.370109989000071, -44.905319899999938 ], [ 167.370155551000039, -44.905489497999952 ], [ 167.370442221000076, -44.905819221999934 ], [ 167.370455019000019, -44.90582543599993 ], [ 167.370496888000048, -44.90584576599997 ], [ 167.370700439000075, -44.905944600999931 ], [ 167.371259192000025, -44.906072949999952 ], [ 167.371865212000102, -44.906129926999938 ], [ 167.371998796000071, -44.906142486999954 ], [ 167.372148021000044, -44.906239983999967 ], [ 167.372217190000015, -44.906345907999935 ], [ 167.372383487000093, -44.906600572999935 ], [ 167.372888044000092, -44.906974315999946 ], [ 167.372889921000024, -44.906975208999938 ], [ 167.373038395000094, -44.907045876999973 ], [ 167.373783550000098, -44.907400537999933 ], [ 167.37409354600004, -44.907471989999976 ], [ 167.374156036000045, -44.907486392999942 ], [ 167.374174751000055, -44.907504781999933 ], [ 167.374445818000027, -44.907771157999946 ], [ 167.374447767000106, -44.907771168999943 ], [ 167.375001418000124, -44.907774855999946 ], [ 167.375518836000083, -44.907845236999947 ], [ 167.375607075000062, -44.90791719899994 ], [ 167.375595064000095, -44.907932629999948 ], [ 167.375353432000111, -44.908243058999972 ], [ 167.37523059900002, -44.90854193499996 ], [ 167.375314565000053, -44.908986216999949 ], [ 167.375697320000086, -44.909635418999983 ], [ 167.375785563000022, -44.909707380999976 ], [ 167.375795454000013, -44.909708699999953 ], [ 167.37631942400003, -44.909778561999985 ], [ 167.37639020000006, -44.909860493999986 ], [ 167.376390785000012, -44.909874744999968 ], [ 167.376433270000121, -44.91091162999993 ], [ 167.375840714000105, -44.912969923999981 ], [ 167.375407114000041, -44.914696827999933 ], [ 167.375441207000108, -44.91500511199996 ], [ 167.375483637000116, -44.915388795999945 ], [ 167.375466250000045, -44.91557585399994 ], [ 167.375452339000049, -44.915725519999967 ], [ 167.375108439000087, -44.916341024999952 ], [ 167.375092165000069, -44.916666755999984 ], [ 167.375238344000081, -44.916809197999953 ], [ 167.375572710000029, -44.916964320999966 ], [ 167.375618636000013, -44.916985626999974 ], [ 167.375639868000121, -44.917004989999953 ], [ 167.375749298000073, -44.917104760999962 ], [ 167.375762088000101, -44.917247467999971 ], [ 167.375764563000075, -44.917275083999982 ], [ 167.375688080000032, -44.917449833999967 ], [ 167.375643968000077, -44.91755061899994 ], [ 167.375598038000021, -44.917593068999963 ], [ 167.375295430000051, -44.917872746999933 ], [ 167.374661727000102, -44.919029727999941 ], [ 167.374678563000089, -44.91935437099994 ], [ 167.374859702000094, -44.919791674999942 ], [ 167.375415740000108, -44.920618917999946 ], [ 167.375618465000116, -44.92082004599996 ], [ 167.375928574000113, -44.920877240999971 ], [ 167.37611740300008, -44.920912065999971 ], [ 167.376265766000074, -44.921032063999974 ], [ 167.376265390000071, -44.921040945999948 ], [ 167.3762606680001, -44.921152122999956 ], [ 167.376253838000025, -44.921312906999958 ], [ 167.376153216000034, -44.921569141999953 ], [ 167.376044962000037, -44.921844809999982 ], [ 167.376010478000012, -44.922123102999933 ], [ 167.375975525000058, -44.922405171999969 ], [ 167.37587842500011, -44.922635584999966 ], [ 167.375812389000089, -44.922792281999932 ], [ 167.375728130000084, -44.922859215999949 ], [ 167.375571706000073, -44.922983476999946 ], [ 167.375206740000067, -44.923146950999978 ], [ 167.375021039000103, -44.923181074999945 ], [ 167.37491589900003, -44.923200394999981 ], [ 167.3743758170001, -44.923546538999972 ], [ 167.374062128000105, -44.923836088999963 ], [ 167.37398156900008, -44.924012554999933 ], [ 167.373758346000045, -44.924193775999981 ], [ 167.373429390000069, -44.924313001999963 ], [ 167.372902282000041, -44.924682322999956 ], [ 167.371883805000039, -44.92520892899995 ], [ 167.370246648000034, -44.926223935999985 ], [ 167.369121510000014, -44.927038456999981 ], [ 167.368639977000043, -44.92742171499998 ], [ 167.367188893000048, -44.929031188999943 ], [ 167.367014791000088, -44.929313584999932 ], [ 167.366958389000047, -44.929405070999962 ], [ 167.36675944600006, -44.929584423999984 ], [ 167.366507593000051, -44.929811473999962 ], [ 167.366479392000088, -44.930272826999953 ], [ 167.366588600000114, -44.930726318999973 ], [ 167.366638754000064, -44.930934580999974 ], [ 167.366639715000019, -44.931477457999961 ], [ 167.366640212000107, -44.931758188999936 ], [ 167.366496528000084, -44.932258090999937 ], [ 167.366511769000113, -44.932428414999947 ], [ 167.366532029000041, -44.932444896999982 ], [ 167.367042628000036, -44.932860288999962 ], [ 167.367043513000112, -44.932863614999974 ], [ 167.367124533000037, -44.933168272999978 ], [ 167.367115831000092, -44.93325807399998 ], [ 167.36710061000008, -44.933415154999977 ], [ 167.366975055000012, -44.933609571999966 ], [ 167.366598599000099, -44.934192487999951 ], [ 167.366635330000122, -44.934390021999945 ], [ 167.366983595000079, -44.934819276999974 ], [ 167.367025295000076, -44.934996627999965 ], [ 167.367152659000112, -44.935538330999975 ], [ 167.367231251000021, -44.936478518999934 ], [ 167.367256760000032, -44.936783688999981 ], [ 167.367347263000056, -44.936996566999937 ], [ 167.367697345000124, -44.937819998999942 ], [ 167.367827687000045, -44.938311022999983 ], [ 167.367861092000112, -44.938436865999961 ], [ 167.367869947000031, -44.938583994999931 ], [ 167.367891748000034, -44.938946195999961 ], [ 167.367817620000096, -44.939225113999953 ], [ 167.367743841000106, -44.93950272099994 ], [ 167.367766742000072, -44.939594041999953 ], [ 167.367786599000056, -44.939605196999935 ], [ 167.368294292000087, -44.939890441999978 ], [ 167.368426255000031, -44.940009645999965 ], [ 167.368424409000113, -44.940014812999948 ], [ 167.368404680000026, -44.940070019999951 ], [ 167.368339132000074, -44.940253438999946 ], [ 167.36771172400006, -44.940843340999947 ], [ 167.367512101000102, -44.940987158999974 ], [ 167.367388128000016, -44.941076472999953 ], [ 167.366802667000115, -44.941369279999947 ], [ 167.365886520000117, -44.941827463999971 ], [ 167.365520757000013, -44.941951078999978 ], [ 167.364951594000104, -44.942143433999945 ], [ 167.364715147000084, -44.942289715999948 ], [ 167.364799072000096, -44.942406573999961 ], [ 167.364805373000081, -44.942407167999932 ], [ 167.366011082000114, -44.942520890999958 ], [ 167.367178357000057, -44.942769209999938 ], [ 167.367508804000067, -44.942976597999973 ], [ 167.367593780000107, -44.943082679999975 ], [ 167.367593181000075, -44.943086229999949 ], [ 167.367557991000012, -44.943294707999939 ], [ 167.366976199000078, -44.944225994999954 ], [ 167.3668960010001, -44.944311851999942 ], [ 167.366694180000081, -44.944527905999962 ], [ 167.366410210000026, -44.944643172999974 ], [ 167.366297534000068, -44.944688908999979 ], [ 167.365652323000063, -44.944793551999965 ], [ 167.364873940000052, -44.944621071999961 ], [ 167.364242915000091, -44.944251941999937 ], [ 167.364135551000118, -44.944245786999943 ], [ 167.363026519000073, -44.944182492999971 ], [ 167.361907259000077, -44.944263912999929 ], [ 167.359650041000123, -44.944606207999982 ], [ 167.358530688000087, -44.944845443999952 ], [ 167.358428616000083, -44.945347377999951 ], [ 167.358345458000031, -44.945759135999936 ], [ 167.35833621800009, -44.945801978999953 ], [ 167.358356417000095, -44.945813224999938 ], [ 167.358677242000113, -44.945991868999954 ], [ 167.358686446000092, -44.946004684999934 ], [ 167.358704122000063, -44.946029298999974 ], [ 167.358845081000027, -44.946225593999941 ], [ 167.358834098000102, -44.946338727999944 ], [ 167.358832009000025, -44.94636025799997 ], [ 167.358774907000111, -44.946429074999969 ], [ 167.358724125000094, -44.946490274999974 ], [ 167.358567039000036, -44.946567964999986 ], [ 167.358390565000036, -44.946655243999942 ], [ 167.357267237000087, -44.946542486999931 ], [ 167.357501379000041, -44.946995946999948 ], [ 167.357515899000077, -44.947005930999978 ], [ 167.357888355000114, -44.947262054999953 ], [ 167.359249677000093, -44.947474858999954 ], [ 167.360369200000036, -44.947731731999966 ], [ 167.360940412000105, -44.947905824999964 ], [ 167.361828889000094, -44.948410247999959 ], [ 167.361845624000011, -44.948427274999972 ], [ 167.362423668000019, -44.949014965999936 ], [ 167.362825384000075, -44.949123807999968 ], [ 167.363177403000122, -44.949095933999956 ], [ 167.363459678000027, -44.949132296999949 ], [ 167.363579571000059, -44.949205814999971 ], [ 167.363978480000014, -44.949289457999953 ], [ 167.364342709000084, -44.949365829999977 ], [ 167.364966965000121, -44.949418040999944 ], [ 167.365304105000064, -44.949446236999961 ], [ 167.365669180000054, -44.949283692999984 ], [ 167.366046363000123, -44.949323789999937 ], [ 167.366310091000059, -44.949223936999942 ], [ 167.366571570000019, -44.948976945999959 ], [ 167.367198563000102, -44.948817669999983 ], [ 167.367205787000103, -44.948815833999959 ], [ 167.367236471000069, -44.948800141999982 ], [ 167.367780469000081, -44.948521916999937 ], [ 167.368089683000107, -44.948542446999966 ], [ 167.368218463000062, -44.948611891999974 ], [ 167.36928355200007, -44.949186219999945 ], [ 167.369832862000067, -44.949363517999984 ], [ 167.369899410000016, -44.949384996999981 ], [ 167.37028590500006, -44.94946476299998 ], [ 167.371640398000068, -44.949744289999956 ], [ 167.372053807000043, -44.949760972999968 ], [ 167.372276842000019, -44.949769972999945 ], [ 167.372635559000059, -44.949843421999958 ], [ 167.373329005000073, -44.950238098999932 ], [ 167.374102960000073, -44.950286724999955 ], [ 167.374379861000079, -44.950378721999982 ], [ 167.374470925000082, -44.950431797999954 ], [ 167.375222757000074, -44.95086998599993 ], [ 167.375879051000084, -44.951150079999934 ], [ 167.376141945000086, -44.951235675999953 ], [ 167.376201695000077, -44.951255129999936 ], [ 167.376462711000045, -44.951288132999935 ], [ 167.37678272200003, -44.95132859499995 ], [ 167.376932838000016, -44.951317047999964 ], [ 167.377055318000089, -44.95130762399998 ], [ 167.377757091000035, -44.951104649999934 ], [ 167.378066157000035, -44.951139092999938 ], [ 167.378102687000023, -44.951143165999952 ], [ 167.378458032000026, -44.951065416999938 ], [ 167.379157741000085, -44.950912321999965 ], [ 167.380139828000097, -44.950936785999943 ], [ 167.380886415000077, -44.950769352999941 ], [ 167.381381164000118, -44.950736658999972 ], [ 167.381834722000121, -44.950814703999981 ], [ 167.382715871000073, -44.95109489999993 ], [ 167.383865541000091, -44.950844274999952 ], [ 167.384345118000056, -44.950810826999941 ], [ 167.385240058000022, -44.950922099999957 ], [ 167.386068313000123, -44.95072433799993 ], [ 167.386399697000115, -44.95075221299993 ], [ 167.386627055000076, -44.950881845999959 ], [ 167.386700683000072, -44.950923827999929 ], [ 167.386878711000122, -44.950946721999969 ], [ 167.386982983000053, -44.950960131999977 ], [ 167.387563749000037, -44.950694376999934 ], [ 167.387875490000056, -44.950596813999937 ], [ 167.389494056000103, -44.950607100999946 ], [ 167.390245845000095, -44.95021436299993 ], [ 167.390930306000087, -44.950032113999953 ], [ 167.391832635000014, -44.949895645999959 ], [ 167.392566408000107, -44.949873637999985 ], [ 167.393321776000107, -44.949943775999941 ], [ 167.393689198000061, -44.950085229999956 ], [ 167.393942211000081, -44.950267117999942 ], [ 167.394039109000119, -44.950425184999972 ], [ 167.394134280000117, -44.950580435999939 ], [ 167.394320890000017, -44.950698500999977 ], [ 167.394538926000109, -44.950836447999961 ], [ 167.394734991000064, -44.951100155999939 ], [ 167.394834640000113, -44.951234183999929 ], [ 167.395295495000028, -44.951643799999943 ], [ 167.395303795000018, -44.951651177999963 ], [ 167.395767097000089, -44.951786464999941 ], [ 167.396068255000046, -44.951969787999985 ], [ 167.396076467000057, -44.951983887999972 ], [ 167.396088833000022, -44.95200512699995 ], [ 167.396135824000112, -44.952085822999948 ], [ 167.396224065000069, -44.952915855999947 ], [ 167.396262383000021, -44.953276293999977 ], [ 167.396471810000094, -44.953567900999985 ], [ 167.396478388000105, -44.953570321999962 ], [ 167.397070475000078, -44.953788237999959 ], [ 167.397187357000121, -44.95390667099997 ], [ 167.397183820000123, -44.953914691999955 ], [ 167.397084935000066, -44.954138915999977 ], [ 167.397044834000098, -44.954396738999947 ], [ 167.397063284000069, -44.954412530999946 ], [ 167.397072162000086, -44.954420130999949 ], [ 167.397324120000121, -44.954635816999939 ], [ 167.398079451000058, -44.954976777999946 ], [ 167.398161658000049, -44.955013885999961 ], [ 167.398222971000109, -44.955008238999937 ], [ 167.3983218730001, -44.95499912799994 ], [ 167.398481975000095, -44.954867193999974 ], [ 167.398581303000014, -44.954785339999944 ], [ 167.398716425000089, -44.954859558999942 ], [ 167.398971689000064, -44.95518741099994 ], [ 167.39898159400002, -44.955240739999965 ], [ 167.3990134820001, -44.955415194999944 ], [ 167.398856569000031, -44.955788969999958 ], [ 167.398809015000097, -44.955902250999941 ], [ 167.398354804000064, -44.956331162999959 ], [ 167.398277084000028, -44.956834302999937 ], [ 167.398296608000123, -44.956839314999968 ], [ 167.39839698500009, -44.956865084999947 ], [ 167.398818830000096, -44.956973388999984 ], [ 167.39920239300011, -44.956965347999983 ], [ 167.399311461000025, -44.956963060999954 ], [ 167.399560197000028, -44.957189824999944 ], [ 167.399560309000094, -44.957192045999932 ], [ 167.399593564000043, -44.957845388999942 ], [ 167.399781741000083, -44.958045912999978 ], [ 167.400498252000034, -44.958353318999968 ], [ 167.401171630000022, -44.958642209999937 ], [ 167.401291653000044, -44.958693700999959 ], [ 167.401531840000075, -44.959009341999945 ], [ 167.40153281400012, -44.959014203999971 ], [ 167.401618467000048, -44.959441995999953 ], [ 167.401960165000105, -44.959864490999962 ], [ 167.402069374000121, -44.960216472999946 ], [ 167.402190890000043, -44.960608113999967 ], [ 167.402196705000051, -44.960662408999951 ], [ 167.402250417000118, -44.961163924999937 ], [ 167.402402823000102, -44.961384252999949 ], [ 167.402557086000115, -44.961607264999941 ], [ 167.402578452000057, -44.961999310999943 ], [ 167.402580497000031, -44.962036845999933 ], [ 167.40259792300003, -44.962061750999965 ], [ 167.40297247400008, -44.962597077999931 ], [ 167.403086347000112, -44.962990508999951 ], [ 167.403091629000073, -44.96300875999998 ], [ 167.402876176000063, -44.963438464999967 ], [ 167.402836180000122, -44.963695390999931 ], [ 167.402918053000121, -44.963834665999968 ], [ 167.403273047000084, -44.964145289999976 ], [ 167.403300048000119, -44.96416891399997 ], [ 167.403299537000066, -44.964172331999976 ], [ 167.403124530000014, -44.965344697999967 ], [ 167.403127183000038, -44.965818369999965 ], [ 167.40323653300004, -44.966173650999963 ], [ 167.403248985000118, -44.966182109999977 ], [ 167.403789870000082, -44.966549591999978 ], [ 167.404003708000118, -44.966796296999973 ], [ 167.404006701000071, -44.966805504999968 ], [ 167.404015169000104, -44.96683154599998 ], [ 167.404078204000029, -44.967025409999962 ], [ 167.403954211000041, -44.967304406999972 ], [ 167.403896522000082, -44.967434207999986 ], [ 167.40388805900011, -44.967693568999948 ], [ 167.403902169000048, -44.967708093999931 ], [ 167.40461171000004, -44.968438568999943 ], [ 167.404715118000013, -44.968680226999936 ], [ 167.404594207000059, -44.968768022999939 ], [ 167.404510602000073, -44.968828728999938 ], [ 167.404434051000067, -44.968851408999967 ], [ 167.404249011000047, -44.968906225999945 ], [ 167.404080111000098, -44.969010773999969 ], [ 167.404019179000102, -44.969230185999947 ], [ 167.403959498000063, -44.969445084999961 ], [ 167.403913746000057, -44.969515198999943 ], [ 167.403867075000107, -44.969586718999949 ], [ 167.402450229000124, -44.970286400999953 ], [ 167.402338934000113, -44.970309486999952 ], [ 167.401964009000039, -44.97038725699997 ], [ 167.401110988000028, -44.970362009999974 ], [ 167.400728628000024, -44.970350691999954 ], [ 167.400455948000058, -44.970371718999957 ], [ 167.399404217000097, -44.970749957999942 ], [ 167.398456632000034, -44.970851828999969 ], [ 167.398149353000122, -44.970915365999986 ], [ 167.398055562000081, -44.971057830999939 ], [ 167.398057299000016, -44.971711857999935 ], [ 167.397981942000115, -44.971758836999982 ], [ 167.397872077000102, -44.971827327999961 ], [ 167.397762180000086, -44.971829769999943 ], [ 167.39755371900003, -44.971834401999956 ], [ 167.397418583000103, -44.971918031999962 ], [ 167.397281471000042, -44.972351536999952 ], [ 167.397280051000052, -44.972733259999984 ], [ 167.397278870000036, -44.973050451999939 ], [ 167.397148556000047, -44.973412202999953 ], [ 167.397107067000093, -44.973527371999978 ], [ 167.396577513000011, -44.974077094999984 ], [ 167.39604680900004, -44.974530213999969 ], [ 167.395851864000065, -44.974696655999935 ], [ 167.395741807000036, -44.974773395999932 ], [ 167.395443137000029, -44.974981653999976 ], [ 167.394913640000027, -44.975246985999945 ], [ 167.394826205000072, -44.975290798999936 ], [ 167.394723928000076, -44.975333271999943 ], [ 167.392743785000107, -44.976155535999965 ], [ 167.391740128000038, -44.97666593699995 ], [ 167.39141105300007, -44.976954794999983 ], [ 167.391267809000055, -44.977252562999979 ], [ 167.391252057000088, -44.977285305999942 ], [ 167.391223119000074, -44.977304707999963 ], [ 167.390811801000041, -44.977580480999961 ], [ 167.390774811000028, -44.97779245299995 ], [ 167.390790841000012, -44.977846993999947 ], [ 167.390858986000012, -44.978078872999959 ], [ 167.390795467000089, -44.978203639999947 ], [ 167.390780568000082, -44.97823290599996 ], [ 167.390646672000116, -44.978316588999974 ], [ 167.39045476900003, -44.978329798999937 ], [ 167.389942219000091, -44.978531251999982 ], [ 167.388934, -44.979114470999946 ], [ 167.388138094000055, -44.979459968999947 ], [ 167.387614904000088, -44.979784466999945 ], [ 167.386913161000052, -44.980483617999937 ], [ 167.386779027000102, -44.980714309999939 ], [ 167.386707170000022, -44.981478639999978 ], [ 167.386688282000023, -44.981679536999934 ], [ 167.386595796000051, -44.98197059499995 ], [ 167.386529376000112, -44.982179623999968 ], [ 167.385853273000066, -44.982429017999948 ], [ 167.385034483000027, -44.982852758999968 ], [ 167.384018264000019, -44.983017923999967 ], [ 167.383626781000089, -44.983123323999962 ], [ 167.383436963000122, -44.983216958999947 ], [ 167.382959457000084, -44.983452504999946 ], [ 167.382021006000059, -44.98374647299994 ], [ 167.381648761000065, -44.983863075999977 ], [ 167.380150686000093, -44.984581095999943 ], [ 167.379556509000054, -44.984981476999963 ], [ 167.379505207000079, -44.985524686999952 ], [ 167.379479576000108, -44.985789527999941 ], [ 167.379321509000079, -44.985946724999962 ], [ 167.379057651000039, -44.986209128999974 ], [ 167.378722408000044, -44.98643231099993 ], [ 167.378362050000078, -44.986672208999948 ], [ 167.377929276000032, -44.987046177999957 ], [ 167.377899879000097, -44.987533629999973 ], [ 167.377935128000104, -44.987655315999973 ], [ 167.377931844000045, -44.987505422999959 ], [ 167.377948436000111, -44.987490808999951 ], [ 167.378401512000096, -44.987091759999942 ], [ 167.37868624400005, -44.987104744999954 ], [ 167.378986402000123, -44.987299782999969 ], [ 167.379081285000098, -44.987304410999968 ], [ 167.379404247000025, -44.987579034999953 ], [ 167.379415951000055, -44.987593600999958 ], [ 167.379419622000114, -44.987598170999945 ], [ 167.379546049000055, -44.987755524999955 ], [ 167.379582331000051, -44.988050445999932 ], [ 167.379537765000123, -44.988330284999961 ], [ 167.379485116000069, -44.988660870999979 ], [ 167.379694319000123, -44.989375536999944 ], [ 167.379762118000031, -44.989502415999937 ], [ 167.380069451000054, -44.98970051799995 ], [ 167.380481203000045, -44.989965924999979 ], [ 167.380796629000088, -44.990318649999949 ], [ 167.380797452000024, -44.990323431999968 ], [ 167.380820364000101, -44.990456809999955 ], [ 167.38088851100008, -44.99085350699994 ], [ 167.380892971000094, -44.99143240099994 ], [ 167.380894509000086, -44.991632226999968 ], [ 167.380908702000056, -44.991643781999983 ], [ 167.380917190000105, -44.99165069299994 ], [ 167.380982884000105, -44.991704184999946 ], [ 167.381194471000072, -44.991714497999965 ], [ 167.381267552000054, -44.991718059999982 ], [ 167.381266298000014, -44.991731025999968 ], [ 167.381243662000088, -44.991964945999939 ], [ 167.380819756000051, -44.99241783399998 ], [ 167.380467863000035, -44.993269306999935 ], [ 167.380445234000035, -44.993516254999975 ], [ 167.380477805000055, -44.99357056499997 ], [ 167.380842568000048, -44.994178749999946 ], [ 167.380915997000102, -44.994482443999971 ], [ 167.380922460000079, -44.994509168999969 ], [ 167.380907369000056, -44.994835860999956 ], [ 167.380833246000066, -44.994944996999948 ], [ 167.380863137000119, -44.995476829999973 ], [ 167.381088549000083, -44.996773169999983 ], [ 167.381270178000022, -44.997379147999936 ], [ 167.381572531000074, -44.997867433999943 ], [ 167.381582521000041, -44.997874797999941 ], [ 167.381900045000066, -44.998108893999984 ], [ 167.382267540000043, -44.998081702999968 ], [ 167.382471619000057, -44.99811419699995 ], [ 167.382840562000069, -44.998295434999932 ], [ 167.383498257000042, -44.998185864999982 ], [ 167.383762254000089, -44.998242924999943 ], [ 167.384146688000101, -44.997968173999936 ], [ 167.384752389000028, -44.997535280999955 ], [ 167.384924178000119, -44.997357359999967 ], [ 167.385032236000029, -44.99724544399993 ], [ 167.385033535000048, -44.997244098999943 ], [ 167.385044388000097, -44.997131876999958 ], [ 167.384699513000101, -44.996912129999941 ], [ 167.384137176000081, -44.99670720499995 ], [ 167.384130952000078, -44.996704935999958 ], [ 167.383976497000049, -44.996422302999974 ], [ 167.384072673000105, -44.996085129999983 ], [ 167.384754354000052, -44.995832402999952 ], [ 167.384938353000052, -44.995828729999971 ], [ 167.385424325000031, -44.995819032999975 ], [ 167.385610883000027, -44.995748964999962 ], [ 167.385681562000059, -44.995722417999957 ], [ 167.386079454000082, -44.995275461999938 ], [ 167.38691872000004, -44.994590273999961 ], [ 167.386940676000108, -44.994572349999942 ], [ 167.386984411000071, -44.994528583999966 ], [ 167.387468433000095, -44.994044217999942 ], [ 167.387828901000034, -44.993418643999973 ], [ 167.388328588000036, -44.990510579999977 ], [ 167.388620388000049, -44.989779734999956 ], [ 167.388925471000107, -44.989411237999946 ], [ 167.389478059000112, -44.988941135999937 ], [ 167.38981715500006, -44.988720415999978 ], [ 167.390026583000122, -44.988697233999972 ], [ 167.390546781000012, -44.988733372999945 ], [ 167.391080592000094, -44.989141793999977 ], [ 167.3912177630001, -44.98915883799998 ], [ 167.391677205000065, -44.989215922999961 ], [ 167.391976189000047, -44.989160322999965 ], [ 167.392065508000087, -44.989143712999976 ], [ 167.392103127000041, -44.989120441999944 ], [ 167.392200691000085, -44.989060089999953 ], [ 167.392295714000056, -44.988788195999973 ], [ 167.392332423000084, -44.988683150999975 ], [ 167.392838179000023, -44.988368603999959 ], [ 167.392873034000104, -44.988258783999981 ], [ 167.392883851000079, -44.988224702999958 ], [ 167.392880608000041, -44.988211803999945 ], [ 167.392837931000031, -44.988042069999949 ], [ 167.392917484000122, -44.987876364999977 ], [ 167.393183511000075, -44.987754005999932 ], [ 167.393499791000067, -44.987769389999983 ], [ 167.393583878000072, -44.987807249999946 ], [ 167.394002875000069, -44.987995903999945 ], [ 167.39417534100005, -44.987985513999945 ], [ 167.394209992000015, -44.987983425999971 ], [ 167.394385466000017, -44.987811560999944 ], [ 167.394468219000032, -44.987612636999984 ], [ 167.394709198000101, -44.987420504999932 ], [ 167.395450487000062, -44.98728607299995 ], [ 167.395729640000013, -44.987040773999979 ], [ 167.396155352000051, -44.986080103999939 ], [ 167.396402343000091, -44.985761234999984 ], [ 167.396879831000092, -44.985144782999953 ], [ 167.398118537000073, -44.983281523999949 ], [ 167.398769398000013, -44.982302446999938 ], [ 167.39896499300005, -44.981420786999934 ], [ 167.399176245000035, -44.981193828999949 ], [ 167.399918556000102, -44.980744627999968 ], [ 167.39992268900005, -44.980732297999964 ], [ 167.39996316600002, -44.980611496999984 ], [ 167.399842102000093, -44.980512948999944 ], [ 167.399698023000042, -44.980395665999936 ], [ 167.399741367000047, -44.980262474999961 ], [ 167.399883835000082, -44.980109249999941 ], [ 167.400343978000024, -44.97961436099996 ], [ 167.400438191000035, -44.979367805999971 ], [ 167.400491851000083, -44.979227374999937 ], [ 167.400906902000088, -44.978705443999957 ], [ 167.401990179000109, -44.978001296999935 ], [ 167.402872202000026, -44.977750085999958 ], [ 167.403014883000083, -44.977734742999985 ], [ 167.403161132000037, -44.97771901699997 ], [ 167.40342092100002, -44.977620713999954 ], [ 167.403638579000017, -44.977538351999954 ], [ 167.404787348000013, -44.976826535999976 ], [ 167.405165506000117, -44.976687045999938 ], [ 167.40576146300009, -44.97656342199997 ], [ 167.406138040000087, -44.976485303999937 ], [ 167.406599999000036, -44.976318478999985 ], [ 167.406910872000026, -44.976206213999944 ], [ 167.408596749000026, -44.975181280999948 ], [ 167.409937467000077, -44.974506324999936 ], [ 167.409948241000052, -44.974500899999953 ], [ 167.40997427800005, -44.97448534199998 ], [ 167.410892030000014, -44.973936932999948 ], [ 167.411282936000021, -44.973633652999979 ], [ 167.411371288000055, -44.973565105999967 ], [ 167.411416680000116, -44.97351995899993 ], [ 167.411933355000087, -44.973006072999965 ], [ 167.412273165000101, -44.972762776999957 ], [ 167.413441066000019, -44.972682292999934 ], [ 167.413988581000012, -44.972776479999936 ], [ 167.414249426000083, -44.973037165999983 ], [ 167.414910496000061, -44.973113399999932 ], [ 167.414958069000022, -44.973142520999943 ], [ 167.415150514000061, -44.973260327999981 ], [ 167.416357032000064, -44.973611025999958 ], [ 167.416721384000084, -44.973786522999944 ], [ 167.417957386000012, -44.974161179999953 ], [ 167.418321834000039, -44.97433577399994 ], [ 167.418932297000083, -44.974461394999935 ], [ 167.419038347000082, -44.974483216999943 ], [ 167.419185902000095, -44.97447062599997 ], [ 167.419550846000107, -44.97443948199998 ], [ 167.419891548000123, -44.97431149099998 ], [ 167.420029394000039, -44.974259705999941 ], [ 167.420735377000028, -44.97384199399994 ], [ 167.421731515000033, -44.97339322199997 ], [ 167.422023691000049, -44.973327988999984 ], [ 167.422452328000077, -44.973337006999941 ], [ 167.42266074500003, -44.973482387999979 ], [ 167.422673295000095, -44.973499820999962 ], [ 167.422674293000114, -44.973501209999938 ], [ 167.422913015000063, -44.973832834999939 ], [ 167.422949599000049, -44.974090725999986 ], [ 167.422951666000017, -44.974105296999937 ], [ 167.422778339000047, -44.974931234999985 ], [ 167.422691496000084, -44.976021124999932 ], [ 167.422741024000061, -44.976497958999971 ], [ 167.4229359630001, -44.976969200999974 ], [ 167.422947783000041, -44.976982557999975 ], [ 167.423165244000074, -44.977228335999939 ], [ 167.423540413000069, -44.977291584999932 ], [ 167.423687842000049, -44.977410561999932 ], [ 167.423690134000026, -44.977424517999964 ], [ 167.423829778000027, -44.978275203999942 ], [ 167.423902862000091, -44.978334661999952 ], [ 167.423911546000113, -44.978334374999974 ], [ 167.423948119000102, -44.97833316699996 ], [ 167.424046923000105, -44.978329904999953 ], [ 167.424285524000084, -44.978161052999951 ], [ 167.424295004000101, -44.978128579999975 ], [ 167.424330963000102, -44.97800540399993 ], [ 167.424592569000083, -44.977927861999945 ], [ 167.424831744000016, -44.978097275999971 ], [ 167.42485587200008, -44.97817691299997 ], [ 167.424852037000051, -44.978178786999933 ], [ 167.424771872000065, -44.978217950999976 ], [ 167.424432871000022, -44.978280925999968 ], [ 167.424427872000024, -44.978664021999975 ], [ 167.424365726000019, -44.978710172999968 ], [ 167.424256826000033, -44.978791043999934 ], [ 167.424029773000029, -44.978838069999938 ], [ 167.423900257000014, -44.978864894999958 ], [ 167.423898431000111, -44.979056023999931 ], [ 167.424075685000048, -44.979645468999934 ], [ 167.424083161000112, -44.979645350999931 ], [ 167.424527512000054, -44.979638458999943 ], [ 167.424649701000021, -44.979689467999947 ], [ 167.424910628000021, -44.979950130999953 ], [ 167.424911616000031, -44.97995812399995 ], [ 167.424925901000051, -44.980073506999986 ], [ 167.424947138000107, -44.980245036999975 ], [ 167.424931751000031, -44.980319188999943 ], [ 167.424828912000066, -44.980814776999978 ], [ 167.424842514000034, -44.981176221999931 ], [ 167.424952358000041, -44.981700168999964 ], [ 167.425258525000118, -44.982323805999954 ], [ 167.425682573000017, -44.982727757999953 ], [ 167.425768033000054, -44.982781118999981 ], [ 167.426327488000084, -44.983130442999936 ], [ 167.426821355000016, -44.983300558999986 ], [ 167.426897104000091, -44.98332665099997 ], [ 167.427583244000061, -44.983460840999953 ], [ 167.427909301000113, -44.983462489999965 ], [ 167.428917081000122, -44.983467582999936 ], [ 167.42982723700004, -44.983365778999939 ], [ 167.430122141000084, -44.983332790999953 ], [ 167.430394991000071, -44.983364168999969 ], [ 167.43079844600004, -44.983410564999986 ], [ 167.431573641000114, -44.983427036999956 ], [ 167.432098504000123, -44.983438186999933 ], [ 167.432466237000085, -44.983579515999963 ], [ 167.433061977000079, -44.984007421999934 ], [ 167.433240329000114, -44.984135528999957 ], [ 167.433613859000047, -44.984327564999944 ], [ 167.433770866000032, -44.984408282999937 ], [ 167.434252088000108, -44.984532535999961 ], [ 167.434373515000061, -44.984538398999973 ], [ 167.434536736000041, -44.984546279999961 ], [ 167.434751200000051, -44.984498197999983 ], [ 167.434910806000062, -44.98446241399995 ], [ 167.435038803000111, -44.984382688999972 ], [ 167.435145987000055, -44.984315924999976 ], [ 167.435258597000029, -44.984198092999975 ], [ 167.435393182000098, -44.984057266999969 ], [ 167.435457942000085, -44.984049687999971 ], [ 167.435682387000043, -44.98402342299994 ], [ 167.436258885000029, -44.983667041999979 ], [ 167.436425399000086, -44.983564103999981 ], [ 167.438656947000027, -44.983659148999948 ], [ 167.439289865000092, -44.983858345999977 ], [ 167.439598145000105, -44.983625175999975 ], [ 167.439805324000076, -44.983611716999974 ], [ 167.440321361000088, -44.983704252999985 ], [ 167.440646059000073, -44.98390220899995 ], [ 167.440801707000105, -44.983997101999933 ], [ 167.44101803600006, -44.984024722999948 ], [ 167.441085470000075, -44.984033333999946 ], [ 167.441266125000084, -44.984003224999981 ], [ 167.441505219000078, -44.983963377999942 ], [ 167.441547446000072, -44.983923670999957 ], [ 167.441573652000102, -44.983899028999986 ], [ 167.441673514000058, -44.983888019999938 ], [ 167.441863945000023, -44.983867025999984 ], [ 167.442143730000112, -44.983755045999942 ], [ 167.442322519000072, -44.983683485999961 ], [ 167.442842233000079, -44.983259363999935 ], [ 167.443055317000017, -44.982852027999968 ], [ 167.443175754000094, -44.981234309999934 ], [ 167.443275639000035, -44.980987624999955 ], [ 167.443278921000115, -44.980979518999959 ], [ 167.443222111000068, -44.980909133999944 ], [ 167.442993854000065, -44.980812277999974 ], [ 167.442565058000014, -44.980630324999936 ], [ 167.442060517000073, -44.980245216999947 ], [ 167.441363117000037, -44.979896806999932 ], [ 167.440629361000106, -44.979410443999939 ], [ 167.440592181000056, -44.979307631999973 ], [ 167.440616777000059, -44.979037326999958 ], [ 167.440746643000011, -44.978761961999965 ], [ 167.44085592700003, -44.978530234999937 ], [ 167.440923873000088, -44.978059479999956 ], [ 167.440946425000107, -44.977903225999967 ], [ 167.441125730000067, -44.977516814999944 ], [ 167.441302147000101, -44.977333205999969 ], [ 167.441745321000099, -44.977004613999952 ], [ 167.442140423000069, -44.976280306999968 ], [ 167.442147535000117, -44.976267265999979 ], [ 167.441925321000099, -44.976212355999962 ], [ 167.441709463000052, -44.976383240999951 ], [ 167.441651661000037, -44.976537944999961 ], [ 167.441581350000092, -44.976726120999956 ], [ 167.441268733000015, -44.977005084999973 ], [ 167.441206707000106, -44.977016509999942 ], [ 167.44117171500011, -44.977022955999985 ], [ 167.440788531000067, -44.976711340999941 ], [ 167.440117242000042, -44.976409278999938 ], [ 167.439990749000117, -44.976403177999941 ], [ 167.439790268000024, -44.976506251999979 ], [ 167.439782341000068, -44.976934300999972 ], [ 167.439433881000014, -44.977255726999942 ], [ 167.439489234000121, -44.97904067099995 ], [ 167.439459881000062, -44.97913854199993 ], [ 167.439395905000083, -44.979351855999937 ], [ 167.439326430000051, -44.97939488999998 ], [ 167.439294586000074, -44.979414615999985 ], [ 167.439243295000097, -44.979408929999977 ], [ 167.438948775000085, -44.979376284999944 ], [ 167.438218392000067, -44.979031899999939 ], [ 167.438096400000063, -44.978974378999965 ], [ 167.438025363000065, -44.978960889999939 ], [ 167.437784366000074, -44.978915126999937 ], [ 167.437270673000057, -44.978683251999939 ], [ 167.437113154000031, -44.978612149999947 ], [ 167.436913567000033, -44.978627219999964 ], [ 167.436377109000091, -44.978667725999969 ], [ 167.43575816200007, -44.978612694999981 ], [ 167.435289650000072, -44.978571038999974 ], [ 167.434511102000101, -44.978579451999963 ], [ 167.434245206000014, -44.978701909999984 ], [ 167.434000179000122, -44.978938117999974 ], [ 167.433502705000024, -44.978824801999963 ], [ 167.433163703000105, -44.97850322599993 ], [ 167.433152059000122, -44.978492180999979 ], [ 167.433075921000068, -44.977947324999946 ], [ 167.433247669000025, -44.977481185999977 ], [ 167.433549520000042, -44.977173562999951 ], [ 167.433564543000102, -44.977158251999981 ], [ 167.433573411000111, -44.977132544999961 ], [ 167.433606773000065, -44.977035819999969 ], [ 167.433603831000028, -44.977026397999964 ], [ 167.43348521900009, -44.976646615999982 ], [ 167.433218816000021, -44.976354235999963 ], [ 167.432851653000057, -44.975951269999939 ], [ 167.432869746000051, -44.975749200999985 ], [ 167.433326006000016, -44.975297704999946 ], [ 167.433398973000067, -44.975162903999944 ], [ 167.433653348000121, -44.97469296099996 ], [ 167.433691058000022, -44.974422981999965 ], [ 167.433700179000084, -44.974357681999948 ], [ 167.433701902000053, -44.974345343999971 ], [ 167.433463981000045, -44.97417601099994 ], [ 167.433119178000084, -44.974114260999954 ], [ 167.432754687000056, -44.973939713999982 ], [ 167.43235221000009, -44.973830076999946 ], [ 167.432327665000116, -44.973817638999947 ], [ 167.432033490000094, -44.973668560999954 ], [ 167.431879420000087, -44.973446451999962 ], [ 167.431962022000107, -44.973247498999967 ], [ 167.4324540450001, -44.97274091099996 ], [ 167.43279679200009, -44.972506902999953 ], [ 167.433133866000048, -44.972276763999957 ], [ 167.433272533000036, -44.972143594999977 ], [ 167.433413757000039, -44.972007966999968 ], [ 167.433582253000054, -44.971734690999938 ], [ 167.433651675000078, -44.971500827999932 ], [ 167.434002074000091, -44.971156365999946 ], [ 167.434003776000054, -44.971153636999929 ], [ 167.434173011000098, -44.970860354999957 ], [ 167.434210317000066, -44.97074715499997 ], [ 167.434260789000064, -44.970594003999963 ], [ 167.434320247000073, -44.970156118999967 ], [ 167.434364332000087, -44.969831432999968 ], [ 167.434359525000104, -44.969814579999934 ], [ 167.43425684500005, -44.969454632999941 ], [ 167.433899005000058, -44.968909421999967 ], [ 167.433892760000049, -44.968899904999944 ], [ 167.433882078000124, -44.968883629999937 ], [ 167.433623312000122, -44.96860054299998 ], [ 167.433216212000048, -44.968367115999968 ], [ 167.433013241000026, -44.968323939999948 ], [ 167.432166502000086, -44.968302880999943 ], [ 167.431981200000109, -44.968326176999938 ], [ 167.431819257000029, -44.968346535999956 ], [ 167.431588135000084, -44.968307582999955 ], [ 167.431444136000096, -44.968283314999951 ], [ 167.430849227000067, -44.967848684999979 ], [ 167.429914251000014, -44.96677896999995 ], [ 167.429903455000044, -44.966766617999951 ], [ 167.42988923300004, -44.966718430999947 ], [ 167.429734660000122, -44.966194730999973 ], [ 167.429511920000095, -44.965805413999931 ], [ 167.42947566700002, -44.96574205099995 ], [ 167.429468615000019, -44.965700627999979 ], [ 167.429404140000088, -44.96532188599997 ], [ 167.42925681600002, -44.965202018999946 ], [ 167.429099619000112, -44.965171870999939 ], [ 167.428853086000117, -44.965332200999967 ], [ 167.42874460400003, -44.965402748999963 ], [ 167.428448172000117, -44.965512889999957 ], [ 167.428192813000123, -44.965509550999968 ], [ 167.428115708000064, -44.965508542999942 ], [ 167.427828409000085, -44.96517896499995 ], [ 167.42770409600007, -44.965150403999985 ], [ 167.427124146000097, -44.965236007999977 ], [ 167.426708486000052, -44.965092337999977 ], [ 167.426329088000102, -44.965073989999951 ], [ 167.42587887600007, -44.965131588999952 ], [ 167.424759966000124, -44.96570974499997 ], [ 167.424412094000104, -44.965693816999931 ], [ 167.42406191200007, -44.965529853999954 ], [ 167.423987417000035, -44.965458074999958 ], [ 167.423028016000103, -44.964533655999958 ], [ 167.422783648000063, -44.964226101999941 ], [ 167.422431756000037, -44.963783220999971 ], [ 167.422062817000096, -44.963483948999965 ], [ 167.42159825900012, -44.963188163999973 ], [ 167.420949076000056, -44.963002499999959 ], [ 167.420065675000046, -44.962358246999941 ], [ 167.420056199000101, -44.962351337999962 ], [ 167.419711794000023, -44.961466057999985 ], [ 167.419416661000014, -44.960888031999957 ], [ 167.419240086000059, -44.960067702999936 ], [ 167.419012501000111, -44.959447847999968 ], [ 167.419059329000106, -44.958779904999972 ], [ 167.419060588000093, -44.958761969999955 ], [ 167.419001672000036, -44.958714018999956 ], [ 167.418795701000022, -44.958715767999934 ], [ 167.418473170000084, -44.95876390799998 ], [ 167.418280150000101, -44.958792717999984 ], [ 167.418065191000096, -44.958752771999968 ], [ 167.417958339000052, -44.958732914999985 ], [ 167.417951895000101, -44.958731717999967 ], [ 167.41786783800012, -44.958614897999951 ], [ 167.417875339000034, -44.958536803999948 ], [ 167.417895865000105, -44.958323114999985 ], [ 167.417673112000102, -44.958058982999944 ], [ 167.417638117000024, -44.95801748599996 ], [ 167.417615703000024, -44.957923329999971 ], [ 167.417524071000116, -44.957538423999949 ], [ 167.417406245000052, -44.957442516999947 ], [ 167.417243301000099, -44.957432761999939 ], [ 167.416537230000017, -44.957390488999977 ], [ 167.416264283000032, -44.957276855999964 ], [ 167.41620131500008, -44.957250640999973 ], [ 167.415888169000027, -44.957032519999984 ], [ 167.415789721000124, -44.957009887999959 ], [ 167.41563958800009, -44.956975373999967 ], [ 167.415359177000028, -44.956747594999968 ], [ 167.415078684000036, -44.956519748999938 ], [ 167.414816286000018, -44.956416854999929 ], [ 167.414732232000119, -44.956383893999941 ], [ 167.414643140000067, -44.95631136999998 ], [ 167.414609804000065, -44.956284231999973 ], [ 167.41459438600009, -44.956271680999976 ], [ 167.414664611000035, -44.955699621999941 ], [ 167.414982887000065, -44.954846446999966 ], [ 167.414982240000086, -44.954813011999931 ], [ 167.414974786000016, -44.954428437999979 ], [ 167.414720502000023, -44.953876844999968 ], [ 167.414704196000116, -44.953841472999954 ], [ 167.414698331000068, -44.953828750999946 ], [ 167.414272747000041, -44.953459054999939 ], [ 167.413522156000113, -44.952980983999964 ], [ 167.413507865000042, -44.952971881999986 ], [ 167.413527916000021, -44.95243630899995 ], [ 167.413528122000116, -44.952430775999972 ], [ 167.412869248000106, -44.951825098999961 ], [ 167.412855861000025, -44.951812791999942 ], [ 167.412825252000061, -44.951488945999984 ], [ 167.412823745000082, -44.951472992999982 ], [ 167.412659018000113, -44.951363080999954 ], [ 167.411725781000086, -44.951160873999982 ], [ 167.411095685000078, -44.951108662999957 ], [ 167.411010475000012, -44.951079061999963 ], [ 167.410757662000037, -44.95099124199993 ], [ 167.41056755000011, -44.95086396499994 ], [ 167.410515766000117, -44.950829296999984 ], [ 167.410503469000105, -44.950821062999978 ], [ 167.410371128000065, -44.950374476999968 ], [ 167.410276737000117, -44.949397611999984 ], [ 167.410250813000061, -44.949129317999962 ], [ 167.410195503000068, -44.948911034999981 ], [ 167.410167600000023, -44.948800925999933 ], [ 167.410163344000011, -44.948784124999975 ], [ 167.409781655000074, -44.948711484999933 ], [ 167.409298134000096, -44.949116463999985 ], [ 167.409274276000019, -44.949115304999964 ], [ 167.40923492100012, -44.949113394999983 ], [ 167.409171121000099, -44.949061444999984 ], [ 167.409132440000121, -44.949029950999943 ], [ 167.408894497000119, -44.948690982999949 ], [ 167.407502948000115, -44.947348427999941 ], [ 167.407234763000019, -44.947089676999951 ], [ 167.40709571900004, -44.946927156999948 ], [ 167.406691302000013, -44.946454453999934 ], [ 167.406208051000021, -44.946003428999973 ], [ 167.40619481900012, -44.945991078999953 ], [ 167.406118097000103, -44.945474517999969 ], [ 167.406114664000029, -44.945451410999965 ], [ 167.405624473000103, -44.945648591999941 ], [ 167.405092401000047, -44.945555102999947 ], [ 167.403078449000077, -44.94429731799994 ], [ 167.402115171000105, -44.943788692999931 ], [ 167.401638545000083, -44.943598017999932 ], [ 167.401411970000026, -44.943507372999932 ], [ 167.401224508000041, -44.943475712999941 ], [ 167.400753474000112, -44.943249870999978 ], [ 167.400185226000076, -44.94288028099993 ], [ 167.399555912000096, -44.942470963999938 ], [ 167.397485498000037, -44.941537746999984 ], [ 167.395633884000063, -44.940298534999954 ], [ 167.394750359000113, -44.939833411999984 ], [ 167.394315814000038, -44.939796028999979 ], [ 167.393640230000074, -44.939887621999958 ], [ 167.39362174900009, -44.93988516099995 ], [ 167.393373150000116, -44.939852071999951 ], [ 167.393045159000053, -44.939563217999932 ], [ 167.393020810000053, -44.939541773999963 ], [ 167.392799513000114, -44.939531901999942 ], [ 167.392137157000093, -44.939657504999957 ], [ 167.392078332000096, -44.939648133999981 ], [ 167.391933282000082, -44.939625027999966 ], [ 167.391717614000072, -44.939518901999975 ], [ 167.391630173000067, -44.939475873999982 ], [ 167.390781267000079, -44.939389435999942 ], [ 167.390111055000034, -44.93942534599995 ], [ 167.389248698000074, -44.939136194999946 ], [ 167.388533606000124, -44.938808209999934 ], [ 167.386753017000046, -44.937493825999979 ], [ 167.386691737000092, -44.937466657999948 ], [ 167.386325563000014, -44.937304318999963 ], [ 167.385632286000032, -44.936865501999932 ], [ 167.385516537000058, -44.936792235999974 ], [ 167.385435638000104, -44.936733644999947 ], [ 167.3840317370001, -44.935716821999961 ], [ 167.38335049300008, -44.93512954199997 ], [ 167.38332992200003, -44.935111807999931 ], [ 167.383311960000015, -44.935096321999936 ], [ 167.382946583000034, -44.934593225999947 ], [ 167.382705364000117, -44.93396178699993 ], [ 167.382665901000109, -44.933542235999937 ], [ 167.382802366000078, -44.932432214999949 ], [ 167.382952500000101, -44.931864061999931 ], [ 167.383418585000072, -44.931469167999978 ], [ 167.38352958300004, -44.93146375799995 ], [ 167.38367681200009, -44.931582784999932 ], [ 167.383874161000108, -44.931487770999979 ], [ 167.383909872000118, -44.93147057799996 ], [ 167.383946732000027, -44.931441168999982 ], [ 167.384150648000059, -44.93127846699997 ], [ 167.384412203000124, -44.931003382999961 ], [ 167.384468666000089, -44.930944 ], [ 167.384486810000112, -44.930912570999965 ], [ 167.384886500000107, -44.930220222999935 ], [ 167.385241564000012, -44.92983073299996 ], [ 167.385442881000017, -44.929705248999937 ], [ 167.385796937000123, -44.929654859999971 ], [ 167.386479917000088, -44.929748587999939 ], [ 167.386833610000053, -44.928610368999955 ], [ 167.387038214000086, -44.928292916999965 ], [ 167.387584988000071, -44.92789021599998 ], [ 167.387776724000105, -44.927877009999975 ], [ 167.388159295000037, -44.928188802999955 ], [ 167.388425053000105, -44.928066453999975 ], [ 167.388497529000119, -44.927302385999951 ], [ 167.388670664000074, -44.927152972999977 ], [ 167.389184841000088, -44.92708782699998 ], [ 167.389264249000121, -44.927014609999958 ], [ 167.389324215000102, -44.92695931999998 ], [ 167.389456475000088, -44.926713517999985 ], [ 167.389632102000064, -44.926387119999958 ], [ 167.390111321000063, -44.926026215999968 ], [ 167.390328148000094, -44.92608187899998 ], [ 167.390380277000077, -44.926028493999979 ], [ 167.390458478000028, -44.925704879999955 ], [ 167.390525997000054, -44.925663067999949 ], [ 167.390713393000055, -44.925694747999955 ], [ 167.39072696900007, -44.925712665999981 ], [ 167.390749521000089, -44.925742431999936 ], [ 167.390855305000059, -44.925882057999956 ], [ 167.390874296000106, -44.925972764999983 ], [ 167.390910065000071, -44.926143598999943 ], [ 167.391064752000034, -44.926343258999964 ], [ 167.391074697000022, -44.926342697999985 ], [ 167.391288164000116, -44.926330686999961 ], [ 167.391522579000025, -44.926164778999976 ], [ 167.391526642000031, -44.926161903999969 ], [ 167.391529939000065, -44.92615841199995 ], [ 167.391720388000067, -44.925956664999944 ], [ 167.391954683000108, -44.926002350999966 ], [ 167.392187954000065, -44.926216658999977 ], [ 167.392506146000073, -44.92620870199994 ], [ 167.392625127000088, -44.926304694999942 ], [ 167.39269610000008, -44.926556198999947 ], [ 167.39271511000004, -44.926752560999944 ], [ 167.392752075000089, -44.927134396999975 ], [ 167.392892970000048, -44.927490328999966 ], [ 167.39299656500009, -44.927574747999984 ], [ 167.393010124000057, -44.927574495999977 ], [ 167.393045707000056, -44.92757383299994 ], [ 167.39317083100002, -44.927571505999936 ], [ 167.393382839000083, -44.927338823999946 ], [ 167.393613874000039, -44.927085253999962 ], [ 167.394101886000044, -44.926804137999966 ], [ 167.39431439100008, -44.926904681999986 ], [ 167.39431821200003, -44.92691584499994 ], [ 167.39439845000004, -44.927150300999983 ], [ 167.394600688000082, -44.927741233999939 ], [ 167.394902334000108, -44.92894813199996 ], [ 167.395025856000075, -44.92944233999998 ], [ 167.395184080000035, -44.929618712999968 ], [ 167.395355514000016, -44.929712523999967 ], [ 167.395365003000052, -44.92971771699996 ], [ 167.39594047200012, -44.929846743999974 ], [ 167.395953867000117, -44.929864190999979 ], [ 167.395963895000023, -44.929877251999983 ], [ 167.396039748000021, -44.929976049999937 ], [ 167.396035392000044, -44.930139958999973 ], [ 167.396027178000054, -44.930448983999952 ], [ 167.396223681000038, -44.930886990999966 ], [ 167.397285968000119, -44.932065260999934 ], [ 167.397639323000021, -44.932364772999961 ], [ 167.397641699000019, -44.932365238999978 ], [ 167.398048089000099, -44.932445088999941 ], [ 167.399030802000084, -44.93226197499996 ], [ 167.399350169000058, -44.932232021999937 ], [ 167.399911127000109, -44.932179406999978 ], [ 167.400172929000064, -44.932083139999975 ], [ 167.400290265000081, -44.932039993999979 ], [ 167.400796696000043, -44.93177690899995 ], [ 167.40164299200012, -44.931337262999932 ], [ 167.401854961000026, -44.931169443999977 ], [ 167.402260182000077, -44.93084861899996 ], [ 167.403018105000115, -44.93038846099995 ], [ 167.403663943000083, -44.930103247999966 ], [ 167.403917979000084, -44.930115591999936 ], [ 167.404313701000092, -44.930291764999936 ], [ 167.404577507000113, -44.930519253999933 ], [ 167.404868417000102, -44.930873686999973 ], [ 167.405232154000032, -44.931316842999934 ], [ 167.405563941000082, -44.931598020999957 ], [ 167.405585546000111, -44.93161632999994 ], [ 167.407009769000069, -44.931661148999979 ], [ 167.407293598000024, -44.93142740899998 ], [ 167.407320055000014, -44.931405620999953 ], [ 167.407263337000018, -44.931335218999948 ], [ 167.407136948000016, -44.931329080999944 ], [ 167.406569730000115, -44.931470331999947 ], [ 167.406567123000059, -44.931470979999972 ], [ 167.406559944000037, -44.931470911999952 ], [ 167.406266457000015, -44.931468104999965 ], [ 167.405359801000031, -44.930683234999947 ], [ 167.405356859000108, -44.930680686999949 ], [ 167.405352862000086, -44.930673189999936 ], [ 167.40514065900004, -44.930275115999962 ], [ 167.404937798000105, -44.930074040999955 ], [ 167.404473340000095, -44.929780880999942 ], [ 167.404272396000124, -44.929680468999948 ], [ 167.40377551500012, -44.929432179999935 ], [ 167.403466839000089, -44.929191225999944 ], [ 167.403422167000031, -44.929156352999939 ], [ 167.403405857000052, -44.92914362099998 ], [ 167.403429170000095, -44.929129179999961 ], [ 167.403507125000033, -44.929080893999981 ], [ 167.403568025000027, -44.928590325999949 ], [ 167.403584239000111, -44.928459724999982 ], [ 167.4035862610001, -44.928443426999934 ], [ 167.403214071000093, -44.928389460999938 ], [ 167.402753509000036, -44.928322679999951 ], [ 167.402634782000064, -44.928279497999938 ], [ 167.402538926000034, -44.928244634999942 ], [ 167.402243124000051, -44.928005628999983 ], [ 167.402128796000056, -44.927692094999941 ], [ 167.402117559000089, -44.927661281999974 ], [ 167.401862193000056, -44.927333172999965 ], [ 167.401601874000107, -44.927241143999936 ], [ 167.400876002000018, -44.927184206999982 ], [ 167.400841357000104, -44.927158962999954 ], [ 167.40059481000003, -44.926979311999958 ], [ 167.400393688000122, -44.926752318999945 ], [ 167.400021054000035, -44.926331748999985 ], [ 167.398536891000049, -44.925065333999953 ], [ 167.397690527000123, -44.924480260999985 ], [ 167.3953048730001, -44.922830760999943 ], [ 167.394961118000083, -44.922593068999959 ], [ 167.394654732000049, -44.922307556999954 ], [ 167.394555435000029, -44.922046895999983 ], [ 167.394501737000041, -44.921905938999942 ], [ 167.393990855000084, -44.921456365999973 ], [ 167.393593578000036, -44.921106757999951 ], [ 167.393397283000013, -44.920838328999935 ], [ 167.393378126000016, -44.920194273999982 ], [ 167.393582664000064, -44.919876808999959 ], [ 167.393735356000093, -44.919814853999981 ], [ 167.394029243000091, -44.919695604999959 ], [ 167.394517052000083, -44.919402753999975 ], [ 167.39469775900011, -44.919219515999941 ], [ 167.394780175000051, -44.919135943999947 ], [ 167.394776636000074, -44.919054076999942 ], [ 167.39476052200007, -44.91868128599998 ], [ 167.394532335000122, -44.918060737999951 ], [ 167.394481898000095, -44.917923578999932 ], [ 167.394021504000079, -44.917089370999975 ], [ 167.393976517000056, -44.916726382999968 ], [ 167.394069569000067, -44.915919119999955 ], [ 167.393669810000119, -44.914772163999942 ], [ 167.393596289000016, -44.914204838999979 ], [ 167.393369158000041, -44.913584932999981 ], [ 167.393284008000023, -44.913151437999943 ], [ 167.393288988000108, -44.912888264999935 ], [ 167.393307888000095, -44.91188981099998 ], [ 167.393152928000063, -44.910618726999985 ], [ 167.393111539000074, -44.910279209999942 ], [ 167.393081106000068, -44.910167666999939 ], [ 167.392958657000122, -44.909718842999951 ], [ 167.392825250000101, -44.909529912999972 ], [ 167.392678327000112, -44.90932184199994 ], [ 167.392405368000027, -44.908519300999956 ], [ 167.392717757000014, -44.908241369999985 ], [ 167.392722068000012, -44.90812744699997 ], [ 167.392728424000097, -44.907959565999931 ], [ 167.392660758000034, -44.907674561999954 ], [ 167.392614679000076, -44.907480477999968 ], [ 167.392750061000015, -44.906787124999937 ], [ 167.392784655000014, -44.906729326999937 ], [ 167.39289379100012, -44.906546979999973 ], [ 167.392897512000104, -44.906139406999955 ], [ 167.392898836000086, -44.905994303999933 ], [ 167.392888411000058, -44.905981398999984 ], [ 167.39247247000003, -44.905466615999956 ], [ 167.391441500000042, -44.904548340999952 ], [ 167.390598815000089, -44.903797742999984 ], [ 167.389416175000065, -44.902544962999968 ], [ 167.387983560000066, -44.900581835999958 ], [ 167.387429696000027, -44.899732210999957 ], [ 167.38664643900006, -44.897788096999932 ], [ 167.386711417000015, -44.897430468999971 ], [ 167.386893008000015, -44.897021700999971 ], [ 167.387077586000032, -44.896411032999936 ], [ 167.38712853800007, -44.89588314599996 ], [ 167.387321531000111, -44.895645409999986 ], [ 167.387293161000116, -44.895564257999979 ], [ 167.387112692000073, -44.895048030999931 ], [ 167.386872648000121, -44.894685889999948 ], [ 167.38683465500003, -44.894628572999977 ], [ 167.386842974000047, -44.894200531999957 ], [ 167.386904965000099, -44.893886954999971 ], [ 167.387009154000111, -44.89385112399998 ], [ 167.387134663000097, -44.893807958999957 ], [ 167.38723157000004, -44.893701804999978 ], [ 167.387312038000118, -44.893613658999982 ], [ 167.387336767000079, -44.893344267999964 ], [ 167.387280114000077, -44.893273854999961 ], [ 167.387341330000027, -44.892310805999955 ], [ 167.387127790000022, -44.891867434999938 ], [ 167.387153459000046, -44.891601464999951 ], [ 167.387164613000095, -44.891485884999952 ], [ 167.387094358000013, -44.891394391999938 ], [ 167.386868145000108, -44.891099803999964 ], [ 167.386866921000092, -44.890597523999929 ], [ 167.386866550000036, -44.890445781999972 ], [ 167.386643308000089, -44.889814033999983 ], [ 167.38656654600004, -44.88959680499994 ], [ 167.386580779000042, -44.888108307999971 ], [ 167.386629224000103, -44.887974469999961 ], [ 167.386693588000071, -44.887797819999946 ], [ 167.386774210000112, -44.88757654799997 ], [ 167.38673351500006, -44.887115019999953 ], [ 167.386720295000032, -44.886965070999963 ], [ 167.386304411000083, -44.885911133999969 ], [ 167.386298228000101, -44.885895465999965 ], [ 167.386151200000086, -44.885775543999955 ], [ 167.385817419000091, -44.885744896999938 ], [ 167.38564813500011, -44.885729353999977 ], [ 167.385559070000113, -44.885656708999932 ], [ 167.385550618000025, -44.885649814999965 ], [ 167.385530515000028, -44.885633415999962 ], [ 167.385487773000023, -44.885405832999936 ], [ 167.385814696000011, -44.88492204299996 ], [ 167.385834146000093, -44.884893260999945 ], [ 167.385337422000021, -44.88499257899997 ], [ 167.385231670000053, -44.884930614999973 ], [ 167.385075771000061, -44.884731784999985 ], [ 167.38502935200006, -44.884572273999936 ], [ 167.384752795000054, -44.883621906999963 ], [ 167.384448647000113, -44.88298739499993 ], [ 167.384430215000066, -44.882970166999939 ], [ 167.38424499100006, -44.882797056999948 ], [ 167.384166928000013, -44.882308386999966 ], [ 167.384165119000045, -44.882297062999953 ], [ 167.384076911000079, -44.882225107999943 ], [ 167.383451238000021, -44.881947098999945 ], [ 167.383422413000062, -44.881934291999983 ], [ 167.383413537000024, -44.881855383999948 ], [ 167.383721584000114, -44.881621468999981 ], [ 167.38366424000003, -44.881439425999986 ], [ 167.383660407000093, -44.881427259999953 ], [ 167.383281459000045, -44.881239189999974 ], [ 167.382560026000078, -44.88122720299998 ], [ 167.382553117000043, -44.881227087999946 ], [ 167.382376709000027, -44.881083175999947 ], [ 167.382341650000058, -44.880912810999973 ], [ 167.382311084000094, -44.880764273999944 ], [ 167.382091981000031, -44.880563255999959 ], [ 167.381718621000118, -44.88048820299997 ], [ 167.381370527000058, -44.880204221999975 ], [ 167.381350524000027, -44.880187903999968 ], [ 167.38118600100006, -44.879920996999942 ], [ 167.381078937000098, -44.879400727999951 ], [ 167.381014649000122, -44.879089044999944 ], [ 167.381012406000082, -44.879078172999982 ], [ 167.380213131000119, -44.878644965999968 ], [ 167.37998549200006, -44.878554339999937 ], [ 167.379601075000096, -44.878401297999972 ], [ 167.378590171000042, -44.877829362999933 ], [ 167.378381349000051, -44.877711216999955 ], [ 167.378238647000103, -44.877663407999933 ], [ 167.377750950000063, -44.877500014999953 ], [ 167.3774604890001, -44.877338136999981 ], [ 167.377043123000021, -44.877105528999948 ], [ 167.376556887000106, -44.876948063999976 ], [ 167.376551076000055, -44.876946180999937 ], [ 167.376230702000043, -44.876638274999948 ], [ 167.376212068000086, -44.876535954999952 ], [ 167.37620998400007, -44.876524513999982 ], [ 167.376064411000016, -44.876359481999941 ], [ 167.375999696000122, -44.876286117999939 ], [ 167.37598132200003, -44.876265285999978 ], [ 167.375799403000087, -44.876282031999949 ], [ 167.375501323000094, -44.876309472999935 ], [ 167.375307970000108, -44.876272010999969 ], [ 167.375190001000078, -44.876249154999982 ], [ 167.37497665300009, -44.876054778999958 ], [ 167.374955656000111, -44.87603564799997 ], [ 167.374937523000085, -44.875969309999959 ], [ 167.374861946000124, -44.875692816999958 ], [ 167.374652136000122, -44.875345955999933 ], [ 167.374601634000101, -44.875262462999956 ], [ 167.374550302000102, -44.87496680299995 ], [ 167.374646623000103, -44.874700338999958 ], [ 167.374678458000062, -44.874612269999943 ], [ 167.374654890000102, -44.874491981999938 ], [ 167.374635989000012, -44.874395514999946 ], [ 167.374601004000056, -44.874338338999962 ], [ 167.374415802000044, -44.874035676999938 ], [ 167.374226084000043, -44.873823411999979 ], [ 167.373699222000027, -44.873233932999938 ], [ 167.373322838000036, -44.872594032999984 ], [ 167.373316838000051, -44.872583832999965 ], [ 167.372998897000116, -44.872264308999945 ], [ 167.37256285400008, -44.872070985999983 ], [ 167.372541545000104, -44.872061537999969 ], [ 167.372445684000013, -44.871741147999956 ], [ 167.372463671000105, -44.870890801999963 ], [ 167.372463791000087, -44.870885130999966 ], [ 167.372218757000041, -44.870625093999934 ], [ 167.371886195000116, -44.870481364999932 ], [ 167.371868093000103, -44.870473540999967 ], [ 167.371712364000018, -44.870273796999982 ], [ 167.371650855000098, -44.869770225999957 ], [ 167.371650074000058, -44.869763823999961 ], [ 167.371515302000034, -44.869622831999948 ], [ 167.370923537000067, -44.869264834999967 ], [ 167.370905354000115, -44.869253834999938 ], [ 167.370678916000088, -44.868972153999948 ], [ 167.370520739000085, -44.86829963699995 ], [ 167.36993932900009, -44.867740805999972 ], [ 167.369452335000119, -44.86669139199995 ], [ 167.36939773600011, -44.866429843999981 ], [ 167.36947598200004, -44.866106245999958 ], [ 167.369660807000059, -44.865664289999984 ], [ 167.36955927300005, -44.865363462999937 ], [ 167.369492583000124, -44.86534486499994 ], [ 167.36941248200003, -44.865110932999983 ], [ 167.369429531000037, -44.864766780999958 ], [ 167.36942977800004, -44.864761802999965 ], [ 167.369192505000115, -44.864592336999976 ], [ 167.368988910000098, -44.864559820999943 ], [ 167.368801782000105, -44.864582818999963 ], [ 167.368458775000022, -44.864624971999945 ], [ 167.368367564000096, -44.864550516999941 ], [ 167.368360890000076, -44.864545067999984 ], [ 167.368341225000108, -44.864529015999949 ], [ 167.367001634000076, -44.862107385999934 ], [ 167.366947138000114, -44.861844939999969 ], [ 167.366998250000051, -44.861644490999936 ], [ 167.367166901000019, -44.86154 ], [ 167.367381611000042, -44.861465754999983 ], [ 167.367626174000065, -44.86138118599996 ], [ 167.367631398000071, -44.861327221999943 ], [ 167.367634844000122, -44.861291613999981 ], [ 167.367580438000118, -44.861198544999979 ], [ 167.367087483000091, -44.860785884999984 ], [ 167.367066573000102, -44.860768380999957 ], [ 167.36677110100004, -44.860140147999971 ], [ 167.366762606000066, -44.860122090999937 ], [ 167.366406725000047, -44.860039969999946 ], [ 167.366390443000114, -44.860036212999944 ], [ 167.366289029000086, -44.859760643999948 ], [ 167.366310757000065, -44.859536205999973 ], [ 167.366404919000047, -44.859487786999978 ], [ 167.366510960000028, -44.859433261999982 ], [ 167.366481540000109, -44.859245714999986 ], [ 167.366471748000095, -44.85918328799994 ], [ 167.366638220000027, -44.859101239999973 ], [ 167.366764532000047, -44.859106523999969 ], [ 167.367017439000051, -44.859245190999957 ], [ 167.367160588000047, -44.858945519999963 ], [ 167.367140804000087, -44.858809248999933 ], [ 167.367313792000118, -44.858659868999951 ], [ 167.366965232000098, -44.857819268999947 ], [ 167.366952161000086, -44.857469551999941 ], [ 167.367039098000078, -44.857056179999972 ], [ 167.366864744000054, -44.856551537999962 ], [ 167.36677838300011, -44.856012918999966 ], [ 167.366775388000065, -44.855994231999944 ], [ 167.366722985000024, -44.856005161999974 ], [ 167.366596774000072, -44.856031485999949 ], [ 167.366379938000023, -44.855957125999964 ], [ 167.36628991900011, -44.855926255999975 ], [ 167.365916684000013, -44.855599559999973 ], [ 167.36589476600011, -44.855580372999952 ], [ 167.365623288000052, -44.85510975699998 ], [ 167.365664451000043, -44.855082785999969 ], [ 167.365670681000097, -44.855078704999983 ], [ 167.365163070000108, -44.85477592899997 ], [ 167.365146759000027, -44.854766198999982 ], [ 167.365130593000117, -44.854718620999961 ], [ 167.364998725000078, -44.854330493999953 ], [ 167.364550869000027, -44.85369564299998 ], [ 167.364495828000031, -44.853617620999955 ], [ 167.364486907000014, -44.853608189999932 ], [ 167.364149573000077, -44.85325157799997 ], [ 167.363895270000057, -44.853034758999968 ], [ 167.363182017000099, -44.852426628999979 ], [ 167.362815634000071, -44.851988308999978 ], [ 167.362327447000098, -44.851404258999935 ], [ 167.361971990000029, -44.851170564999961 ], [ 167.361864897000032, -44.851100156999962 ], [ 167.361519598000086, -44.850732046999951 ], [ 167.361189079000042, -44.850379692999979 ], [ 167.361136370000054, -44.850360567999985 ], [ 167.360973482000077, -44.850301469999977 ], [ 167.360797223000077, -44.850157524999986 ], [ 167.360675496000113, -44.849925945999985 ], [ 167.360663387000045, -44.849902910999958 ], [ 167.360406630000057, -44.849935420999941 ], [ 167.360370319000026, -44.849908583999934 ], [ 167.359770020000042, -44.849464920999935 ], [ 167.359429358000057, -44.849142216999951 ], [ 167.35940650100008, -44.849120564999964 ], [ 167.358866618000093, -44.849117535999937 ], [ 167.358600066000122, -44.848924058999955 ], [ 167.357908133000024, -44.848867563999931 ], [ 167.357347668000102, -44.848592914999983 ], [ 167.356913116000101, -44.848321340999973 ], [ 167.356898134000062, -44.84831197799997 ], [ 167.356711099000108, -44.84812239799993 ], [ 167.356538036000074, -44.84777564999996 ], [ 167.356503400000065, -44.847557466999945 ], [ 167.356419291000066, -44.847025661999965 ], [ 167.356435472000044, -44.846289699999943 ], [ 167.356438627000102, -44.846146245999932 ], [ 167.356403208000074, -44.845903096999962 ], [ 167.356352607000076, -44.845555714999932 ], [ 167.356425412000021, -44.845288683999968 ], [ 167.35666901400009, -44.844894732999933 ], [ 167.356539392000059, -44.844256961999974 ], [ 167.356659062000062, -44.843833475999929 ], [ 167.356908137000119, -44.843382966999968 ], [ 167.357319341000107, -44.843064889999937 ], [ 167.35739345200011, -44.842882154999984 ], [ 167.357422641000085, -44.842810179999958 ], [ 167.357437044000108, -44.842705938999984 ], [ 167.357473638000101, -44.842441052999959 ], [ 167.357874172000038, -44.842219868999962 ], [ 167.357839958000113, -44.840924703999974 ], [ 167.357956547000072, -44.840370443999973 ], [ 167.357957520000014, -44.840365813999938 ], [ 167.357872497000017, -44.840248888999952 ], [ 167.357539333000091, -44.840066985999954 ], [ 167.357511267000064, -44.84005166299994 ], [ 167.357524322000017, -44.839917000999947 ], [ 167.357768345000068, -44.839727489999973 ], [ 167.357798524000032, -44.839704052999934 ], [ 167.357820679000042, -44.839649905999977 ], [ 167.357871190000083, -44.839526457999966 ], [ 167.35787993100007, -44.839505093999946 ], [ 167.357791822000081, -44.839433118999978 ], [ 167.357649367000022, -44.83943785699995 ], [ 167.357365360000017, -44.839517256999954 ], [ 167.357339225000032, -44.839524562999941 ], [ 167.357281158000092, -44.839515725999945 ], [ 167.357132410000077, -44.839493083999969 ], [ 167.357120584000086, -44.839491282999973 ], [ 167.357003106000093, -44.839395316999969 ], [ 167.356984614000112, -44.839259107999965 ], [ 167.357184589000099, -44.838817914999936 ], [ 167.35780469000008, -44.838306234999948 ], [ 167.357864468000116, -44.83784643599995 ], [ 167.357787105000057, -44.837493560999974 ], [ 167.357922935000033, -44.837060043999941 ], [ 167.357786790000091, -44.83648960499994 ], [ 167.356775473000084, -44.835233339999945 ], [ 167.356766182000115, -44.835221801999978 ], [ 167.356475731000046, -44.834948667999981 ], [ 167.355777366000098, -44.834463380999978 ], [ 167.35558801600007, -44.834368482999935 ], [ 167.355081010000049, -44.834114389999968 ], [ 167.354739408000114, -44.833872114999963 ], [ 167.354394465000041, -44.833494371999961 ], [ 167.354659858000105, -44.833372100999952 ], [ 167.354879644000107, -44.833351893999975 ], [ 167.354979627000034, -44.833342700999935 ], [ 167.355043157000068, -44.833293552999976 ], [ 167.35511667600008, -44.833236676999945 ], [ 167.355086234000055, -44.832896927999968 ], [ 167.355521340000109, -44.832658508999941 ], [ 167.356128166000076, -44.831943235999972 ], [ 167.356352475000108, -44.831772540999964 ], [ 167.356504530000052, -44.831656830999975 ], [ 167.356528648000108, -44.831574357999955 ], [ 167.356550038000023, -44.831501210999932 ], [ 167.356789270000036, -44.831374043999972 ], [ 167.358218090000037, -44.830613167999957 ], [ 167.358220768000024, -44.830611741999974 ], [ 167.358201016000066, -44.830475469999953 ], [ 167.357487036000066, -44.830041343999937 ], [ 167.357032681000078, -44.829765073999965 ], [ 167.356745562000015, -44.829457826999942 ], [ 167.356271007000032, -44.828272738999942 ], [ 167.356260511000073, -44.827854805999948 ], [ 167.356257964000065, -44.82775344199996 ], [ 167.356212543000083, -44.827701640999976 ], [ 167.356206594000014, -44.827694855999937 ], [ 167.35618605600007, -44.827671436999935 ], [ 167.355996825000034, -44.827662145999966 ], [ 167.355565066000054, -44.827866452999956 ], [ 167.355514271000061, -44.827864138999985 ], [ 167.355312670000103, -44.827854961999947 ], [ 167.355195405000018, -44.827759146999938 ], [ 167.35518964400012, -44.827754438999932 ], [ 167.355165856000099, -44.827735000999951 ], [ 167.355041714000095, -44.827368099999944 ], [ 167.355116896000027, -44.827089461999947 ], [ 167.355249537000077, -44.826858744999981 ], [ 167.355382217000056, -44.826797607999936 ], [ 167.355566931000112, -44.82651352299996 ], [ 167.355563862000054, -44.826507497999955 ], [ 167.355513689000077, -44.826408981999975 ], [ 167.355274679000104, -44.826203127999975 ], [ 167.355250474000059, -44.826182278999966 ], [ 167.355278759000043, -44.82589051399998 ], [ 167.355993941000065, -44.825633918999984 ], [ 167.355999693000058, -44.825631854999983 ], [ 167.355886595000015, -44.825491000999932 ], [ 167.355668232000085, -44.825399421999975 ], [ 167.355642998000121, -44.825388837999981 ], [ 167.355674545000056, -44.825334318999978 ], [ 167.355757191000066, -44.825191492999977 ], [ 167.355695022000077, -44.82512316499998 ], [ 167.355691304000061, -44.825119079999979 ], [ 167.355671280000024, -44.825097072999938 ], [ 167.355594800000063, -44.825109601999941 ], [ 167.355349296000099, -44.825149815999964 ], [ 167.355258785000046, -44.825076595999974 ], [ 167.35525494400008, -44.825073490999955 ], [ 167.355230587000051, -44.825053786999945 ], [ 167.355263223000065, -44.824717132999979 ], [ 167.355400337000106, -44.824610210999936 ], [ 167.355787480000117, -44.824539019999975 ], [ 167.356100675000107, -44.824576945999979 ], [ 167.356365388000086, -44.824461436999968 ], [ 167.356381246000069, -44.824454516999936 ], [ 167.35642693200009, -44.824426151999944 ], [ 167.357190416000094, -44.823952127999974 ], [ 167.35785376900003, -44.823646431999975 ], [ 167.358738869000035, -44.823328162999985 ], [ 167.359010560000115, -44.823170750999964 ], [ 167.359259880000081, -44.823026299999981 ], [ 167.359775940000077, -44.822614439999938 ], [ 167.360339540000041, -44.822164631999954 ], [ 167.361339044000033, -44.821829405999949 ], [ 167.362367824000103, -44.82167600799994 ], [ 167.362828962000094, -44.821494768999969 ], [ 167.36298431900002, -44.821356260999949 ], [ 167.363427924000121, -44.821185884999977 ], [ 167.363686697000048, -44.821152737999967 ], [ 167.364069577000123, -44.821103691999951 ], [ 167.364441302000046, -44.820973407999929 ], [ 167.364692724000065, -44.820885286999953 ], [ 167.365209185000026, -44.820459598999946 ], [ 167.365491888000065, -44.820314702999951 ], [ 167.36599947600007, -44.820131389999972 ], [ 167.366417734000038, -44.819980334999968 ], [ 167.366804296000055, -44.819762749999938 ], [ 167.367347928000072, -44.819456750999962 ], [ 167.367793809000091, -44.819275646999984 ], [ 167.368353798000044, -44.819211978999931 ], [ 167.368469756000081, -44.819220508999933 ], [ 167.368794237000088, -44.81924437999993 ], [ 167.3695175900001, -44.819095397999945 ], [ 167.369813198000088, -44.819034510999984 ], [ 167.370077962000096, -44.818919617999939 ], [ 167.370375402000036, -44.818790543999967 ], [ 167.370458610000014, -44.818701678999957 ], [ 167.370516724000026, -44.818639612999959 ], [ 167.371056853000027, -44.818322398999953 ], [ 167.371524650000083, -44.81820278899994 ], [ 167.372819619000097, -44.818074057999979 ], [ 167.373447036000016, -44.817810716999929 ], [ 167.37401236900007, -44.817206082999974 ], [ 167.375969181000073, -44.816115704999959 ], [ 167.37616076300003, -44.815896484999939 ], [ 167.376413680000041, -44.815607075999935 ], [ 167.376662712000098, -44.815168369999981 ], [ 167.377117607000059, -44.814366984999936 ], [ 167.377255693000052, -44.814249263999955 ], [ 167.378171927000039, -44.813835218999941 ], [ 167.379060363000121, -44.813433722999946 ], [ 167.379161908000015, -44.813349982999966 ], [ 167.379266877000077, -44.813263420999931 ], [ 167.37926717400012, -44.813206105999939 ], [ 167.379268738000064, -44.812902713999961 ], [ 167.379105927000069, -44.812681767999948 ], [ 167.379044644000032, -44.812598605999938 ], [ 167.379023808000056, -44.812473110999974 ], [ 167.379118230000017, -44.812151204999964 ], [ 167.379259602000047, -44.811999366999942 ], [ 167.3790092160001, -44.811626323999974 ], [ 167.379080941000097, -44.81153963099996 ], [ 167.379556063000109, -44.811540313999956 ], [ 167.379748562000032, -44.811357600999941 ], [ 167.380045744000086, -44.810221182999953 ], [ 167.380332426000109, -44.809705726999937 ], [ 167.380462961000035, -44.809666106999941 ], [ 167.380528173000016, -44.809696979999956 ], [ 167.380781661000015, -44.809816987999966 ], [ 167.381069397000033, -44.809803479999971 ], [ 167.381497026000034, -44.809783404999962 ], [ 167.381676642000116, -44.809904933999974 ], [ 167.381686345000048, -44.809924877999947 ], [ 167.381805655000107, -44.81017011299997 ], [ 167.382498582000039, -44.811591247999957 ], [ 167.382874058000084, -44.812139066999976 ], [ 167.382886524000014, -44.812138171999948 ], [ 167.383337254000025, -44.812105776999942 ], [ 167.383356900000081, -44.812129076999952 ], [ 167.383368217000111, -44.812142500999983 ], [ 167.383465750000028, -44.812258178999969 ], [ 167.383564387000092, -44.812614125999971 ], [ 167.383595481000043, -44.812726338999937 ], [ 167.383616326000038, -44.812738998999976 ], [ 167.383900741000048, -44.81291172899995 ], [ 167.384059881000098, -44.812897050999936 ], [ 167.384150061000014, -44.812888732999966 ], [ 167.384222390000104, -44.812851491999936 ], [ 167.384350068000117, -44.812785753999947 ], [ 167.384715231000087, -44.812284043999966 ], [ 167.385404588000029, -44.812362815999961 ], [ 167.385425572000031, -44.812385269999936 ], [ 167.385779064000076, -44.812763552999968 ], [ 167.385782544000108, -44.812763311999959 ], [ 167.385901005000051, -44.812755136999954 ], [ 167.385970418000056, -44.812750347999952 ], [ 167.386054714000124, -44.812705395999956 ], [ 167.386202854000089, -44.812626399999942 ], [ 167.386300523000045, -44.812270371999944 ], [ 167.386367912000082, -44.812228562999962 ], [ 167.386584303000063, -44.812284230999978 ], [ 167.386584098000071, -44.812300639999933 ], [ 167.386582355000087, -44.812439975999951 ], [ 167.386577121000073, -44.812858447999986 ], [ 167.386452793000103, -44.813074681999979 ], [ 167.386406615000055, -44.813154997999959 ], [ 167.386679804000096, -44.81344975899998 ], [ 167.386683689000051, -44.813449771999956 ], [ 167.386756430000105, -44.81345001699998 ], [ 167.386917960000119, -44.813450563999936 ], [ 167.387148584000101, -44.813277715999959 ], [ 167.387258055000075, -44.813195669999971 ], [ 167.387509407000039, -44.813230491999946 ], [ 167.387530710000078, -44.813252872999954 ], [ 167.3878695840001, -44.813608873999954 ], [ 167.387920029000043, -44.813628920999975 ], [ 167.388128325000025, -44.813711703999957 ], [ 167.388361343000042, -44.813936850999937 ], [ 167.388543311000035, -44.814236058999938 ], [ 167.388580130000037, -44.814296602999946 ], [ 167.388726981000104, -44.814416519999952 ], [ 167.388729172000012, -44.814417103999972 ], [ 167.389037080000094, -44.81449930399998 ], [ 167.389397136000071, -44.814708099999962 ], [ 167.389407555000048, -44.814724595999962 ], [ 167.389470681000034, -44.814824532999978 ], [ 167.389728103000039, -44.815232072999947 ], [ 167.389783213000101, -44.81542778499994 ], [ 167.389798924000047, -44.815483577999942 ], [ 167.390202823000095, -44.815908281999953 ], [ 167.39044013900002, -44.816007725999953 ], [ 167.390446443000087, -44.816010367999979 ], [ 167.390589163000072, -44.81600607799993 ], [ 167.390732405000108, -44.816001771999936 ], [ 167.390893237000114, -44.815936002999933 ], [ 167.391207317000067, -44.815807563999954 ], [ 167.391424946000029, -44.815718961999949 ], [ 167.392219609000108, -44.815520505999984 ], [ 167.393524462000073, -44.815300924999974 ], [ 167.393620868000085, -44.815241105999974 ], [ 167.393692928000064, -44.815196392999951 ], [ 167.3937727550001, -44.815064942999982 ], [ 167.393879659000049, -44.814888899999971 ], [ 167.394111189000114, -44.814787441999954 ], [ 167.395173451000119, -44.814612839999938 ], [ 167.395950612000092, -44.814108633999979 ], [ 167.396259298000018, -44.814021755999931 ], [ 167.39700421900011, -44.814023789999965 ], [ 167.397010482000042, -44.813868257999957 ], [ 167.397036458000116, -44.813871080999945 ], [ 167.397141470000065, -44.813882493999984 ], [ 167.397491714000012, -44.814017073999935 ], [ 167.397977026000035, -44.814463757999931 ], [ 167.398249415000123, -44.815064574999951 ], [ 167.398388101000023, -44.815682375999984 ], [ 167.398988264000081, -44.816651687999979 ], [ 167.399193571000069, -44.816920209999978 ], [ 167.399340050000092, -44.817322786999966 ], [ 167.399752775000024, -44.817629001999933 ], [ 167.399890110000115, -44.817917711999939 ], [ 167.400022946000036, -44.818253205999952 ], [ 167.400125168000045, -44.818563706999953 ], [ 167.401008054000044, -44.818653716999961 ], [ 167.401406944000087, -44.818626141999971 ], [ 167.401728860000048, -44.818712323999932 ], [ 167.401892328000031, -44.819072809999966 ], [ 167.402483062000101, -44.819454098999984 ], [ 167.402899088000026, -44.819591862999971 ], [ 167.403056677000109, -44.819670041999984 ], [ 167.403989582000122, -44.819926972999951 ], [ 167.405246673000079, -44.820246675999954 ], [ 167.406188586000098, -44.82041002099993 ], [ 167.4083069940001, -44.820701092999968 ], [ 167.408885134000116, -44.82087022199994 ], [ 167.409584337000069, -44.820810218999952 ], [ 167.409917504000077, -44.820779416999983 ], [ 167.410215558000118, -44.820770408999977 ], [ 167.411067871000114, -44.820835349999982 ], [ 167.412360135000085, -44.821133180999936 ], [ 167.414293280000038, -44.821979166999938 ], [ 167.414973762000045, -44.822458751999932 ], [ 167.415590759000111, -44.822911748999957 ], [ 167.416230888000086, -44.823812390999933 ], [ 167.416286882000122, -44.82426163599996 ], [ 167.416182924000054, -44.825690169999973 ], [ 167.416720767000015, -44.826280321999945 ], [ 167.41729001900012, -44.826542976999974 ], [ 167.417732274000059, -44.826752461999945 ], [ 167.418794607000109, -44.827039046999971 ], [ 167.419416923000085, -44.827092755999956 ], [ 167.420111708000036, -44.827079472999969 ], [ 167.420696672000076, -44.827178364999952 ], [ 167.420970105000038, -44.827426644999946 ], [ 167.421344396000109, -44.827656317999981 ], [ 167.422021261000054, -44.827830163999977 ], [ 167.423077648000117, -44.827834404999976 ], [ 167.423382458000106, -44.827755183999955 ], [ 167.422519561000058, -44.827454815999943 ], [ 167.421995853000112, -44.827405908999935 ], [ 167.421643227000118, -44.827294795999933 ], [ 167.421168080000029, -44.827083731999949 ], [ 167.42027233400006, -44.826781751999931 ], [ 167.419709037000075, -44.826801416999956 ], [ 167.4191151120001, -44.826796090999949 ], [ 167.417925783000101, -44.826456338999947 ], [ 167.417384914000081, -44.826242066999953 ], [ 167.416982264000012, -44.825964000999932 ], [ 167.416820924000035, -44.825580144999947 ], [ 167.416890450000096, -44.824854979999941 ], [ 167.416813569000055, -44.823934694999934 ], [ 167.416340019000017, -44.82301864599998 ], [ 167.415237493000063, -44.822119043999976 ], [ 167.41411705400003, -44.821406570999955 ], [ 167.412735944000019, -44.820657915999959 ], [ 167.412256396000089, -44.820493599999963 ], [ 167.411544537000054, -44.820341490999965 ], [ 167.410729587000105, -44.820231367999952 ], [ 167.409463484000071, -44.820005292999952 ], [ 167.408223518000113, -44.819850979999956 ], [ 167.407351833000121, -44.819644064999977 ], [ 167.406616117000112, -44.819396756999936 ], [ 167.405852034000077, -44.81910105999998 ], [ 167.405346395000038, -44.81886493899998 ], [ 167.404786265000098, -44.81850865499996 ], [ 167.404162658000018, -44.818125777999967 ], [ 167.403810124000074, -44.818014609999977 ], [ 167.403462943000022, -44.817504173999964 ], [ 167.402780368000094, -44.817047911999964 ], [ 167.402335995000044, -44.816861761999974 ], [ 167.402037961000019, -44.816870750999954 ], [ 167.401702563000072, -44.816924921999941 ], [ 167.401090238000052, -44.816425066999955 ], [ 167.401003758000115, -44.815950821999934 ], [ 167.40113158600002, -44.815651526999943 ], [ 167.401154073000043, -44.815417605999983 ], [ 167.400832177000098, -44.815331421999986 ], [ 167.400656611000045, -44.815440377999948 ], [ 167.400404943000012, -44.815310609999983 ], [ 167.400286981000022, -44.815163853999934 ], [ 167.39992635200008, -44.81479375999993 ], [ 167.398712157000091, -44.81402954999993 ], [ 167.398180479000075, -44.813721620999956 ], [ 167.398001301000022, -44.813524874999985 ], [ 167.397430019000012, -44.813285514999961 ], [ 167.396840869000016, -44.813231912999981 ], [ 167.396836236000013, -44.813280073999977 ], [ 167.39676114700012, -44.813377729999957 ], [ 167.39671729600002, -44.813378368999963 ], [ 167.396569689000103, -44.813258471999973 ], [ 167.396546906000026, -44.81321338999993 ], [ 167.396435555000039, -44.812993064999944 ], [ 167.396079905000079, -44.812764663999985 ], [ 167.395972561000121, -44.812747373999969 ], [ 167.395453489000033, -44.812663769999972 ], [ 167.395229829000073, -44.812522073999958 ], [ 167.395183559000088, -44.812492761999977 ], [ 167.394583088000104, -44.812486899999953 ], [ 167.394200387000069, -44.812175126999932 ], [ 167.394118753000043, -44.812035847999937 ], [ 167.394130451000024, -44.811901120999948 ], [ 167.394911660000048, -44.811183348999975 ], [ 167.39516285000002, -44.811048572999937 ], [ 167.395642941000119, -44.81068141999998 ], [ 167.395796223000048, -44.810327017999953 ], [ 167.395802642000035, -44.810312175999968 ], [ 167.395716688000107, -44.810217786999942 ], [ 167.395383414000094, -44.810201537999944 ], [ 167.395368595000036, -44.810200815999963 ], [ 167.3952804810001, -44.810128869999971 ], [ 167.395239855000113, -44.809937893999972 ], [ 167.3952368570001, -44.809923796999954 ], [ 167.395101854000018, -44.809838741999954 ], [ 167.394963173000065, -44.809827421999955 ], [ 167.394772458000034, -44.809811855999953 ], [ 167.394627264000064, -44.809693299999935 ], [ 167.394621986000061, -44.809688989999984 ], [ 167.394596235000108, -44.809667963999971 ], [ 167.394574243000079, -44.809554142999957 ], [ 167.394656503000078, -44.809490414999971 ], [ 167.394711160000043, -44.809448072999942 ], [ 167.394682286000034, -44.809342085999958 ], [ 167.394665070000087, -44.809278893999931 ], [ 167.394664340000077, -44.809276215999944 ], [ 167.393826405000027, -44.808582312999931 ], [ 167.39357940900004, -44.808532415999935 ], [ 167.393314320000059, -44.808478862999948 ], [ 167.393260481000084, -44.808446877999984 ], [ 167.39298351900004, -44.80828232999994 ], [ 167.392560116000027, -44.808239939999964 ], [ 167.392544273000112, -44.808238352999979 ], [ 167.392428872000096, -44.808120877999954 ], [ 167.392443204000074, -44.807971982999959 ], [ 167.392452723000019, -44.807873092999955 ], [ 167.392400414000122, -44.807811009999966 ], [ 167.39234290100012, -44.807742090999966 ], [ 167.392139126000075, -44.80749789999993 ], [ 167.392101996000065, -44.80722549199993 ], [ 167.393114598000011, -44.806235798999978 ], [ 167.393142239000099, -44.80609566399994 ], [ 167.393173981000018, -44.805934726999965 ], [ 167.39314714000011, -44.805686291999962 ], [ 167.393123723000031, -44.805469554999945 ], [ 167.393259372000102, -44.80536342299996 ], [ 167.393669482000064, -44.805303015999982 ], [ 167.393839014000037, -44.805278045999955 ], [ 167.393981411000027, -44.805189223999946 ], [ 167.394107249000058, -44.805110730999957 ], [ 167.394192612000097, -44.804381577999948 ], [ 167.394327203000103, -44.804128369999944 ], [ 167.394563947000051, -44.803875303999973 ], [ 167.394609648000028, -44.803826448999985 ], [ 167.394621401000109, -44.803787254999975 ], [ 167.394656291000047, -44.803670875999956 ], [ 167.394850290000022, -44.803566199999977 ], [ 167.395156084000064, -44.803401200999986 ], [ 167.39516310700003, -44.803328194999949 ], [ 167.395166880000033, -44.803288978999944 ], [ 167.395270095000114, -44.803203812999982 ], [ 167.39548370600005, -44.803223253999931 ], [ 167.395803886000067, -44.803252390999944 ], [ 167.395883459000061, -44.803215153999986 ], [ 167.39593655300007, -44.803190307999955 ], [ 167.39682712900003, -44.80230079699993 ], [ 167.396874222000065, -44.802253759999985 ], [ 167.396650485000123, -44.802287952999961 ], [ 167.396367411000028, -44.802417139999932 ], [ 167.396357635000072, -44.802421600999935 ], [ 167.396206481000036, -44.802346582999974 ], [ 167.396221593000064, -44.802189471999952 ], [ 167.396374744000013, -44.802072463999934 ], [ 167.396954098000037, -44.801818386999969 ], [ 167.397079789000031, -44.801486268999952 ], [ 167.397260970000048, -44.801399362999973 ], [ 167.397528717000114, -44.801270931999966 ], [ 167.397786350000047, -44.801025980999952 ], [ 167.39792142400006, -44.800897557999974 ], [ 167.397960978000015, -44.80085994999996 ], [ 167.397196490000056, -44.801026127999933 ], [ 167.397123784000087, -44.801041930999929 ], [ 167.398120255000094, -44.800204753999935 ], [ 167.399207288000071, -44.800098980999962 ], [ 167.399339859000065, -44.800037790999966 ], [ 167.399523369000121, -44.79977613899996 ], [ 167.400032987000031, -44.799522256999978 ], [ 167.400014764000048, -44.799571570999944 ], [ 167.399890879000054, -44.79990679499997 ], [ 167.399919838000073, -44.799922522999964 ], [ 167.399954490000027, -44.799941343999933 ], [ 167.400071485000012, -44.800004890999958 ], [ 167.400130190000027, -44.799994065999954 ], [ 167.40016821800009, -44.799987053999985 ], [ 167.40064407300008, -44.799649443999954 ], [ 167.400752312000122, -44.799664477999954 ], [ 167.400894114000039, -44.799684175999971 ], [ 167.401060533000077, -44.799634483999967 ], [ 167.401187585000116, -44.799596546999965 ], [ 167.401566563000074, -44.799265039999966 ], [ 167.402099512000063, -44.799335194999969 ], [ 167.402591785000027, -44.799156224999933 ], [ 167.40297174400007, -44.799067666999974 ], [ 167.403558516000089, -44.798930904999963 ], [ 167.403819899000041, -44.798778367999944 ], [ 167.403943694000077, -44.798706122999931 ], [ 167.40417931200011, -44.798442490999946 ], [ 167.404202583000028, -44.797857338999961 ], [ 167.404295636000029, -44.797376605999943 ], [ 167.404385714000114, -44.797256518999973 ], [ 167.404680204000101, -44.797158108999952 ], [ 167.404987628000072, -44.79692503299998 ], [ 167.40502012200011, -44.796836693999978 ], [ 167.405073352000045, -44.796691986999974 ], [ 167.405068917000108, -44.796320244999947 ], [ 167.405066214000044, -44.796093627999937 ], [ 167.405405151000082, -44.795862084999953 ], [ 167.405790357000114, -44.795767511999941 ], [ 167.406021411000097, -44.795710784999983 ], [ 167.406173427000112, -44.795576658999948 ], [ 167.406263620000118, -44.795497078999972 ], [ 167.406581, -44.795489976999932 ], [ 167.406638833000102, -44.795514208999975 ], [ 167.406763671000022, -44.795566515999951 ], [ 167.406910347000121, -44.795509092999964 ], [ 167.406943999000077, -44.795495916999982 ], [ 167.407278889000054, -44.795477938999966 ], [ 167.407375091000063, -44.795530373999952 ], [ 167.407471498000064, -44.795582921999937 ], [ 167.407549750000044, -44.795625513999937 ], [ 167.407633023000017, -44.795629564999956 ], [ 167.407896499000117, -44.79564238599994 ], [ 167.408349055000031, -44.795889897999984 ], [ 167.408381221000013, -44.795921219999968 ], [ 167.408958441000095, -44.796483278999972 ], [ 167.409484614000121, -44.796774748999951 ], [ 167.409515368000029, -44.796791784999982 ], [ 167.409531259000119, -44.79681082899998 ], [ 167.409752308000066, -44.797075766999967 ], [ 167.409956193000085, -44.79732013499995 ], [ 167.409957322000082, -44.797323904999985 ], [ 167.410004164000043, -44.797480313999984 ], [ 167.410249294000096, -44.797678510999958 ], [ 167.410472713000104, -44.797548197999959 ], [ 167.410441970000079, -44.797208464999983 ], [ 167.410438402000068, -44.797202786999947 ], [ 167.410332071000084, -44.797033548999934 ], [ 167.410070790000077, -44.796772798999939 ], [ 167.409907495000084, -44.796494265999968 ], [ 167.409605075000059, -44.796228884999948 ], [ 167.409146862000057, -44.795826787999943 ], [ 167.409043205000103, -44.795573701999956 ], [ 167.409111678000045, -44.79552020899996 ], [ 167.409488319000047, -44.795477319999975 ], [ 167.409527933000049, -44.795472808999932 ], [ 167.409582375000014, -44.795450625999933 ], [ 167.409824558000082, -44.795351941999968 ], [ 167.410173546000124, -44.795345463999979 ], [ 167.410300906000089, -44.795408658999975 ], [ 167.410324698000068, -44.79542046399996 ], [ 167.410453513000107, -44.795419698999979 ], [ 167.41073790400003, -44.795418009999935 ], [ 167.410805248000088, -44.79537585099996 ], [ 167.410905023000055, -44.795313390999979 ], [ 167.410914075000051, -44.795219041999985 ], [ 167.41092018300003, -44.795155380999972 ], [ 167.410723126000107, -44.794898656999976 ], [ 167.41079056500007, -44.794855935999976 ], [ 167.41091880700003, -44.794839623999962 ], [ 167.411145979000025, -44.794940867999969 ], [ 167.411759631000109, -44.79533149599996 ], [ 167.41253701800008, -44.795481135999978 ], [ 167.412654497000062, -44.79557704399997 ], [ 167.412664954000093, -44.795613496999977 ], [ 167.412726649000092, -44.795828593999943 ], [ 167.412857108000026, -44.795947682999952 ], [ 167.413068329000112, -44.79602465499994 ], [ 167.413071310000078, -44.796025742999973 ], [ 167.414097349000031, -44.795894316999977 ], [ 167.414450576000036, -44.795685089999949 ], [ 167.41458207200003, -44.795793402999948 ], [ 167.414623838000011, -44.795938770999953 ], [ 167.414690353000083, -44.796170276999931 ], [ 167.415004831000033, -44.796523797999953 ], [ 167.415010646000042, -44.796524079999983 ], [ 167.41509940100002, -44.796528390999981 ], [ 167.415499197000031, -44.796322324999949 ], [ 167.415879712000105, -44.796317361999968 ], [ 167.416211409000084, -44.796491321999952 ], [ 167.416810439000074, -44.796519520999937 ], [ 167.416930580000098, -44.796460164999985 ], [ 167.416976658000067, -44.796437398999956 ], [ 167.417384018000121, -44.796152320999965 ], [ 167.417846584000017, -44.795689421999953 ], [ 167.418084589000046, -44.795451242999945 ], [ 167.418738081000015, -44.794897600999946 ], [ 167.419052650000026, -44.794003326999984 ], [ 167.419061880000072, -44.793977083999948 ], [ 167.419062513000085, -44.793972463999978 ], [ 167.419163179000066, -44.793236977999982 ], [ 167.419501427000114, -44.79250928099998 ], [ 167.419370203000085, -44.791882355999974 ], [ 167.419881710000027, -44.791501307999965 ], [ 167.419978255000046, -44.791346762999979 ], [ 167.420011865000106, -44.791292959999964 ], [ 167.420018293000112, -44.791252154999938 ], [ 167.42008941500012, -44.790800642999955 ], [ 167.420246790000078, -44.790638713999954 ], [ 167.42095681100011, -44.790493931999947 ], [ 167.421054224000045, -44.79047406899997 ], [ 167.421105473000011, -44.790457513999968 ], [ 167.421479029000011, -44.790336844999956 ], [ 167.421921657000098, -44.790357426999947 ], [ 167.42212049200009, -44.79042390099994 ], [ 167.422545613000011, -44.790455356999985 ], [ 167.42271035400006, -44.790364111999963 ], [ 167.422846568000068, -44.79028866799996 ], [ 167.422861900000044, -44.790242705999958 ], [ 167.422890978000055, -44.790155526999968 ], [ 167.423024390000023, -44.790071804999968 ], [ 167.423266835000049, -44.790026745999967 ], [ 167.42366249600002, -44.79003512099996 ], [ 167.425340580000011, -44.789190213999973 ], [ 167.425761302000069, -44.789108699999986 ], [ 167.425998184000036, -44.789108462999934 ], [ 167.426570599000115, -44.788751987999945 ], [ 167.426766156000099, -44.788693823999949 ], [ 167.426908418000039, -44.788709640999969 ], [ 167.427125851000028, -44.788733816999979 ], [ 167.427398689000029, -44.788701948999972 ], [ 167.427472901000101, -44.788671111999975 ], [ 167.427546421000102, -44.788640561999955 ], [ 167.427865573000076, -44.788442271999941 ], [ 167.42821519000006, -44.788097535999952 ], [ 167.42855295600009, -44.787876694999966 ], [ 167.429152485000031, -44.78756752299995 ], [ 167.429402024000069, -44.787503115999982 ], [ 167.429817387000071, -44.78739590899994 ], [ 167.431459987000039, -44.78677468799998 ], [ 167.43174465200002, -44.786597226999959 ], [ 167.431880188000036, -44.786512732999938 ], [ 167.432030583000028, -44.786356935999947 ], [ 167.43216132900011, -44.78622149399996 ], [ 167.432289200000014, -44.785998986999971 ], [ 167.432653520000031, -44.785365026999955 ], [ 167.43293544900007, -44.785052175999965 ], [ 167.433454437000023, -44.784591159999934 ], [ 167.434131302000083, -44.784200926999972 ], [ 167.434751027000061, -44.783931489999929 ], [ 167.434766412000045, -44.783929528999977 ], [ 167.436022497000067, -44.783839722999971 ], [ 167.436321627000098, -44.783764991999931 ], [ 167.436442870000064, -44.783734702999936 ], [ 167.436570282000048, -44.783676126999978 ], [ 167.436886621000099, -44.783530695999957 ], [ 167.43706765200011, -44.783389466999949 ], [ 167.437227352000036, -44.783264877999954 ], [ 167.43768018500009, -44.782779898999934 ], [ 167.43773078300012, -44.782701066999948 ], [ 167.437883999000064, -44.782462352999971 ], [ 167.437937437000073, -44.782380155999931 ], [ 167.438212100000101, -44.782156234999945 ], [ 167.438692807000052, -44.781073703999937 ], [ 167.438906571000075, -44.780824285999984 ], [ 167.439672570000084, -44.780082965999952 ], [ 167.440002283000013, -44.779613668999957 ], [ 167.440824942000063, -44.778941827999972 ], [ 167.441199709000102, -44.778219035999939 ], [ 167.441423950000058, -44.777786541999944 ], [ 167.441447793000066, -44.777696618999983 ], [ 167.441645442000095, -44.776951224999948 ], [ 167.441925225000091, -44.776659898999981 ], [ 167.442008627000064, -44.776449267999965 ], [ 167.441830165000056, -44.776328793999937 ], [ 167.441845147000095, -44.776171677999969 ], [ 167.442115337000018, -44.775980904999983 ], [ 167.442481910000083, -44.776133926999933 ], [ 167.442734311000095, -44.776013215999967 ], [ 167.442911802000026, -44.775928327999964 ], [ 167.442970030000083, -44.775865973999942 ], [ 167.443052832000035, -44.775777305999952 ], [ 167.443208256000048, -44.775807371999974 ], [ 167.443267663000029, -44.775861654999972 ], [ 167.443645834000108, -44.776211857999954 ], [ 167.443755715000066, -44.776244471999973 ], [ 167.443994345000078, -44.776315297999986 ], [ 167.4444860320001, -44.77631006799993 ], [ 167.444713081000032, -44.776307652999947 ], [ 167.445782308000048, -44.775864277999972 ], [ 167.445883842000057, -44.775822174999973 ], [ 167.445920009000019, -44.775802877999979 ], [ 167.446582928000112, -44.775449182999978 ], [ 167.447199415000114, -44.775232378999931 ], [ 167.447205272000019, -44.775230319999935 ], [ 167.447212318000084, -44.775226625999949 ], [ 167.447638453000081, -44.775003215999959 ], [ 167.448828811000112, -44.774630495999929 ], [ 167.449134107000077, -44.774589323999976 ], [ 167.449432994000063, -44.774562270999979 ], [ 167.451752552000016, -44.774352293999982 ], [ 167.452131809000093, -44.774358878999976 ], [ 167.454270691000033, -44.774517139999944 ], [ 167.455956712000102, -44.774777076999953 ], [ 167.456364221000058, -44.774796736999974 ], [ 167.456586962000074, -44.774807481999972 ], [ 167.456957831000068, -44.774789041999952 ], [ 167.45763660800003, -44.774755287999938 ], [ 167.458621120000089, -44.774935351999943 ], [ 167.459065174000102, -44.775059583999962 ], [ 167.460838942000123, -44.775222661999976 ], [ 167.46161914400011, -44.775180893999959 ], [ 167.462375540000039, -44.775216443999966 ], [ 167.462749194000025, -44.775282383999979 ], [ 167.462811435000049, -44.77529336799995 ], [ 167.462917033000053, -44.775285489999931 ], [ 167.463178728000116, -44.775265966999939 ], [ 167.463595545000089, -44.775037113999986 ], [ 167.463855065000075, -44.774971147999963 ], [ 167.464773287000071, -44.77496937899997 ], [ 167.464873825000041, -44.774931083999945 ], [ 167.465036046000023, -44.774869294999974 ], [ 167.465221438000071, -44.77466218099994 ], [ 167.46533634900004, -44.774533804999976 ], [ 167.46615453000004, -44.774425288999964 ], [ 167.46711314300012, -44.774504816999979 ], [ 167.467293698000049, -44.774603703999958 ], [ 167.468043699000077, -44.774706551999941 ], [ 167.46831282800008, -44.774707802999956 ], [ 167.468315138000094, -44.774707538999962 ], [ 167.468842254000037, -44.774631344999932 ], [ 167.469306858000095, -44.774405674999969 ], [ 167.469352258000072, -44.774261147999937 ], [ 167.469397567000101, -44.774116912999943 ], [ 167.469391499000039, -44.774010315999931 ], [ 167.46936147800011, -44.773482918999946 ], [ 167.469464531000085, -44.773397685999953 ], [ 167.469653604000086, -44.773406784999963 ], [ 167.469807626000033, -44.773532391999936 ], [ 167.469918051000036, -44.773622445999933 ], [ 167.470026181000094, -44.773643883999966 ], [ 167.470298664000097, -44.773698861999947 ], [ 167.470431225000084, -44.77372560699996 ], [ 167.470609278000097, -44.773677350999947 ], [ 167.4707859990001, -44.773482919999935 ], [ 167.470909920000054, -44.773511429999985 ], [ 167.471260633000043, -44.773832253999956 ], [ 167.471489484000017, -44.774210293999943 ], [ 167.471506953000016, -44.774239150999961 ], [ 167.472005509000041, -44.77483063699998 ], [ 167.472143214000084, -44.774994007999965 ], [ 167.472829740000066, -44.775339095999982 ], [ 167.472926444000109, -44.775360881999973 ], [ 167.473077675000013, -44.775395213999957 ], [ 167.474170293000043, -44.775958245999959 ], [ 167.474860863000117, -44.776314337999963 ], [ 167.475451120000116, -44.776432905999968 ], [ 167.475531601000057, -44.77639209299997 ], [ 167.475634691000096, -44.776339812999936 ], [ 167.475749011000062, -44.776161458999979 ], [ 167.475838272000033, -44.776022197999964 ], [ 167.47627056400006, -44.775963606999937 ], [ 167.476858682000056, -44.775596826999958 ], [ 167.477843329000052, -44.775575595999953 ], [ 167.477840936000121, -44.775600845999975 ], [ 167.477839520000089, -44.77561579099995 ], [ 167.47783482400007, -44.775665378999975 ], [ 167.477652496000019, -44.775744295999971 ], [ 167.477504717000102, -44.775808257999984 ], [ 167.477023507000013, -44.775875326999937 ], [ 167.476922586000114, -44.775938120999967 ], [ 167.476911952000023, -44.776050350999981 ], [ 167.476946120000093, -44.776050744999964 ], [ 167.477529230000073, -44.776057464999951 ], [ 167.478075926000088, -44.776127927999937 ], [ 167.478222097000071, -44.77620449099993 ], [ 167.478367883000033, -44.776280851999957 ], [ 167.478412568000067, -44.776303742999971 ], [ 167.47851980900009, -44.776325305999933 ], [ 167.478848735000042, -44.776391439999941 ], [ 167.479211244000112, -44.776588336999964 ], [ 167.479728743000123, -44.776619506999964 ], [ 167.480008249000093, -44.776636538999981 ], [ 167.481966910000097, -44.776345472999935 ], [ 167.482471136000072, -44.776369681999938 ], [ 167.483031305000054, -44.776495054999941 ], [ 167.483743410000102, -44.776654429999951 ], [ 167.484215910000103, -44.776714952999953 ], [ 167.484587929000099, -44.776762602999952 ], [ 167.484794919000024, -44.776840567999955 ], [ 167.48530689800009, -44.777033407999966 ], [ 167.4857913620001, -44.777121329999943 ], [ 167.486225661000049, -44.777200147999963 ], [ 167.486659562000114, -44.777365949999933 ], [ 167.486730409000074, -44.777393021999956 ], [ 167.486746541000116, -44.777396501999931 ], [ 167.486871300000075, -44.777425605999952 ], [ 167.487286736000101, -44.777522523999949 ], [ 167.487504866000108, -44.777540077999959 ], [ 167.48764742600008, -44.777551549999941 ], [ 167.487798078000083, -44.777528648999976 ], [ 167.488495379000028, -44.777422652999974 ], [ 167.48898095200002, -44.777456758999961 ], [ 167.489017302000093, -44.777496068999938 ], [ 167.489253234000103, -44.777751214999967 ], [ 167.489577884000028, -44.777931353999975 ], [ 167.489628638000113, -44.777959516999942 ], [ 167.490188518000082, -44.778078353999945 ], [ 167.490306494000038, -44.778102949999948 ], [ 167.49071252300007, -44.778375850999964 ], [ 167.491650647000029, -44.779316417999951 ], [ 167.492804515000103, -44.779716242999939 ], [ 167.493460562000109, -44.779943389999971 ], [ 167.49401677100002, -44.780262255999958 ], [ 167.494109168000023, -44.780329815999949 ], [ 167.494337219000045, -44.780496846999938 ], [ 167.494906303000107, -44.780913656999985 ], [ 167.495366001000093, -44.781181894999975 ], [ 167.49658910800008, -44.781895252999959 ], [ 167.49664473200005, -44.781917290999957 ], [ 167.496910164000042, -44.78202246099994 ], [ 167.497434812000051, -44.782340699999963 ], [ 167.497685379000018, -44.782543898999961 ], [ 167.497881600000028, -44.782813042999976 ], [ 167.498032089000048, -44.783376548999968 ], [ 167.498046289000058, -44.783429718999969 ], [ 167.498060379000094, -44.783445988999972 ], [ 167.49896217200012, -44.784487301999945 ], [ 167.498962481000035, -44.784492204999935 ], [ 167.498981442000058, -44.784793071999957 ], [ 167.498998189000076, -44.784806412999956 ], [ 167.499732953000034, -44.785391825999966 ], [ 167.499991375000036, -44.785686488999943 ], [ 167.499996459000045, -44.785700290999955 ], [ 167.500011097000083, -44.785740049999959 ], [ 167.500105298000108, -44.785995884999977 ], [ 167.500061369000036, -44.78636221599993 ], [ 167.50003400300011, -44.786590441999977 ], [ 167.500080100000105, -44.786773030999939 ], [ 167.50009534700007, -44.786782710999944 ], [ 167.500348959000121, -44.786943728999972 ], [ 167.500570617000108, -44.787292548999972 ], [ 167.500975686000061, -44.787536502999956 ], [ 167.501367582000057, -44.787636541999973 ], [ 167.501532220000058, -44.787678568999979 ], [ 167.501981095000019, -44.787793836999981 ], [ 167.502538437000112, -44.787871516999985 ], [ 167.502887413000053, -44.787920153999949 ], [ 167.502909536000061, -44.787952857999983 ], [ 167.503229780000083, -44.788426262999963 ], [ 167.503556530000083, -44.788909977999936 ], [ 167.503804512000102, -44.789205572999947 ], [ 167.503812710000034, -44.789215345999935 ], [ 167.503878706000023, -44.789271490999965 ], [ 167.504107010000098, -44.789465717999974 ], [ 167.504459025000074, -44.789639963999946 ], [ 167.504560794000099, -44.789690338999947 ], [ 167.504913806000104, -44.789748008999936 ], [ 167.505138319000025, -44.789784685999962 ], [ 167.505255292000015, -44.78978151299998 ], [ 167.505439264000074, -44.789776520999965 ], [ 167.506006960000036, -44.789464534999979 ], [ 167.506324296000116, -44.789457151999954 ], [ 167.506702853000093, -44.789136122999935 ], [ 167.507049593000033, -44.78915269099997 ], [ 167.507341545000031, -44.789414664999981 ], [ 167.507385579000015, -44.78963099799995 ], [ 167.507341997000026, -44.789724102999969 ], [ 167.50726686500002, -44.789884598999947 ], [ 167.507125969000072, -44.790035701999955 ], [ 167.507024565000052, -44.790088318999949 ], [ 167.506726464000053, -44.790242992999936 ], [ 167.506677164000052, -44.790443565999965 ], [ 167.506696493000049, -44.790464733999954 ], [ 167.506723409000074, -44.790494212999931 ], [ 167.506849376000105, -44.790632175999974 ], [ 167.506951537000077, -44.790692483999976 ], [ 167.507284918000096, -44.790889284999935 ], [ 167.507527096000103, -44.791182251999942 ], [ 167.507527907000053, -44.791193409999948 ], [ 167.507575619000022, -44.791850177999947 ], [ 167.507591184000034, -44.791864500999964 ], [ 167.507618928000056, -44.791890037999963 ], [ 167.507794739000019, -44.79205185099994 ], [ 167.507933471000115, -44.792067883999948 ], [ 167.507967649000079, -44.792071834999945 ], [ 167.508263561000035, -44.791781124999943 ], [ 167.508547270000122, -44.791794676999984 ], [ 167.508827304000079, -44.791947465999954 ], [ 167.509496570000124, -44.792312616999936 ], [ 167.509770214000014, -44.792405690999942 ], [ 167.51018754100005, -44.792547638999963 ], [ 167.510395523000057, -44.792692855999974 ], [ 167.510405394000031, -44.792714362999959 ], [ 167.510554219000028, -44.793038647999936 ], [ 167.510561167000105, -44.79304304599998 ], [ 167.511098111000024, -44.793382987999962 ], [ 167.511326491000091, -44.793594113999973 ], [ 167.511325373000091, -44.793606232999934 ], [ 167.511264340000025, -44.794267576999971 ], [ 167.511346814000035, -44.794575456999951 ], [ 167.511490657000081, -44.794729333999953 ], [ 167.511495793000108, -44.794731274999947 ], [ 167.511592605000033, -44.794767877999959 ], [ 167.511796439000022, -44.794844943999976 ], [ 167.51229937200003, -44.794883375999973 ], [ 167.51255101300012, -44.794902605999937 ], [ 167.513130293000017, -44.794817512999941 ], [ 167.514922582000054, -44.79477766499997 ], [ 167.516583288000106, -44.795328573999939 ], [ 167.517784926000104, -44.795858470999974 ], [ 167.518007671000078, -44.79599765699993 ], [ 167.518683413000076, -44.796419900999979 ], [ 167.519378325000048, -44.796757488999958 ], [ 167.519607688000065, -44.796868911999979 ], [ 167.520339735000107, -44.797004813999934 ], [ 167.520829393000099, -44.797158823999951 ], [ 167.521140685000091, -44.797256731999937 ], [ 167.522219304000032, -44.797464709999986 ], [ 167.522992017000092, -44.797613694999939 ], [ 167.523225871000022, -44.797765958999946 ], [ 167.523365643000034, -44.797856966999973 ], [ 167.523395084000072, -44.797865053999942 ], [ 167.52365954000004, -44.797937704999981 ], [ 167.523930630000109, -44.798085898999943 ], [ 167.524251381000113, -44.798366507999958 ], [ 167.524312224000028, -44.798419736999961 ], [ 167.524452643000018, -44.798484365999968 ], [ 167.524585430000116, -44.798545482999941 ], [ 167.525294420000023, -44.798590063999939 ], [ 167.526203112000076, -44.798868719999973 ], [ 167.526566693000063, -44.799043858999937 ], [ 167.52668015900008, -44.799184543999957 ], [ 167.526702826000019, -44.799330380999947 ], [ 167.526740178000068, -44.799570708999966 ], [ 167.526857861000053, -44.799666499999944 ], [ 167.526860227000043, -44.799666950999949 ], [ 167.527480082000011, -44.799785399999962 ], [ 167.527708285000017, -44.800066830999981 ], [ 167.528118156000119, -44.800086333999957 ], [ 167.528382951000026, -44.80030186099998 ], [ 167.528858071000059, -44.800301017999971 ], [ 167.52899590800007, -44.800413204999984 ], [ 167.529034605000106, -44.800444702999982 ], [ 167.529201428000079, -44.800442971999985 ], [ 167.529828382000119, -44.80043646799993 ], [ 167.530106609000086, -44.800574069999982 ], [ 167.530131033000089, -44.800586149999958 ], [ 167.530471096000042, -44.800626855999951 ], [ 167.531368715000099, -44.800734301999967 ], [ 167.532507044000113, -44.80075325599995 ], [ 167.532616020000091, -44.80071840599993 ], [ 167.532752563000031, -44.800674740999966 ], [ 167.532980354000074, -44.800491035999983 ], [ 167.533162319000098, -44.800344284999937 ], [ 167.533422970000061, -44.800266486999931 ], [ 167.533959044000085, -44.800291067999979 ], [ 167.534037272000091, -44.800359252999954 ], [ 167.534560978000059, -44.800815718999957 ], [ 167.534815602000094, -44.800886685999956 ], [ 167.53485356200008, -44.800897264999946 ], [ 167.535200500000087, -44.800574641999958 ], [ 167.535484262000068, -44.800588126999969 ], [ 167.535605004000104, -44.800670055999944 ], [ 167.535662915000103, -44.800709352999945 ], [ 167.535877972000094, -44.800719570999945 ], [ 167.536042526000074, -44.800727388999974 ], [ 167.536996321000061, -44.800512057999981 ], [ 167.537490952000098, -44.800478733999967 ], [ 167.53780203700012, -44.800538604999986 ], [ 167.538073180000083, -44.800686767999935 ], [ 167.538417125000024, -44.801085505999936 ], [ 167.538458817000105, -44.801314376999983 ], [ 167.53824532200008, -44.801742941999976 ], [ 167.538160328000117, -44.802129440999977 ], [ 167.53813717200012, -44.802234745999954 ], [ 167.538078807000034, -44.80233564599996 ], [ 167.53800414400007, -44.802464723999947 ], [ 167.53787253400003, -44.802563685999985 ], [ 167.537833790000036, -44.802592816999947 ], [ 167.5377896010001, -44.802606107999964 ], [ 167.537639560000116, -44.802651234999985 ], [ 167.537014006000049, -44.802553877999969 ], [ 167.536913105000053, -44.802616726999986 ], [ 167.536845547000098, -44.803188923999983 ], [ 167.536619940000037, -44.803392855999959 ], [ 167.536273103000099, -44.803376378999985 ], [ 167.535993423000036, -44.803657107999982 ], [ 167.535547785000063, -44.803681026999982 ], [ 167.535204760000056, -44.803881366999974 ], [ 167.535046540000053, -44.803973772999939 ], [ 167.534817884000063, -44.803977682999971 ], [ 167.534697595000011, -44.803979738999942 ], [ 167.534488795000016, -44.804197777999946 ], [ 167.534346508000112, -44.80434635599994 ], [ 167.534279133000041, -44.804380090999985 ], [ 167.534180350000042, -44.804429551999931 ], [ 167.533196487000055, -44.804451330999939 ], [ 167.532860124000081, -44.804660813999931 ], [ 167.532722045000014, -44.804931001999933 ], [ 167.532590138000046, -44.805189113999973 ], [ 167.532521043000088, -44.805256329999963 ], [ 167.532346173000064, -44.805426438999973 ], [ 167.532264159000079, -44.805625465999981 ], [ 167.532343684000011, -44.806317391999983 ], [ 167.532609133000051, -44.806851697999946 ], [ 167.532664462000071, -44.80696306599998 ], [ 167.532796473000076, -44.807531420999965 ], [ 167.532834131000072, -44.807693549999954 ], [ 167.532751105000102, -44.807903351999983 ], [ 167.532479807000072, -44.808094282999946 ], [ 167.532395072000099, -44.808272732999967 ], [ 167.532321921000062, -44.808426789999942 ], [ 167.531807142000048, -44.808863182999971 ], [ 167.531671309000103, -44.808948148999946 ], [ 167.531202806000124, -44.809241204999978 ], [ 167.530881091000083, -44.809631757999966 ], [ 167.529769875000056, -44.810685536999983 ], [ 167.529080814000054, -44.811115434999977 ], [ 167.528683047000072, -44.811141606999968 ], [ 167.528558307000026, -44.811282682999945 ], [ 167.528460930000051, -44.811700468999959 ], [ 167.528454354000019, -44.811728685999981 ], [ 167.528428662000124, -44.81177366299994 ], [ 167.528322443000093, -44.811959608999985 ], [ 167.528118480000103, -44.812107737999952 ], [ 167.527769677000038, -44.812017186999981 ], [ 167.527770991000011, -44.812147840999955 ], [ 167.527776664000044, -44.81271197999996 ], [ 167.527744666000103, -44.812890835999951 ], [ 167.527672604000031, -44.813002618999974 ], [ 167.527652716000034, -44.813033471999972 ], [ 167.527385676000108, -44.813178597999979 ], [ 167.527334328000052, -44.813250260999951 ], [ 167.527276314000119, -44.813331224999956 ], [ 167.526771603000043, -44.813576847999968 ], [ 167.526430536000021, -44.813742829999967 ], [ 167.525961160000065, -44.813856677999979 ], [ 167.525385454000116, -44.814077298999962 ], [ 167.524964386000079, -44.814351273999932 ], [ 167.524602725000022, -44.814491889999942 ], [ 167.523831004000044, -44.814613883999982 ], [ 167.523275339000065, -44.814971635999939 ], [ 167.522977259000072, -44.815098452999962 ], [ 167.522846378000054, -44.815154134999943 ], [ 167.5227030960001, -44.815188883999951 ], [ 167.522376985000051, -44.815267969999979 ], [ 167.521790220000071, -44.81578116399993 ], [ 167.521744860000013, -44.816614164999976 ], [ 167.521466389000011, -44.81689401899996 ], [ 167.520960572000035, -44.817219861999945 ], [ 167.520640487000037, -44.817637109999964 ], [ 167.520492660000059, -44.817829804999974 ], [ 167.520186411000054, -44.818042890999948 ], [ 167.519916407000096, -44.818230754999945 ], [ 167.519553708000103, -44.81860828799995 ], [ 167.519459882000092, -44.818705951999959 ], [ 167.519375115000116, -44.818767879999939 ], [ 167.519155085000079, -44.81892862899997 ], [ 167.51866080800005, -44.819131453999944 ], [ 167.51814299800003, -44.819072502999973 ], [ 167.517649952000056, -44.818925443999944 ], [ 167.517351733000055, -44.81888958199994 ], [ 167.517063663000044, -44.818920945999935 ], [ 167.516237910000086, -44.819573587999969 ], [ 167.515730222000116, -44.819974832999947 ], [ 167.515433936000022, -44.820175985999981 ], [ 167.514953177000052, -44.820502375999979 ], [ 167.51439477800011, -44.820712946999947 ], [ 167.514408680000088, -44.820736560999933 ], [ 167.514504030000012, -44.820898537999938 ], [ 167.514432332000069, -44.821222456999976 ], [ 167.514422443000058, -44.82126713599996 ], [ 167.513808739000069, -44.821903471999974 ], [ 167.513477443000056, -44.822407168999973 ], [ 167.513074028000119, -44.822800744999938 ], [ 167.512606652000045, -44.823256712999978 ], [ 167.512406645000056, -44.823392973999944 ], [ 167.51223425000012, -44.823510422999959 ], [ 167.511962884000013, -44.824050344999932 ], [ 167.51131073800002, -44.824582920999944 ], [ 167.511180327000034, -44.824971734999963 ], [ 167.511185657000055, -44.825119148999931 ], [ 167.511197903000038, -44.825457798999935 ], [ 167.511009682000122, -44.825770991999946 ], [ 167.510973964000073, -44.825830424999936 ], [ 167.510715780000055, -44.826055306999933 ], [ 167.510349781000059, -44.826240770999959 ], [ 167.509453110000095, -44.826852759999952 ], [ 167.508929111000043, -44.82736979699996 ], [ 167.508451703000105, -44.827742042999944 ], [ 167.508213399000056, -44.827742390999958 ], [ 167.507898193000074, -44.827482922999934 ], [ 167.50678077300006, -44.827639713999986 ], [ 167.506288409000035, -44.827820933999931 ], [ 167.50630384100009, -44.827844050999943 ], [ 167.506428336000113, -44.828030545999979 ], [ 167.506387723000103, -44.828152791999969 ], [ 167.506384094000055, -44.828163720999953 ], [ 167.50620425000011, -44.82825319799997 ], [ 167.506051641000113, -44.828329125999971 ], [ 167.505963777000034, -44.828335281999955 ], [ 167.505860264000034, -44.828342533999944 ], [ 167.505689846000109, -44.828469681999934 ], [ 167.505605589000083, -44.828691135999975 ], [ 167.50546561200008, -44.828831460999936 ], [ 167.504834684000116, -44.82915126499995 ], [ 167.504595839000103, -44.829331961999969 ], [ 167.504523525000081, -44.829444053999964 ], [ 167.504447386000038, -44.829562072999977 ], [ 167.504279079000071, -44.82966677099995 ], [ 167.50410037100005, -44.829704959999958 ], [ 167.504020373000117, -44.829722054999934 ], [ 167.503919388000099, -44.829784873999984 ], [ 167.503858670000113, -44.829897291999941 ], [ 167.503728960000103, -44.830137440999977 ], [ 167.503397044000053, -44.830452158999947 ], [ 167.503241763000119, -44.830599393999933 ], [ 167.50289400500003, -44.831101375999935 ], [ 167.502613498000073, -44.831911419999983 ], [ 167.502631120000046, -44.831925763999948 ], [ 167.502731207000124, -44.832007234999935 ], [ 167.503176601000064, -44.831813862999979 ], [ 167.503553810000085, -44.831684874999951 ], [ 167.503648446000057, -44.831689395999945 ], [ 167.503873279000118, -44.831993259999933 ], [ 167.503908538000019, -44.832130907999954 ], [ 167.50396683800011, -44.832358496999973 ], [ 167.504207534000102, -44.832637363999936 ], [ 167.504281058000061, -44.832722548999982 ], [ 167.504470196000057, -44.833081831999948 ], [ 167.50444746200003, -44.833168687999944 ], [ 167.504371184000092, -44.833460109999976 ], [ 167.504126657000029, -44.833735181999941 ], [ 167.504053546000023, -44.833817425999939 ], [ 167.503563884000073, -44.834143974999961 ], [ 167.502620311000101, -44.834404635999931 ], [ 167.501862402000029, -44.834537975999979 ], [ 167.501485414000058, -44.834677792999969 ], [ 167.500561206000043, -44.835243310999942 ], [ 167.50005086900012, -44.83561395199996 ], [ 167.498787102000051, -44.836942480999937 ], [ 167.498601799000085, -44.837226742999974 ], [ 167.498461985000063, -44.837281038999947 ], [ 167.498239929000079, -44.837367272999984 ], [ 167.498024343000111, -44.837367567999934 ], [ 167.498001583000018, -44.837367600999983 ], [ 167.497825123000098, -44.837406955999938 ], [ 167.496999315000039, -44.837591138999983 ], [ 167.496853333000104, -44.837599085999955 ], [ 167.496329089000028, -44.837627624999982 ], [ 167.496115155000098, -44.837718404999976 ], [ 167.496069777000116, -44.837863246999973 ], [ 167.496094007000124, -44.837969028999964 ], [ 167.496170997000036, -44.838313930999959 ], [ 167.496238290000065, -44.838615390999962 ], [ 167.496215126000038, -44.838989340999944 ], [ 167.496206928000106, -44.839121671999976 ], [ 167.496100299000091, -44.839375391999965 ], [ 167.495941995000067, -44.839752064999971 ], [ 167.49577987400005, -44.839967117999947 ], [ 167.495670960000098, -44.840111590999982 ], [ 167.495547958000088, -44.84016665799993 ], [ 167.49530694200007, -44.840274557999976 ], [ 167.494849779000106, -44.840336561999948 ], [ 167.494731715000057, -44.84035248899994 ], [ 167.49446552400002, -44.840388398999949 ], [ 167.494440160000067, -44.840391819999979 ], [ 167.494406039000069, -44.840243174999955 ], [ 167.494646257000113, -44.83971351799994 ], [ 167.494774453000105, -44.83915755299995 ], [ 167.494781605000071, -44.839126531999966 ], [ 167.494626083000071, -44.839175910999984 ], [ 167.49448786500011, -44.839364110999952 ], [ 167.494358439000052, -44.839540888999977 ], [ 167.493671248000055, -44.840479486999982 ], [ 167.493347769000025, -44.840749673999937 ], [ 167.493223917000023, -44.840853119999963 ], [ 167.493150603000117, -44.840891097999986 ], [ 167.492858943000101, -44.841039482999975 ], [ 167.492837573000088, -44.841037557999982 ], [ 167.492443172000094, -44.840998836999972 ], [ 167.492145797000035, -44.841234431999965 ], [ 167.491800427000044, -44.841508317999967 ], [ 167.491806121000081, -44.841698681999958 ], [ 167.491815963000022, -44.842027665999979 ], [ 167.491764113000045, -44.842261389999976 ], [ 167.491734198000017, -44.842396244999975 ], [ 167.49142066200011, -44.843204687999958 ], [ 167.491105870000069, -44.843517013999985 ], [ 167.490627190000055, -44.843899957999952 ], [ 167.490095408000116, -44.844467613999939 ], [ 167.489817728000048, -44.844764018999967 ], [ 167.489486722000038, -44.845029509999961 ], [ 167.489161946000081, -44.84529 ], [ 167.488628627000026, -44.846129399999938 ], [ 167.488420826000038, -44.846998820999943 ], [ 167.488354019000099, -44.847718062999945 ], [ 167.488462064000032, -44.848264392999965 ], [ 167.488582423000025, -44.848506461999932 ], [ 167.488892301000078, -44.848916346999943 ], [ 167.489201496000078, -44.849178198999937 ], [ 167.489216275000103, -44.849190714999963 ], [ 167.489845328000115, -44.84924248699997 ], [ 167.489987278000058, -44.849193469999932 ], [ 167.490074706000087, -44.849163279999971 ], [ 167.490166151000039, -44.849090334999971 ], [ 167.490314702000092, -44.848971838999944 ], [ 167.490598693000038, -44.848985436999953 ], [ 167.490847404000078, -44.84921110199997 ], [ 167.49084705100006, -44.849217299999964 ], [ 167.490822361000028, -44.849650040999961 ], [ 167.490840779000109, -44.849660079999978 ], [ 167.491228693000039, -44.849871524999969 ], [ 167.491419569000072, -44.850038498999936 ], [ 167.491416857000104, -44.85004782599998 ], [ 167.491280468000014, -44.850517074999971 ], [ 167.491315365000105, -44.850679689999936 ], [ 167.491324468000016, -44.850722112999961 ], [ 167.491286715000115, -44.850825107999981 ], [ 167.491239019000091, -44.850955228999965 ], [ 167.490575907000107, -44.851611648999949 ], [ 167.490103138000109, -44.852266354999983 ], [ 167.490217858000051, -44.852903194999953 ], [ 167.490202136000107, -44.853073389999963 ], [ 167.490166019000071, -44.853464412999983 ], [ 167.490070907000018, -44.853656693999937 ], [ 167.4900296080001, -44.853740183999946 ], [ 167.489241324000091, -44.854472677999979 ], [ 167.488908358000117, -44.854882440999972 ], [ 167.488854451000066, -44.855117064999945 ], [ 167.488837818000093, -44.855815259999986 ], [ 167.488943237000058, -44.856215349999957 ], [ 167.488979176000043, -44.85628451599996 ], [ 167.489225347000115, -44.856758289999959 ], [ 167.489574136000101, -44.857779927999957 ], [ 167.489624469000091, -44.857927353999969 ], [ 167.489656368000055, -44.858205750999957 ], [ 167.489694610000015, -44.858539510999947 ], [ 167.489682011000014, -44.858652835999976 ], [ 167.489592273000085, -44.859459985999933 ], [ 167.4897393870001, -44.859928813999943 ], [ 167.48975573000007, -44.859938100999955 ], [ 167.490432555000098, -44.860322769999982 ], [ 167.490433845000098, -44.860336085999961 ], [ 167.490442298000062, -44.860423258999958 ], [ 167.490447315000097, -44.860475 ], [ 167.490472832000023, -44.860741386999962 ], [ 167.490392873000019, -44.860952368999961 ], [ 167.490325782000014, -44.861129388999984 ], [ 167.490340349000121, -44.861310471999957 ], [ 167.490480143000013, -44.861508371999946 ], [ 167.490959325000063, -44.861952988999974 ], [ 167.491005924000092, -44.861996226999963 ], [ 167.491006495000079, -44.862001592999945 ], [ 167.491065025000012, -44.862551031999942 ], [ 167.491398744000094, -44.863232624999966 ], [ 167.491411412000048, -44.863241647999985 ], [ 167.491481846000056, -44.863291825999966 ], [ 167.49177062900003, -44.863497550999966 ], [ 167.491926140000032, -44.863540008999962 ], [ 167.49197090600012, -44.863552231999961 ], [ 167.492830969000124, -44.864032624999936 ], [ 167.492845092000039, -44.864053325999976 ], [ 167.493403466000018, -44.864871746999938 ], [ 167.493636515000048, -44.865072920999978 ], [ 167.49363796800003, -44.865074172999982 ], [ 167.49426074500002, -44.865194158999941 ], [ 167.494529181000075, -44.865386480999973 ], [ 167.494541284000093, -44.86540703999998 ], [ 167.494553521000057, -44.865427823999937 ], [ 167.494720409000024, -44.865711300999976 ], [ 167.494833074000098, -44.866124766999974 ], [ 167.494849396000063, -44.866184665999981 ], [ 167.49485569400008, -44.86618115899995 ], [ 167.495435764000035, -44.865858255999967 ], [ 167.495593584000062, -44.865865802999963 ], [ 167.495608135000111, -44.865888815999938 ], [ 167.495615136000083, -44.865899886999955 ], [ 167.495718255000043, -44.866062972999941 ], [ 167.495916291000071, -44.866623740999955 ], [ 167.495957358000055, -44.866740024999956 ], [ 167.495968376000064, -44.866748928999982 ], [ 167.495994162000102, -44.866769768999973 ], [ 167.496134095000116, -44.866882862999944 ], [ 167.496564289000048, -44.866984113999933 ], [ 167.496677514000112, -44.867010762999939 ], [ 167.497635690000038, -44.867111588999933 ], [ 167.497815826000078, -44.867210010999941 ], [ 167.497907042000065, -44.867259848999936 ], [ 167.4984243560001, -44.867306092999968 ], [ 167.498709435000023, -44.867331573999934 ], [ 167.498906594000118, -44.867419462999976 ], [ 167.499071793000098, -44.867697933999978 ], [ 167.50041008900007, -44.867963915999951 ], [ 167.500576948000116, -44.868050355999969 ], [ 167.500640704000034, -44.868125576999944 ], [ 167.501234239000041, -44.868825840999932 ], [ 167.501413705000118, -44.868945082999971 ], [ 167.501727123000023, -44.869153329999961 ], [ 167.502014364000047, -44.86948272099994 ], [ 167.5020792790001, -44.869650676999981 ], [ 167.502116289000014, -44.869746439999972 ], [ 167.502519201000041, -44.870194093999942 ], [ 167.502828088000115, -44.870444486999929 ], [ 167.502858511000113, -44.870469147999984 ], [ 167.503194042000018, -44.870609635999983 ], [ 167.50398481000002, -44.871154270999966 ], [ 167.504213753000045, -44.871186372999944 ], [ 167.50421889800009, -44.871187094999982 ], [ 167.504222795000032, -44.871186791999946 ], [ 167.50493826200011, -44.871131246999937 ], [ 167.505216092000069, -44.871211250999977 ], [ 167.505502100000058, -44.871540573999937 ], [ 167.50579437500005, -44.87215232799997 ], [ 167.505869477000033, -44.872218825999937 ], [ 167.506454719000089, -44.872735979999959 ], [ 167.507397968000078, -44.873319794999929 ], [ 167.507518910000044, -44.873394649999966 ], [ 167.507658953000032, -44.873604262999947 ], [ 167.507689832000096, -44.873774392999962 ], [ 167.507638875000112, -44.874167624999984 ], [ 167.507633843000121, -44.874206443999981 ], [ 167.507645099000115, -44.874211585999944 ], [ 167.509901735000085, -44.875242692999961 ], [ 167.510967189000098, -44.875902288999953 ], [ 167.511272765000058, -44.875982890999978 ], [ 167.511539, -44.876053114999934 ], [ 167.511953744000039, -44.876119488999962 ], [ 167.512429977000124, -44.876195701999961 ], [ 167.512612195000088, -44.876294577999943 ], [ 167.512842580000097, -44.876541859999975 ], [ 167.512958629000082, -44.876758303999964 ], [ 167.51299145400003, -44.876819528999931 ], [ 167.513183967000032, -44.876994771999932 ], [ 167.513240289000123, -44.877046040999971 ], [ 167.513358777000121, -44.877062356999943 ], [ 167.513490738000087, -44.877080525999929 ], [ 167.514659419000054, -44.876995520999969 ], [ 167.514845550000018, -44.876981802999978 ], [ 167.51552163700012, -44.876931978999949 ], [ 167.516029991000096, -44.87689486599993 ], [ 167.516566774000012, -44.876919532999977 ], [ 167.517798712000058, -44.877145958999961 ], [ 167.518252389000054, -44.87740656699998 ], [ 167.518612221000012, -44.877613099999962 ], [ 167.519856124000057, -44.877874344999952 ], [ 167.520938244000035, -44.878533731999937 ], [ 167.521769632000087, -44.878797868999982 ], [ 167.522482626000055, -44.879147459999956 ], [ 167.523000957000022, -44.879543702999968 ], [ 167.523396750000074, -44.880069397999932 ], [ 167.523403399000017, -44.880084780999937 ], [ 167.523750950000021, -44.880888938999931 ], [ 167.523754835000091, -44.880889420999949 ], [ 167.524002951000057, -44.880920275999983 ], [ 167.524455641000031, -44.880976568999984 ], [ 167.524808178000058, -44.880951947999961 ], [ 167.524924284000122, -44.880943839999929 ], [ 167.525237077000043, -44.880922637999959 ], [ 167.525503967000077, -44.880957875999968 ], [ 167.52557761200012, -44.881051566999986 ], [ 167.525816728000109, -44.881355151999969 ], [ 167.525818012000059, -44.881362098999944 ], [ 167.525837745000103, -44.881468888999962 ], [ 167.525967582000021, -44.881610790999957 ], [ 167.526182848000076, -44.881846055999972 ], [ 167.526199626000107, -44.882004535999954 ], [ 167.525909437000109, -44.882230794999941 ], [ 167.525516568000057, -44.882536799999968 ], [ 167.525421748000099, -44.882870502999936 ], [ 167.525460822000014, -44.883142930999952 ], [ 167.525578673000041, -44.883238724999956 ], [ 167.525590059000024, -44.883241421999969 ], [ 167.525679160000095, -44.883262526999943 ], [ 167.525874025000121, -44.883308685999964 ], [ 167.526410787000032, -44.883334202999947 ], [ 167.526803458000018, -44.88328727399994 ], [ 167.526956079000115, -44.88326903199993 ], [ 167.527853772000071, -44.883085322999932 ], [ 167.528470628000036, -44.882663689999958 ], [ 167.52888813200002, -44.882446330999983 ], [ 167.529476935000048, -44.88241748799993 ], [ 167.530408069000032, -44.882471644999953 ], [ 167.530736466000121, -44.882351960999983 ], [ 167.530800993000071, -44.882306099999937 ], [ 167.530974356000115, -44.882182882999984 ], [ 167.531248143000084, -44.881718756999931 ], [ 167.531350080000038, -44.881545951999954 ], [ 167.531773988000054, -44.881340777999981 ], [ 167.532030529000053, -44.881216608999978 ], [ 167.532114490000026, -44.88115260099994 ], [ 167.532253257000093, -44.881046806999962 ], [ 167.53245835700011, -44.880537956999945 ], [ 167.532780946000116, -44.880304351999939 ], [ 167.53384363300006, -44.87986237399997 ], [ 167.533841712000026, -44.879853986999933 ], [ 167.533849420000024, -44.879853630999946 ], [ 167.534372769000015, -44.879829444999984 ], [ 167.534694329000104, -44.879682958999979 ], [ 167.53526725200004, -44.879567432999977 ], [ 167.53544045600006, -44.87957565499994 ], [ 167.535713129000101, -44.879664716999969 ], [ 167.536714988000085, -44.880254611999931 ], [ 167.537042725000106, -44.880469975999972 ], [ 167.537249664000115, -44.880689123999957 ], [ 167.537558748000038, -44.880960689999938 ], [ 167.537787028000025, -44.88095249099996 ], [ 167.537976227000058, -44.880932922999932 ], [ 167.538287116000106, -44.880900097999984 ], [ 167.53859267100006, -44.880924108999977 ], [ 167.538733888000024, -44.881130618999975 ], [ 167.538801376000038, -44.881409750999978 ], [ 167.538686775000087, -44.881632670999977 ], [ 167.538472693000017, -44.881774752999945 ], [ 167.538102281000079, -44.881871358999945 ], [ 167.537992121000116, -44.882046914999933 ], [ 167.537679408000031, -44.88252684899993 ], [ 167.537587003000112, -44.882798395999941 ], [ 167.537816154000097, -44.88306616999995 ], [ 167.53801245000011, -44.883256264999943 ], [ 167.53840505300002, -44.88349373099993 ], [ 167.538527627000121, -44.883613723999986 ], [ 167.539199158000088, -44.883873933999951 ], [ 167.539590890000113, -44.883978145999947 ], [ 167.540023490000067, -44.88393205899996 ], [ 167.540166511000052, -44.883834177999972 ], [ 167.540139868000097, -44.88369019199996 ], [ 167.539765908000049, -44.883539248999966 ], [ 167.539484319000053, -44.883544923999978 ], [ 167.539175195000098, -44.883558806999986 ], [ 167.53856673100006, -44.883339648999936 ], [ 167.538227437000046, -44.882961987999977 ], [ 167.537983182000062, -44.882712529999935 ], [ 167.538017844000024, -44.882485816999974 ], [ 167.538544615000092, -44.882149242999958 ], [ 167.538881279000066, -44.881984431999967 ], [ 167.539169100000095, -44.881627005999974 ], [ 167.539250838000044, -44.88132640699996 ], [ 167.539132738000035, -44.880730885999981 ], [ 167.53876501000002, -44.880656352999949 ], [ 167.538235622000116, -44.880593179999948 ], [ 167.53769469000008, -44.880510425999944 ], [ 167.537005465000107, -44.880011494999962 ], [ 167.536722147000091, -44.87975066499996 ], [ 167.535791325000105, -44.879402011999957 ], [ 167.535380972000098, -44.87935398999997 ], [ 167.534905783000113, -44.879283857999951 ], [ 167.534340001000032, -44.879180878999932 ], [ 167.534109158000092, -44.879212874999951 ], [ 167.534086114000047, -44.879216067999948 ], [ 167.534179336000079, -44.878985522999983 ], [ 167.534184737000032, -44.878972165999983 ], [ 167.534080815000038, -44.87893846399993 ], [ 167.533696019000104, -44.878813678999961 ], [ 167.532720373000075, -44.878288632999954 ], [ 167.532457150000027, -44.878146976999972 ], [ 167.532192928000086, -44.87810362099998 ], [ 167.531691365000029, -44.87802131899997 ], [ 167.531491461000087, -44.877937975999942 ], [ 167.531386193000117, -44.877894087999948 ], [ 167.531328055000017, -44.877847015999976 ], [ 167.53107616300008, -44.877643063999983 ], [ 167.530784082000082, -44.877317694999931 ], [ 167.530716746000053, -44.877242685999931 ], [ 167.530002630000013, -44.876904818999947 ], [ 167.528938422000124, -44.876742416999946 ], [ 167.528838134000011, -44.876740406999943 ], [ 167.52851175100011, -44.876733863999959 ], [ 167.527724606000106, -44.876564004999977 ], [ 167.527376083000036, -44.876488793999954 ], [ 167.527257583000051, -44.876392860999943 ], [ 167.527213435000021, -44.87618783399995 ], [ 167.527278055000124, -44.875999702999934 ], [ 167.527481703000035, -44.875681994999979 ], [ 167.527761782000084, -44.875401289999957 ], [ 167.527639914000019, -44.875109260999977 ], [ 167.527632378000021, -44.875091199999986 ], [ 167.527238222000051, -44.874723427999982 ], [ 167.526615253000045, -44.874352517999966 ], [ 167.526456254000095, -44.874257849999935 ], [ 167.526141908000113, -44.874002927999982 ], [ 167.525969516000032, -44.873863124999957 ], [ 167.525767703000042, -44.87363526799993 ], [ 167.524704381000106, -44.872439286999963 ], [ 167.524554986000112, -44.872341991999974 ], [ 167.523952994000069, -44.872336806999954 ], [ 167.523303692000013, -44.871809871999972 ], [ 167.52316750600005, -44.871757812999931 ], [ 167.522767434000116, -44.87160487899996 ], [ 167.522420810000085, -44.871386514999983 ], [ 167.522302849000084, -44.871312203999935 ], [ 167.521998885000016, -44.871267073999945 ], [ 167.521396285000037, -44.871349330999976 ], [ 167.520650605000014, -44.871348112999954 ], [ 167.520646579000072, -44.871345649999967 ], [ 167.520410742000081, -44.87120140899998 ], [ 167.520266094000021, -44.870809902999952 ], [ 167.520258106000028, -44.870788286999982 ], [ 167.519317347000083, -44.870676758999934 ], [ 167.519313629000067, -44.870673751999959 ], [ 167.519109908000019, -44.870509048999963 ], [ 167.519065794000085, -44.870304019999935 ], [ 167.519150062000108, -44.870082555999943 ], [ 167.519499746000065, -44.869794 ], [ 167.51951173000009, -44.869784110999944 ], [ 167.518872766000072, -44.869471390999934 ], [ 167.51828872100009, -44.869415120999975 ], [ 167.517521583000075, -44.869341205999945 ], [ 167.517159127000014, -44.869266578999941 ], [ 167.516883313000108, -44.869209791999936 ], [ 167.516833659000099, -44.869178815999931 ], [ 167.516628154000045, -44.869050624999943 ], [ 167.515945201000022, -44.868428278999943 ], [ 167.515780156000119, -44.868277878999947 ], [ 167.513980827000069, -44.867156747999957 ], [ 167.513658399000064, -44.86698578599993 ], [ 167.512952898000094, -44.866611699999964 ], [ 167.512549059000094, -44.866302843999961 ], [ 167.512454863000016, -44.866230802999951 ], [ 167.512179836000087, -44.866154687999938 ], [ 167.511754049000047, -44.866036846999975 ], [ 167.511429569000029, -44.865898625999932 ], [ 167.511220004000052, -44.865809354999953 ], [ 167.510625553000068, -44.865375146999952 ], [ 167.510020446000112, -44.865054067999949 ], [ 167.509637115000032, -44.864923043999966 ], [ 167.509062742000083, -44.864633329999947 ], [ 167.508651661000044, -44.864425977999986 ], [ 167.50842131100012, -44.864279206999981 ], [ 167.507543884000029, -44.863720135999984 ], [ 167.506799611000019, -44.863368946999969 ], [ 167.506747650000079, -44.863325232999955 ], [ 167.506416585000011, -44.863046719999943 ], [ 167.50600810800006, -44.862579075999975 ], [ 167.505943891000015, -44.862505557999953 ], [ 167.505903070000045, -44.862452681999969 ], [ 167.504896360000089, -44.861148674999981 ], [ 167.504403971000102, -44.86037756099995 ], [ 167.504383720000078, -44.860345845999973 ], [ 167.503811523000081, -44.860026300999948 ], [ 167.502718265000112, -44.859839699999952 ], [ 167.502545961000123, -44.859699507999949 ], [ 167.502541618000123, -44.859695973999976 ], [ 167.50253968100003, -44.85968665799993 ], [ 167.502475346000097, -44.859377137999957 ], [ 167.502262644000098, -44.859113500999968 ], [ 167.502248297000051, -44.859095716999946 ], [ 167.502229453000041, -44.858959529999936 ], [ 167.502296730000012, -44.858893301999956 ], [ 167.502404211000112, -44.858787495999934 ], [ 167.502338631000043, -44.858622607999962 ], [ 167.502331875000095, -44.85860562199997 ], [ 167.502326326000116, -44.858591666999985 ], [ 167.502263351000124, -44.858532558999968 ], [ 167.50156801300011, -44.857879903999958 ], [ 167.501518714000099, -44.857730536999952 ], [ 167.501633488000039, -44.857522265999933 ], [ 167.502040696000108, -44.857225147999941 ], [ 167.502288146000069, -44.856954670999983 ], [ 167.502308296000024, -44.856741253999985 ], [ 167.502309339000021, -44.856730205999952 ], [ 167.502004893000048, -44.856422538999936 ], [ 167.501615605000097, -44.856193937999933 ], [ 167.501087011000095, -44.855883529999971 ], [ 167.500671596000075, -44.855448023999941 ], [ 167.500627990000112, -44.855402311999967 ], [ 167.500625494000019, -44.85539969499996 ], [ 167.500234404000025, -44.85482812999993 ], [ 167.499877465000054, -44.854056165999964 ], [ 167.499678872000118, -44.853460427999948 ], [ 167.499659572000041, -44.853154657999937 ], [ 167.499726927000097, -44.853112781999982 ], [ 167.499870582000085, -44.853108824999936 ], [ 167.501042512000026, -44.853118835999965 ], [ 167.501171586000055, -44.853094848999945 ], [ 167.501478743000121, -44.853037765999943 ], [ 167.501647759000093, -44.85290232899996 ], [ 167.501718800000049, -44.852845400999968 ], [ 167.501741259000028, -44.852781071999971 ], [ 167.501803967000114, -44.852601444999948 ], [ 167.50179318000005, -44.852274142999931 ], [ 167.501770834000013, -44.851596029999939 ], [ 167.501880884000116, -44.851263069999959 ], [ 167.502042430000074, -44.85105613199994 ], [ 167.502243338000085, -44.851041608999935 ], [ 167.502365420000046, -44.851032782999937 ], [ 167.502448675000096, -44.85089787499993 ], [ 167.502585466000028, -44.850676214999964 ], [ 167.502983289000099, -44.850491387999966 ], [ 167.503005349000091, -44.850442212999951 ], [ 167.503102119000118, -44.850226490999944 ], [ 167.503056792000052, -44.850009653999962 ], [ 167.502971097000113, -44.849599713999964 ], [ 167.503124617000026, -44.849303102999954 ], [ 167.503629580000052, -44.849326322999957 ], [ 167.503927326000053, -44.849543474999962 ], [ 167.503933245000098, -44.849560811999936 ], [ 167.50394247600002, -44.849587849999978 ], [ 167.504001823000067, -44.849761688999934 ], [ 167.503971196000066, -44.849957793999977 ], [ 167.503963373000033, -44.850007878999975 ], [ 167.504056483000113, -44.850203532999956 ], [ 167.50424721100012, -44.850336587999948 ], [ 167.504264662000082, -44.850348760999964 ], [ 167.504449777000104, -44.850338885999975 ], [ 167.504487667000035, -44.850336863999985 ], [ 167.504523934000076, -44.850324756999953 ], [ 167.505288866000114, -44.850069375999965 ], [ 167.505975392000096, -44.850022788999979 ], [ 167.506001937000065, -44.850006281999981 ], [ 167.506110084000056, -44.849939028999984 ], [ 167.506234235000079, -44.849617561999935 ], [ 167.50624510900002, -44.849274611999931 ], [ 167.50625028200011, -44.849111452999978 ], [ 167.506458715000122, -44.848568531999945 ], [ 167.506970229000103, -44.848186188999932 ], [ 167.506980894000094, -44.848166077999963 ], [ 167.507045795000067, -44.848043686999972 ], [ 167.506958334000046, -44.847816408999961 ], [ 167.506943967000097, -44.847779074999949 ], [ 167.507020881000017, -44.847635734999983 ], [ 167.507153448000054, -44.847574419999944 ], [ 167.507437434000053, -44.847587975999943 ], [ 167.507555182000033, -44.847683787999983 ], [ 167.507548956000051, -44.847701365999967 ], [ 167.507468788000097, -44.847927689999949 ], [ 167.50748326900009, -44.847947653999938 ], [ 167.507638207000014, -44.848161253999933 ], [ 167.50763702800009, -44.848164023999971 ], [ 167.507562398000118, -44.848339501999931 ], [ 167.507516021000015, -44.848448542999961 ], [ 167.507483609000019, -44.848476638999955 ], [ 167.507343429000116, -44.848598139999979 ], [ 167.507240785000022, -44.848852991999934 ], [ 167.50713793500006, -44.849446048999937 ], [ 167.507221161000075, -44.849585308999963 ], [ 167.507234972000106, -44.84959467799996 ], [ 167.507281071000079, -44.849625953999976 ], [ 167.507399906000046, -44.849706578999985 ], [ 167.507504803000074, -44.849711585999955 ], [ 167.507557682000083, -44.849714109999979 ], [ 167.507617286000027, -44.849683087999949 ], [ 167.507757683000023, -44.849610015999986 ], [ 167.507891322000091, -44.84936315899995 ], [ 167.50794806600004, -44.849258336999981 ], [ 167.508354244000088, -44.848984600999984 ], [ 167.508583679000026, -44.848904457999936 ], [ 167.508991775000027, -44.848946479999938 ], [ 167.509757204000039, -44.849380745999952 ], [ 167.510077608000074, -44.848523885999953 ], [ 167.510245962000113, -44.848419179999951 ], [ 167.510534268000015, -44.84838693599994 ], [ 167.511281001000043, -44.848535294999976 ], [ 167.512449039000103, -44.847912768999947 ], [ 167.512521685000024, -44.84783982099998 ], [ 167.512727707000067, -44.847632938999936 ], [ 167.512961842000095, -44.847127402999945 ], [ 167.513044437000076, -44.846949062999954 ], [ 167.513145529000099, -44.846885337999936 ], [ 167.513374290000115, -44.846850418999963 ], [ 167.513595740000028, -44.846816614999966 ], [ 167.51369675400008, -44.846726486999955 ], [ 167.513752151000062, -44.84667706099998 ], [ 167.513792393000017, -44.846570760999953 ], [ 167.513856793000059, -44.846400655999958 ], [ 167.513854478000098, -44.846271907999949 ], [ 167.513851711000029, -44.846118116999946 ], [ 167.514065303000052, -44.845169572999964 ], [ 167.514199972000029, -44.845085801999971 ], [ 167.514517700000056, -44.845077500999935 ], [ 167.515025915000024, -44.844729238999946 ], [ 167.515354116000026, -44.844259658999931 ], [ 167.516181052000093, -44.843326818999969 ], [ 167.516314006000016, -44.843100450999941 ], [ 167.516676245000099, -44.842483687999959 ], [ 167.516792899000052, -44.842101390999971 ], [ 167.516835746000083, -44.841960966999977 ], [ 167.517584147000093, -44.841579048999961 ], [ 167.517698468000049, -44.841488681999977 ], [ 167.51784026100006, -44.841376598999943 ], [ 167.51793314400004, -44.841224763999946 ], [ 167.518008060000057, -44.841102296999964 ], [ 167.51802869100004, -44.840982937999968 ], [ 167.518077637000033, -44.840699755999935 ], [ 167.518051636000109, -44.840533190999963 ], [ 167.517967706000036, -44.839995540999951 ], [ 167.518086088000018, -44.839572776999944 ], [ 167.51829176800004, -44.839232637999942 ], [ 167.518808264000086, -44.838702996999984 ], [ 167.518817904000116, -44.83869311199993 ], [ 167.518767477000097, -44.838555423999935 ], [ 167.518495023000014, -44.838520645999949 ], [ 167.518485645000055, -44.838519449999978 ], [ 167.518466331000013, -44.838503943999967 ], [ 167.518408344000022, -44.838457390999963 ], [ 167.518396071000097, -44.838447538999958 ], [ 167.518381421000072, -44.838266459999943 ], [ 167.518402079000111, -44.838206229999969 ], [ 167.518468769000037, -44.838011776999963 ], [ 167.518482994000124, -44.837280325999984 ], [ 167.518494195000017, -44.836704323999982 ], [ 167.51864536700009, -44.835245932999953 ], [ 167.518773147000047, -44.835059914999931 ], [ 167.519315790000064, -44.834897321999961 ], [ 167.519360093000046, -44.834884046999946 ], [ 167.519416697000111, -44.834840191999945 ], [ 167.519565174000036, -44.834725159999948 ], [ 167.519430108000051, -44.833951206999984 ], [ 167.519496421000099, -44.833232842999962 ], [ 167.519629679000104, -44.833001989999957 ], [ 167.519821070000035, -44.832988559999933 ], [ 167.519974578000074, -44.833040966999931 ], [ 167.520057833000124, -44.832989159999954 ], [ 167.520075552000094, -44.832978134999962 ], [ 167.520107077000034, -44.832936123999957 ], [ 167.520255247000023, -44.83273866899998 ], [ 167.52026950000004, -44.832411957999966 ], [ 167.520214491000047, -44.832161313999961 ], [ 167.520327966000082, -44.831952066999975 ], [ 167.520462595000026, -44.831868288999942 ], [ 167.520687638000027, -44.831833912999969 ], [ 167.521094927000036, -44.831937186999937 ], [ 167.521477615000094, -44.831183382999939 ], [ 167.521917175000112, -44.830876021999984 ], [ 167.522074902000099, -44.830883532999962 ], [ 167.522486634000074, -44.831532663999951 ], [ 167.522582354000065, -44.831053802999975 ], [ 167.522318401000121, -44.830477545999941 ], [ 167.522184853000113, -44.829862403999982 ], [ 167.522205957000097, -44.829637933999948 ], [ 167.522462113000074, -44.829097264999973 ], [ 167.522691365000014, -44.829017989999954 ], [ 167.52277755700004, -44.829112284999951 ], [ 167.522778932000051, -44.829122735999931 ], [ 167.522852241000123, -44.829679528999975 ], [ 167.523026737000123, -44.829845668999951 ], [ 167.523031802000105, -44.829844728999944 ], [ 167.523066327000038, -44.829838325999958 ], [ 167.523123483000063, -44.829827726999952 ], [ 167.523192902000119, -44.829763389999982 ], [ 167.523258580000061, -44.829611394999972 ], [ 167.523293331000104, -44.829530969999951 ], [ 167.523296703000028, -44.829495080999948 ], [ 167.523312320000059, -44.829328946999965 ], [ 167.523221095000054, -44.82904646999998 ], [ 167.523201391000043, -44.828985452999973 ], [ 167.52334866800004, -44.828766988999973 ], [ 167.523549580000122, -44.82865209199997 ], [ 167.523833478000029, -44.828665605999959 ], [ 167.52421933200003, -44.828942817999973 ], [ 167.524675772000023, -44.829493957999944 ], [ 167.524926116000074, -44.829190207999943 ], [ 167.525052293000044, -44.829196212999932 ], [ 167.525286160000064, -44.82854174199997 ], [ 167.525531737000051, -44.828113300999973 ], [ 167.525765198000045, -44.827989124999931 ], [ 167.526110071000062, -44.828028082999936 ], [ 167.52641002900009, -44.827895675999969 ], [ 167.526689203000046, -44.827772442999958 ], [ 167.526860684000098, -44.827650228999971 ], [ 167.527045083000075, -44.827518803999965 ], [ 167.52713291800012, -44.827415163999945 ], [ 167.527330156000062, -44.827182429999937 ], [ 167.527705285000025, -44.826435641999979 ], [ 167.527872623000121, -44.826102507999963 ], [ 167.528238565000038, -44.825916986999971 ], [ 167.52859616100011, -44.82582035799993 ], [ 167.52894741800003, -44.825453756999934 ], [ 167.529009950000045, -44.825287173999982 ], [ 167.529045780000047, -44.824905571999977 ], [ 167.529141877000029, -44.824718940999958 ], [ 167.52958151200005, -44.824423281999941 ], [ 167.529755982000097, -44.823901262999982 ], [ 167.529864753000084, -44.822553590999973 ], [ 167.530055450000077, -44.822020619999932 ], [ 167.530908265000107, -44.821373022999978 ], [ 167.53103653200003, -44.821356574999982 ], [ 167.53124475900006, -44.821500855999943 ], [ 167.531549687000052, -44.821289878999949 ], [ 167.531900843000017, -44.82126147699995 ], [ 167.532100700000115, -44.821157337999978 ], [ 167.532252981000056, -44.820871459999978 ], [ 167.532387566000011, -44.820787668999969 ], [ 167.533047042000021, -44.820863205999956 ], [ 167.533177413000089, -44.820824306999953 ], [ 167.53334665400007, -44.820708790999959 ], [ 167.533969035000041, -44.820139508999944 ], [ 167.534332286000108, -44.819468623999967 ], [ 167.534701191000067, -44.818561711999962 ], [ 167.534939328000064, -44.818211368999982 ], [ 167.535162661000072, -44.818021107999982 ], [ 167.535592110000039, -44.817655248999984 ], [ 167.535898182000096, -44.817269562999968 ], [ 167.536057671000094, -44.817068586999937 ], [ 167.536330009000039, -44.81686687399997 ], [ 167.536727404000089, -44.816682822999951 ], [ 167.537068092000027, -44.816765743999952 ], [ 167.537333021000109, -44.816643041999953 ], [ 167.537539079000112, -44.816472448999946 ], [ 167.537773405000053, -44.816135447999955 ], [ 167.538092996000046, -44.815956716999949 ], [ 167.538134202000037, -44.815848219999964 ], [ 167.538219163000122, -44.815624499999956 ], [ 167.538212094000073, -44.815472367999973 ], [ 167.538208663000091, -44.815398527999946 ], [ 167.53882984400002, -44.81484089199995 ], [ 167.539486775000114, -44.81356343799996 ], [ 167.539925602000039, -44.813099053999963 ], [ 167.540230136000105, -44.812955457999976 ], [ 167.540752773000122, -44.812709018999954 ], [ 167.541130371000122, -44.812435935999986 ], [ 167.541350775000069, -44.812276534999967 ], [ 167.541519798000081, -44.811256402999959 ], [ 167.541980313000067, -44.810410883999964 ], [ 167.541981879000105, -44.810408009999946 ], [ 167.541811236000058, -44.81017208399993 ], [ 167.541796788000056, -44.810152108999944 ], [ 167.54191197900002, -44.809233138999957 ], [ 167.542856387000029, -44.808781013999976 ], [ 167.543009426000026, -44.808675538999978 ], [ 167.54303548300004, -44.808383660999937 ], [ 167.543145461000108, -44.808061494999947 ], [ 167.543275200000039, -44.807853000999955 ], [ 167.543407637000087, -44.807791641999984 ], [ 167.543754503000059, -44.807808098999942 ], [ 167.543769294000072, -44.807833203999962 ], [ 167.543891159000054, -44.808040053999946 ], [ 167.544080528000109, -44.808129472999951 ], [ 167.544103487000029, -44.808140314999946 ], [ 167.544334812000102, -44.808037648999971 ], [ 167.544587077000074, -44.808049614999959 ], [ 167.544732201000102, -44.808132369999953 ], [ 167.544888968000123, -44.808221764999985 ], [ 167.54493810300005, -44.808224094999957 ], [ 167.544983568000021, -44.80822625199994 ], [ 167.545022778000089, -44.808194595999964 ], [ 167.545102801000098, -44.808129993999955 ], [ 167.545209567000029, -44.807779282999945 ], [ 167.545261941000035, -44.807607231999953 ], [ 167.545456718000082, -44.807567023999979 ], [ 167.545617209000056, -44.80753389299997 ], [ 167.545708347000073, -44.807477117999952 ], [ 167.54581900800008, -44.807408179999982 ], [ 167.545974376000117, -44.807088162999946 ], [ 167.54581918800011, -44.806539671999985 ], [ 167.545856419000074, -44.806304241999953 ], [ 167.54616541200005, -44.806048328999964 ], [ 167.546169583000051, -44.805665225999974 ], [ 167.546244643000023, -44.805363947999979 ], [ 167.546527793000109, -44.804869613999983 ], [ 167.547195044000091, -44.804494500999965 ], [ 167.547199207000062, -44.804111396999986 ], [ 167.547349919000112, -44.803678423999941 ], [ 167.547577543000102, -44.803246886999943 ], [ 167.547848834000092, -44.802732552999942 ], [ 167.547931270000049, -44.80249108199996 ], [ 167.547996381000075, -44.802300354999943 ], [ 167.548000631000036, -44.802287904999957 ], [ 167.547977244000094, -44.80218578399996 ], [ 167.547636929000078, -44.802065358999982 ], [ 167.547609377000072, -44.802055607999932 ], [ 167.547557652000023, -44.802013527999975 ], [ 167.547481930000117, -44.801951926999948 ], [ 167.547462224000014, -44.801935895999975 ], [ 167.547512648000065, -44.801735362999977 ], [ 167.547751901000083, -44.801482100999976 ], [ 167.54775729000005, -44.801476396999931 ], [ 167.547706826000081, -44.801338721999969 ], [ 167.547276235000027, -44.801011870999957 ], [ 167.547263272000123, -44.801002030999939 ], [ 167.547171376000051, -44.799950793999983 ], [ 167.547170249000033, -44.799937906999958 ], [ 167.547010068000077, -44.799795029999984 ], [ 167.546702924000101, -44.799679453999943 ], [ 167.545262263000041, -44.799547995999944 ], [ 167.544554597000115, -44.799624458999972 ], [ 167.544298936000018, -44.799615469999935 ], [ 167.543967491000103, -44.799603818999969 ], [ 167.543724255000029, -44.799543913999969 ], [ 167.543536595000091, -44.799497694999957 ], [ 167.543104011000082, -44.799206603999949 ], [ 167.542784855000036, -44.799057076999929 ], [ 167.542425850000086, -44.798994944999947 ], [ 167.541786874000081, -44.798716599999977 ], [ 167.541358424000123, -44.798381503999963 ], [ 167.54076099700012, -44.798078969999949 ], [ 167.5400392250001, -44.797913928999947 ], [ 167.539349746000084, -44.797522135999941 ], [ 167.539346474000013, -44.797520277999979 ], [ 167.539033237000012, -44.797145549999982 ], [ 167.538760202000049, -44.796379169999966 ], [ 167.538755421000019, -44.796365750999939 ], [ 167.5382411920001, -44.795797488999938 ], [ 167.538094248000107, -44.795635384999969 ], [ 167.537833112000044, -44.795566066999982 ], [ 167.537167307000118, -44.795389327999942 ], [ 167.536890999000093, -44.795245368999986 ], [ 167.536833985000044, -44.795215661999976 ], [ 167.535944895000057, -44.794903752999971 ], [ 167.535908056000039, -44.794873904999974 ], [ 167.535678838000081, -44.794688182999948 ], [ 167.535646089000124, -44.794598768999947 ], [ 167.535628412000051, -44.794550503999972 ], [ 167.53554014700012, -44.794478667999954 ], [ 167.535325309000086, -44.794548323999948 ], [ 167.535115585000085, -44.794616319999932 ], [ 167.53496055200003, -44.794619652999984 ], [ 167.534449252000059, -44.794630646999963 ], [ 167.533957337000061, -44.794811091999975 ], [ 167.53333370200005, -44.794883357999936 ], [ 167.532234371000072, -44.795125104999954 ], [ 167.531712467000034, -44.795112009999968 ], [ 167.531019419000017, -44.794560460999946 ], [ 167.53031093200002, -44.794335558999933 ], [ 167.529981342000042, -44.794305387999941 ], [ 167.529572489000088, -44.794267960999946 ], [ 167.529375781000113, -44.794144571999936 ], [ 167.529320647000077, -44.794109987999946 ], [ 167.529318889000024, -44.794108885999947 ], [ 167.529051382000034, -44.793747124999982 ], [ 167.528608381000026, -44.792880068999978 ], [ 167.528454482000029, -44.791989716999979 ], [ 167.528453238000111, -44.791982515999962 ], [ 167.527782720000118, -44.791152540999974 ], [ 167.527771260000122, -44.791138353999941 ], [ 167.527763363000076, -44.791100922999931 ], [ 167.527605598000036, -44.790353036999932 ], [ 167.527034988000082, -44.789158532999977 ], [ 167.527006474000018, -44.78909884199993 ], [ 167.527030987000103, -44.788763905999986 ], [ 167.527060212000038, -44.788364551999962 ], [ 167.527043407000065, -44.788272 ], [ 167.527032361000124, -44.78821116599994 ], [ 167.527029322000089, -44.788194426999951 ], [ 167.525968432000013, -44.787501769999949 ], [ 167.525899737000032, -44.787418441999932 ], [ 167.525156632000062, -44.786517023999977 ], [ 167.524591187000055, -44.785736355999973 ], [ 167.524548312000093, -44.785677159999977 ], [ 167.524538905000099, -44.78566417299993 ], [ 167.52395943800002, -44.784530359999962 ], [ 167.523948355000016, -44.784508673999937 ], [ 167.523784825000121, -44.784389048999969 ], [ 167.523442802000091, -44.784410013999945 ], [ 167.523370850000106, -44.784414423999976 ], [ 167.523335713000051, -44.784408830999951 ], [ 167.523169022000047, -44.784382295999933 ], [ 167.523049806000017, -44.784286391999956 ], [ 167.522936383000115, -44.783994382999936 ], [ 167.522871346000102, -44.783826940999973 ], [ 167.522646357000099, -44.783512281999947 ], [ 167.522488261000035, -44.783420085999978 ], [ 167.521910375000061, -44.783083082999951 ], [ 167.521401638000043, -44.782687021999948 ], [ 167.521262516000093, -44.782578712999964 ], [ 167.520218303000092, -44.782033798999976 ], [ 167.52004957500003, -44.782010769999943 ], [ 167.519466849000082, -44.781931234999945 ], [ 167.51927024400004, -44.781807852999975 ], [ 167.519213333000039, -44.781772138999941 ], [ 167.51886585200009, -44.781374065999955 ], [ 167.518854353000052, -44.781360891999952 ], [ 167.518573870000068, -44.780559255999947 ], [ 167.518437315000028, -44.780168961999948 ], [ 167.51842914000008, -44.780145598999979 ], [ 167.518062336000071, -44.779992820999951 ], [ 167.517792877000034, -44.780003420999947 ], [ 167.517652531000067, -44.779974178999964 ], [ 167.517062295000073, -44.779517624999983 ], [ 167.516668121000066, -44.77931934399993 ], [ 167.516132336000055, -44.779293785999982 ], [ 167.515630164000072, -44.778957463999973 ], [ 167.515624852000087, -44.778953906999959 ], [ 167.51515530000006, -44.778210882999986 ], [ 167.5147958230001, -44.777231926999946 ], [ 167.514523265000093, -44.776489654999978 ], [ 167.514202286000113, -44.776011658999948 ], [ 167.51366323700006, -44.775725096999963 ], [ 167.512097966000056, -44.774892956999963 ], [ 167.511654452000016, -44.774640892999969 ], [ 167.511548457000117, -44.77453686399997 ], [ 167.511524138000027, -44.774512996999931 ], [ 167.511509560000036, -44.774498688999984 ], [ 167.511393570000109, -44.774210853999932 ], [ 167.511346864000075, -44.773859585999958 ], [ 167.511426209000092, -44.773569731999942 ], [ 167.511441421000086, -44.773514161999969 ], [ 167.51140070800011, -44.773324094999964 ], [ 167.51137742700007, -44.773215404999974 ], [ 167.511375447000091, -44.773206167999945 ], [ 167.511103925000043, -44.772889258999953 ], [ 167.510788214000058, -44.772705524999935 ], [ 167.510276074000103, -44.772590873999945 ], [ 167.509799592000036, -44.772433730999978 ], [ 167.509346969000035, -44.771848417999934 ], [ 167.509256659000016, -44.771799008999949 ], [ 167.509033960000124, -44.771810916999982 ], [ 167.508844034000049, -44.771894471999985 ], [ 167.508802804000084, -44.771912609999958 ], [ 167.508747860000085, -44.771910246999937 ], [ 167.508613645000082, -44.771904474999985 ], [ 167.508601642000031, -44.77189594999993 ], [ 167.508391716000119, -44.771746859999951 ], [ 167.508258262000027, -44.77146991099994 ], [ 167.508240154000077, -44.771110988999965 ], [ 167.508325008000043, -44.771063593999941 ], [ 167.508411219000095, -44.771015444999932 ], [ 167.508239078000088, -44.77108207699996 ], [ 167.507667418000096, -44.771182830999976 ], [ 167.507559945000025, -44.771178078999981 ], [ 167.507415237000032, -44.771171680999942 ], [ 167.507364636000034, -44.771130452999955 ], [ 167.507345672000042, -44.771115 ], [ 167.507327046000114, -44.771099822999986 ], [ 167.507368585000108, -44.771039304999931 ], [ 167.507454720000055, -44.770913819999976 ], [ 167.507491360000017, -44.770633705999956 ], [ 167.507509003000109, -44.770498828999962 ], [ 167.507209379000074, -44.769459039999958 ], [ 167.507196323000016, -44.76937768099998 ], [ 167.507088912000086, -44.76870830799993 ], [ 167.506910205000054, -44.768378260999953 ], [ 167.506832235000047, -44.768234260999975 ], [ 167.506649754000023, -44.767496797999968 ], [ 167.506863120000048, -44.767278387999966 ], [ 167.506871140000044, -44.767270178999979 ], [ 167.506575072000032, -44.767053096999973 ], [ 167.506422053000051, -44.767052181999929 ], [ 167.50603603400009, -44.76704987599993 ], [ 167.505974404000085, -44.766982349999978 ], [ 167.50596878500005, -44.766976192999948 ], [ 167.505949964000024, -44.766955570999983 ], [ 167.505998391000048, -44.766777504999936 ], [ 167.506150372000093, -44.766682853999953 ], [ 167.506093130000068, -44.766443817999971 ], [ 167.506160718000046, -44.766334420999954 ], [ 167.506167820000087, -44.76632292599993 ], [ 167.506159940000089, -44.766275929999949 ], [ 167.506085946000098, -44.765834685999948 ], [ 167.506136487000049, -44.765634172999967 ], [ 167.506426789000102, -44.765452513999946 ], [ 167.50670690600009, -44.765277227999945 ], [ 167.506752686000027, -44.765207194999959 ], [ 167.506800093000038, -44.765134670999942 ], [ 167.506800779000059, -44.765113958999962 ], [ 167.50681859700012, -44.764414027999976 ], [ 167.506894974000033, -44.763724111999977 ], [ 167.506912791000104, -44.763565893999953 ], [ 167.506933666000123, -44.763380530999939 ], [ 167.506914279000057, -44.763284000999931 ], [ 167.506876786000021, -44.76309731799995 ], [ 167.506915993000121, -44.762959126999931 ], [ 167.507018920000064, -44.76259633899997 ], [ 167.507018759000061, -44.762584605999962 ], [ 167.506924705000074, -44.76130772099998 ], [ 167.506918755000015, -44.761226962999956 ], [ 167.50691813100002, -44.761196268999981 ], [ 167.506910084000083, -44.76111741699998 ], [ 167.506699926000124, -44.760055746999967 ], [ 167.506697503000055, -44.760050477999982 ], [ 167.506446700000083, -44.759505202999947 ], [ 167.506221787000072, -44.759231994999936 ], [ 167.505952955000112, -44.759062209999968 ], [ 167.505386396000063, -44.758854738999958 ], [ 167.504672108000022, -44.758697018999953 ], [ 167.503879188000042, -44.758570197999973 ], [ 167.502797751000116, -44.758397219999949 ], [ 167.501831102000097, -44.758231016999957 ], [ 167.501056241000015, -44.758098335999932 ], [ 167.500433967000049, -44.757944991999977 ], [ 167.50006781400009, -44.757854412999961 ], [ 167.500019596000016, -44.757842488999984 ], [ 167.499647227000082, -44.757750403999978 ], [ 167.499361571000122, -44.75775927799998 ], [ 167.498904747000097, -44.757918692999965 ], [ 167.49852807000002, -44.75785917099995 ], [ 167.498498165000115, -44.757854130999931 ], [ 167.498482643000102, -44.757841478999978 ], [ 167.498386493000112, -44.757763102999945 ], [ 167.498351229000036, -44.757734355999958 ], [ 167.498201625000092, -44.75752622899995 ], [ 167.498183376000043, -44.757500841999956 ], [ 167.497811133000027, -44.757505973999969 ], [ 167.49780312300004, -44.757506082999953 ], [ 167.497714963000021, -44.757434218999947 ], [ 167.497672971000043, -44.757195003999982 ], [ 167.497860237000054, -44.756538358999933 ], [ 167.497712924000098, -44.755053969999949 ], [ 167.497806820000051, -44.754704310999955 ], [ 167.497859267000081, -44.754509006999967 ], [ 167.497795403000055, -44.754409972999952 ], [ 167.497790981000094, -44.754403113999956 ], [ 167.497776446000103, -44.754380576999949 ], [ 167.497439965000012, -44.754083066999954 ], [ 167.496809940000048, -44.753703851999944 ], [ 167.496622506000108, -44.75350366899994 ], [ 167.496183143000053, -44.753290514999946 ], [ 167.495854020000024, -44.753263926999978 ], [ 167.494462530000078, -44.753751034999937 ], [ 167.494068281000068, -44.753743866999969 ], [ 167.494044978000034, -44.753727669999932 ], [ 167.493859221000093, -44.753598560999933 ], [ 167.493792708000115, -44.75347181199993 ], [ 167.493767117000061, -44.753233381999962 ], [ 167.493864023000015, -44.752877258999945 ], [ 167.493931264000025, -44.752835384999969 ], [ 167.494294608000018, -44.752763193999954 ], [ 167.494574949000025, -44.752707494999981 ], [ 167.495360727000048, -44.752428570999939 ], [ 167.495490387000018, -44.752357844999949 ], [ 167.495644962000028, -44.752273528999979 ], [ 167.496090862000074, -44.752283164999938 ], [ 167.496350062000033, -44.752339774999939 ], [ 167.496583278000116, -44.752215658999944 ], [ 167.496742902000051, -44.752200756999969 ], [ 167.496801374000029, -44.752238793999936 ], [ 167.497042234000105, -44.752395476999936 ], [ 167.497592985000097, -44.75249367999993 ], [ 167.497726879000083, -44.75251755499994 ], [ 167.498153336000087, -44.752357593999932 ], [ 167.498279101000094, -44.752259558999981 ], [ 167.498358266000082, -44.75219784799998 ], [ 167.49867125600008, -44.751885439999967 ], [ 167.498800439000092, -44.751659833999952 ], [ 167.498878853000065, -44.751522888999943 ], [ 167.498973146000026, -44.751019625999959 ], [ 167.49878439400004, -44.75067237199994 ], [ 167.498817464000012, -44.750482749999946 ], [ 167.499041356000021, -44.75000102499996 ], [ 167.49905397800012, -44.749974571999985 ], [ 167.499185258000011, -44.749815180999974 ], [ 167.499339845000122, -44.749627493999981 ], [ 167.49955943000009, -44.749198926999952 ], [ 167.499746240000036, -44.74883432699994 ], [ 167.500623848000032, -44.748063714999944 ], [ 167.501057711000044, -44.74782473099998 ], [ 167.501733007000098, -44.747630583999978 ], [ 167.501856456000041, -44.747595092999973 ], [ 167.502000879000093, -44.747553300999982 ], [ 167.50252957500004, -44.747301712999956 ], [ 167.502626445000033, -44.747255702999951 ], [ 167.503209259000073, -44.746978880999961 ], [ 167.503750458000013, -44.746984029999965 ], [ 167.504330026000048, -44.746501273999968 ], [ 167.504543130000116, -44.746240894999971 ], [ 167.504866248000098, -44.746008324999934 ], [ 167.505274872000086, -44.745810610999968 ], [ 167.506141874000036, -44.74539109799997 ], [ 167.506284562000019, -44.745236721999959 ], [ 167.506351837000011, -44.745163934999937 ], [ 167.506530944000019, -44.745116580999934 ], [ 167.506681481000101, -44.745117197999946 ], [ 167.506799142000091, -44.745117681999943 ], [ 167.506895605000068, -44.745067695999978 ], [ 167.506936183000107, -44.745046668999976 ], [ 167.506998695000107, -44.745014483999967 ], [ 167.507129685000109, -44.744806092999966 ], [ 167.507185032000052, -44.744675255999937 ], [ 167.507312044000059, -44.744374679999964 ], [ 167.507593445000111, -44.744060741999931 ], [ 167.50814686800004, -44.743653379999955 ], [ 167.50833615800002, -44.743652108999981 ], [ 167.508676198000103, -44.743649822999942 ], [ 167.508784425000044, -44.743581844999937 ], [ 167.508844330000102, -44.743544217999954 ], [ 167.509000315000094, -44.743083584999965 ], [ 167.509017645000085, -44.743033906999983 ], [ 167.509250596000015, -44.742965671999968 ], [ 167.509417105000011, -44.742968815999973 ], [ 167.509656108000058, -44.742973328999938 ], [ 167.509814607000067, -44.742874567999934 ], [ 167.50984028400012, -44.742858567999974 ], [ 167.509891369000115, -44.742826736999973 ], [ 167.510207616000116, -44.742491909999956 ], [ 167.510488516000123, -44.742277150999939 ], [ 167.511073840000108, -44.741829554999981 ], [ 167.511640754000041, -44.741396025999961 ], [ 167.511804853000058, -44.741188828999952 ], [ 167.511906420000059, -44.741060581999932 ], [ 167.512121145000037, -44.740970728999969 ], [ 167.512631071000101, -44.740756081999962 ], [ 167.512782719000029, -44.740620171999979 ], [ 167.512785848000021, -44.74061736799996 ], [ 167.512534212000105, -44.740292386999954 ], [ 167.512459475000014, -44.740195535999931 ], [ 167.512441717000115, -44.740172524999934 ], [ 167.513293319000013, -44.73923102699996 ], [ 167.514692135000018, -44.738135274999934 ], [ 167.514903969000102, -44.737793937999982 ], [ 167.51497100600011, -44.737685915999975 ], [ 167.514998189000039, -44.737618110999961 ], [ 167.515252002000011, -44.736985024999967 ], [ 167.515299845000072, -44.736866453999937 ], [ 167.515395885000089, -44.736760105999963 ], [ 167.515476297000077, -44.736671950999948 ], [ 167.516231613000059, -44.736363482999934 ], [ 167.516496368000048, -44.736077591999958 ], [ 167.516756486000077, -44.73605562399996 ], [ 167.516926207000097, -44.736041289999946 ], [ 167.517049165000117, -44.735998021999933 ], [ 167.517237659000102, -44.735931691999951 ], [ 167.517345909000028, -44.735825365999972 ], [ 167.517654466000067, -44.73552228099993 ], [ 167.517858243000092, -44.735098038999979 ], [ 167.517929741000103, -44.734949182999969 ], [ 167.51812028400002, -44.734766170999933 ], [ 167.518308857000079, -44.734675750999941 ], [ 167.518484662000105, -44.734591454999929 ], [ 167.518874696000012, -44.734305223999968 ], [ 167.519183589000022, -44.73395596599994 ], [ 167.519439537000039, -44.733666570999958 ], [ 167.519641135000029, -44.733540902999948 ], [ 167.51994542400007, -44.733453505999933 ], [ 167.520083162000105, -44.733414981999942 ], [ 167.520568240000102, -44.733369576999962 ], [ 167.521402679000062, -44.733408543999985 ], [ 167.521472761000041, -44.733411816999933 ], [ 167.521592787000031, -44.733391263999977 ], [ 167.521938284000043, -44.733332101999963 ], [ 167.522236214000031, -44.733239564999963 ], [ 167.522378796000112, -44.733195277999982 ], [ 167.524148696000111, -44.732456228999979 ], [ 167.524322107000103, -44.732363242999952 ], [ 167.525137260000065, -44.731926133999934 ], [ 167.525458485000058, -44.731873800999949 ], [ 167.526283735000106, -44.731506373999935 ], [ 167.526752600000123, -44.731404252999937 ], [ 167.527102200000058, -44.731359579999946 ], [ 167.527472210000042, -44.731313173999979 ], [ 167.530657906000101, -44.730910230999939 ], [ 167.530997585000023, -44.730917384999941 ], [ 167.531510335000121, -44.730927364999957 ], [ 167.532115609000016, -44.731057188999955 ], [ 167.533280312000102, -44.731927929999983 ], [ 167.534934647000114, -44.732745290999958 ], [ 167.535152986000071, -44.732778224999947 ], [ 167.535302038000054, -44.732875503999935 ], [ 167.535933033000106, -44.73305523099998 ], [ 167.536199828000122, -44.733097682999983 ], [ 167.53650213800006, -44.733247343999949 ], [ 167.536873822000075, -44.733331759999942 ], [ 167.537425129000098, -44.733538352999972 ], [ 167.537860210000076, -44.733783610999978 ], [ 167.538005696000027, -44.733905136999965 ], [ 167.538375403000032, -44.734213953999983 ], [ 167.539140054000086, -44.734587489999967 ], [ 167.539154642000085, -44.734594614999935 ], [ 167.539538175000075, -44.734809455999937 ], [ 167.540935864000062, -44.736126793999972 ], [ 167.541528616000051, -44.736391252999965 ], [ 167.541715479000118, -44.73642267799994 ], [ 167.542107351000027, -44.73664331599997 ], [ 167.542742510000039, -44.736698751999938 ], [ 167.543127755000114, -44.736732372999938 ], [ 167.5432300330001, -44.73672156899994 ], [ 167.543398685000057, -44.736703752999972 ], [ 167.543645256000104, -44.736615787999938 ], [ 167.544070209000097, -44.736464178999938 ], [ 167.544463636000046, -44.736211839999953 ], [ 167.544692082000097, -44.736065314999962 ], [ 167.545070091000071, -44.736082359999955 ], [ 167.545338850000121, -44.736252949999937 ], [ 167.545527813000035, -44.736261921999983 ], [ 167.545693671000095, -44.73617960699994 ], [ 167.546357224000076, -44.736187657999949 ], [ 167.546749026000043, -44.736409178999963 ], [ 167.546979718000102, -44.736420128999953 ], [ 167.547189941000056, -44.736430107999979 ], [ 167.547328366000102, -44.73639512799997 ], [ 167.547529477000012, -44.736344307999957 ], [ 167.54827767900008, -44.736299545999941 ], [ 167.548899171000016, -44.736419222999984 ], [ 167.549891161000119, -44.736826134999944 ], [ 167.550705960000073, -44.737247178999951 ], [ 167.550900826000088, -44.737369155999943 ], [ 167.551120394000122, -44.737656729999969 ], [ 167.551240202000031, -44.73781364499996 ], [ 167.551401460000079, -44.737926226999946 ], [ 167.551448092000101, -44.737958783999943 ], [ 167.55161329800012, -44.737991871999952 ], [ 167.551814559000036, -44.738031120999949 ], [ 167.551833265000027, -44.738034770999946 ], [ 167.552427235000096, -44.738151316999961 ], [ 167.55299728500006, -44.738185629999975 ], [ 167.553344543000094, -44.738206529999957 ], [ 167.553662621000058, -44.738309991999984 ], [ 167.553809258000115, -44.738412360999973 ], [ 167.553870518000053, -44.738455128999931 ], [ 167.553938090000088, -44.738463744999933 ], [ 167.554151881000053, -44.738491010999951 ], [ 167.554363219000038, -44.738612860999979 ], [ 167.554526676000023, -44.738630412999953 ], [ 167.554739069000107, -44.738653220999936 ], [ 167.555261298000119, -44.738643697999976 ], [ 167.556101271000102, -44.738536943999975 ], [ 167.556817184000124, -44.73844595199995 ], [ 167.557598314000074, -44.738346770999954 ], [ 167.558553978000077, -44.738289219999956 ], [ 167.558850460000031, -44.738325807999956 ], [ 167.560176059000014, -44.738195573999974 ], [ 167.561082347000024, -44.738178954999967 ], [ 167.561918845000037, -44.738164434999931 ], [ 167.562582121000105, -44.738039800999957 ], [ 167.563174516000117, -44.737928945999954 ], [ 167.564289478000092, -44.737845514999947 ], [ 167.565009237000027, -44.737644174999957 ], [ 167.565092094000079, -44.737556102999974 ], [ 167.565507884000112, -44.737507226999981 ], [ 167.565559117000021, -44.737475255999982 ], [ 167.565608639000061, -44.737444353999933 ], [ 167.565630607000116, -44.737360360999958 ], [ 167.565681336000011, -44.73716640799995 ], [ 167.565766800000119, -44.737091084999975 ], [ 167.56616220300009, -44.737098060999983 ], [ 167.566306162000046, -44.737028736999946 ], [ 167.566310571000031, -44.737026614999934 ], [ 167.566311343000052, -44.737024892999955 ], [ 167.566350509000017, -44.736937414999943 ], [ 167.566434056000048, -44.736896271999967 ], [ 167.566920229000061, -44.737056344999985 ], [ 167.567181712000092, -44.737142662999986 ], [ 167.567786327000022, -44.736981855999943 ], [ 167.568094392000035, -44.736832364999941 ], [ 167.568316399000082, -44.736724631999948 ], [ 167.568451892000098, -44.736617765999938 ], [ 167.568640036000033, -44.736469369999952 ], [ 167.569288304000111, -44.735608064999951 ], [ 167.569422634000034, -44.735524226999985 ], [ 167.569692049000082, -44.735525235999944 ], [ 167.570077830000059, -44.735621929999979 ], [ 167.571376144000055, -44.736314584999946 ], [ 167.572260928000105, -44.736501582999949 ], [ 167.572672432000104, -44.736621128999957 ], [ 167.572862182000108, -44.736676086999978 ], [ 167.573765669000068, -44.73724724899995 ], [ 167.574134652000112, -44.737422762999984 ], [ 167.574214020000113, -44.737460517999978 ], [ 167.574233731000049, -44.737464454999952 ], [ 167.574509682000098, -44.73751957099995 ], [ 167.575240619000056, -44.737823738999964 ], [ 167.575505202000045, -44.737999449999961 ], [ 167.575569556000119, -44.738042186999962 ], [ 167.575690443000099, -44.73807739199998 ], [ 167.575846759000115, -44.738122911999938 ], [ 167.576630373000057, -44.738023717999965 ], [ 167.576756355000043, -44.738029663999953 ], [ 167.577136083000028, -44.738205410999967 ], [ 167.577483921000066, -44.73846303199997 ], [ 167.577492437000046, -44.738469338999948 ], [ 167.577504788000056, -44.738474943999961 ], [ 167.577658777000124, -44.738544826999942 ], [ 167.578052182000079, -44.738585622999949 ], [ 167.57813753500011, -44.738594474999957 ], [ 167.578298725000082, -44.73859493599997 ], [ 167.579806107000081, -44.738599238999939 ], [ 167.580244969000091, -44.738642484999957 ], [ 167.580725981000114, -44.738913182999966 ], [ 167.581495270000119, -44.73898192799993 ], [ 167.581945347000101, -44.739081610999961 ], [ 167.582352136000054, -44.739484079999954 ], [ 167.582353592000118, -44.739497357999937 ], [ 167.582391195000014, -44.739840352999977 ], [ 167.582403106000015, -44.739840500999946 ], [ 167.58340110000006, -44.739852963999965 ], [ 167.583536308000021, -44.739854651999963 ], [ 167.583578832000057, -44.739850485999966 ], [ 167.584238655000036, -44.739785842999936 ], [ 167.584901174000038, -44.739805341999954 ], [ 167.585174234000078, -44.739930940999955 ], [ 167.585503022000012, -44.740328819999945 ], [ 167.585882703000038, -44.740408463999984 ], [ 167.586262665000049, -44.740488164999931 ], [ 167.586733863000063, -44.740532463999955 ], [ 167.587204766000013, -44.740576734999934 ], [ 167.587684197000044, -44.740701223999963 ], [ 167.587876139000059, -44.740809472999956 ], [ 167.588040144000047, -44.740901966999957 ], [ 167.588347809000084, -44.740957633999983 ], [ 167.588511821000111, -44.740987308999934 ], [ 167.588791669000102, -44.740876030999971 ], [ 167.589197513000045, -44.740579490999949 ], [ 167.5904374590001, -44.739993942999945 ], [ 167.591163236000057, -44.740027202999954 ], [ 167.591701374000081, -44.739668341999959 ], [ 167.592539356000088, -44.739323585999955 ], [ 167.592612535000058, -44.73930215799993 ], [ 167.593401685000117, -44.739071058999968 ], [ 167.594105092000063, -44.73899051799998 ], [ 167.594252182000105, -44.739110167999968 ], [ 167.594396065000069, -44.739830831999939 ], [ 167.594404319000091, -44.739872174999959 ], [ 167.594246198000064, -44.740267863999975 ], [ 167.594266694000112, -44.740280035999945 ], [ 167.594602427000041, -44.740479419999986 ], [ 167.594603220000067, -44.740497643999959 ], [ 167.594623029000104, -44.74095386099998 ], [ 167.594637086000034, -44.740964835999932 ], [ 167.595391268000071, -44.741553648999968 ], [ 167.596070735000012, -44.742361652999932 ], [ 167.596190352000121, -44.742503897999939 ], [ 167.596312159000036, -44.742594362999967 ], [ 167.596367957000098, -44.742635800999949 ], [ 167.59756234300005, -44.742555775999961 ], [ 167.598082275000024, -44.742657030999965 ], [ 167.598246009000036, -44.742688919999978 ], [ 167.598751334000099, -44.742711766999946 ], [ 167.598925964000045, -44.742654422999976 ], [ 167.598962760000063, -44.742642340999964 ], [ 167.599122331000103, -44.742627292999941 ], [ 167.59916045500006, -44.742667418999986 ], [ 167.599324130000014, -44.742839692999951 ], [ 167.599879226000098, -44.743085202999964 ], [ 167.600008567000032, -44.743142406999937 ], [ 167.600437941000109, -44.743466504999958 ], [ 167.600692625000079, -44.743804938999972 ], [ 167.60068664400012, -44.743815443999949 ], [ 167.600588323000011, -44.743988073999958 ], [ 167.600391966000075, -44.744332822999979 ], [ 167.600066934000097, -44.744768475999933 ], [ 167.599919841000087, -44.744898671999977 ], [ 167.599618966000094, -44.745164983999985 ], [ 167.599067622000121, -44.746008456999959 ], [ 167.598815140000056, -44.746357331999945 ], [ 167.598836322000011, -44.746374556999967 ], [ 167.598849457000028, -44.746385239999938 ], [ 167.598932834000038, -44.746453046999932 ], [ 167.599890124000012, -44.746465624999985 ], [ 167.600291614000071, -44.746470897999984 ], [ 167.600420540000073, -44.74662305499993 ], [ 167.600506992000078, -44.747183608999933 ], [ 167.600509926000086, -44.747202632999972 ], [ 167.600315300000034, -44.747610142999974 ], [ 167.600364762000027, -44.74775946799997 ], [ 167.6003801600001, -44.747767874999965 ], [ 167.600404923000042, -44.747781397999972 ], [ 167.600455114000056, -44.747808805999966 ], [ 167.600654564000024, -44.747742530999972 ], [ 167.600814174000107, -44.747689493999985 ], [ 167.60117476500011, -44.747909347999951 ], [ 167.601556938000044, -44.747882207999965 ], [ 167.60158961400009, -44.747933234999948 ], [ 167.601750458000083, -44.748184398999967 ], [ 167.601923426000099, -44.748304984999947 ], [ 167.601958513000113, -44.748329446999946 ], [ 167.602363154000045, -44.748415186999978 ], [ 167.602808697000114, -44.748729209999965 ], [ 167.602956589000087, -44.749086973999965 ], [ 167.603446963000124, -44.74936792699998 ], [ 167.603619457000036, -44.749555492999946 ], [ 167.603611391000072, -44.749568709999949 ], [ 167.603471790000071, -44.749797469999976 ], [ 167.603485532000036, -44.749818966999953 ], [ 167.604303257000083, -44.751098185999979 ], [ 167.60431608600004, -44.751160654999978 ], [ 167.60436871200011, -44.751416905999974 ], [ 167.604644110000095, -44.751686646999985 ], [ 167.604658845000017, -44.75170107699995 ], [ 167.604656723000062, -44.751706869999964 ], [ 167.604640453000115, -44.751751258999946 ], [ 167.604618225000081, -44.751811901999986 ], [ 167.604453940000099, -44.751903382999956 ], [ 167.604318003000117, -44.751979080999945 ], [ 167.604326677000017, -44.752227494999943 ], [ 167.603995029000089, -44.752392293999947 ], [ 167.603912462000039, -44.753093661999969 ], [ 167.603925469000046, -44.75310110199996 ], [ 167.604200959000082, -44.753258713999969 ], [ 167.605064898000023, -44.753332634999936 ], [ 167.605975022000052, -44.753509955999959 ], [ 167.606278331000112, -44.753569049999953 ], [ 167.607500887000015, -44.753704528999947 ], [ 167.609411682000086, -44.75391624599996 ], [ 167.609740050000028, -44.75396501299997 ], [ 167.610131916000114, -44.754422584999929 ], [ 167.610699809000039, -44.754550217999963 ], [ 167.611099429000092, -44.75501987399997 ], [ 167.611104984000121, -44.755040114999986 ], [ 167.611109814000088, -44.755057716999943 ], [ 167.611159090000115, -44.755237308999938 ], [ 167.611115552000115, -44.756599752999932 ], [ 167.61105292600007, -44.756848268999931 ], [ 167.611039634000122, -44.756901016999961 ], [ 167.61064663500008, -44.757401149999964 ], [ 167.610103042000105, -44.758503867999934 ], [ 167.610043765000114, -44.758816732999946 ], [ 167.61020872500012, -44.759264565999956 ], [ 167.610210292000033, -44.759265629999959 ], [ 167.610670863000109, -44.759578427999941 ], [ 167.612010903000055, -44.760158898999975 ], [ 167.612341996000055, -44.760343061999947 ], [ 167.612895059000039, -44.761057082999969 ], [ 167.613205242000049, -44.761646089999942 ], [ 167.613212469000018, -44.761666808999962 ], [ 167.613690705000067, -44.763037829999973 ], [ 167.613693127000033, -44.76303980299997 ], [ 167.613980945000094, -44.763274600999978 ], [ 167.614006201000052, -44.763295204999963 ], [ 167.614011731000119, -44.763297812999951 ], [ 167.614430773000095, -44.76349546299997 ], [ 167.61469313900011, -44.763793635999946 ], [ 167.614697479000029, -44.763814834999948 ], [ 167.614876367000079, -44.764688725999974 ], [ 167.614883607000024, -44.764697180999974 ], [ 167.614922954000122, -44.764743131999978 ], [ 167.6150774890001, -44.764923605999968 ], [ 167.615225298000041, -44.764995461999945 ], [ 167.615265517000012, -44.765014707999967 ], [ 167.615398667000022, -44.765078432999985 ], [ 167.615550625000083, -44.765173929999946 ], [ 167.615652910000108, -44.765321822999965 ], [ 167.61566343100003, -44.765337035999949 ], [ 167.615704316000119, -44.765374122999958 ], [ 167.616248179000081, -44.765859527999964 ], [ 167.616467343000068, -44.76596746499996 ], [ 167.616703480000069, -44.766083760999948 ], [ 167.616964307000103, -44.766343977999952 ], [ 167.616965279000055, -44.766362194999942 ], [ 167.616967443000021, -44.766402745999983 ], [ 167.616968512000085, -44.76642278199995 ], [ 167.616976369000099, -44.76657000299997 ], [ 167.616897037000058, -44.766992060999939 ], [ 167.616854542000056, -44.767218130999936 ], [ 167.616865923000091, -44.767239853999968 ], [ 167.617096735000018, -44.767680388999963 ], [ 167.617325711000035, -44.768300417999967 ], [ 167.617340279000018, -44.768841632999965 ], [ 167.61700028600012, -44.769796092999968 ], [ 167.616966336000019, -44.770177783999941 ], [ 167.616823343000078, -44.770712190999973 ], [ 167.616834423000114, -44.770737395999959 ], [ 167.617531789000054, -44.772323571999948 ], [ 167.617576031000112, -44.772697370999936 ], [ 167.617581592000079, -44.772744355999976 ], [ 167.617594041000075, -44.77274493799996 ], [ 167.617628235000097, -44.772746538999968 ], [ 167.61767781900005, -44.772966206999968 ], [ 167.617679464000048, -44.772973494999974 ], [ 167.617681319000098, -44.772975450999979 ], [ 167.618556377000118, -44.773898337999981 ], [ 167.618712497000047, -44.773947096999962 ], [ 167.618726208000112, -44.773951379999971 ], [ 167.618745237000098, -44.773952268999949 ], [ 167.618961951000074, -44.773962410999957 ], [ 167.619358866000084, -44.77377716999996 ], [ 167.61950274600008, -44.773411443999976 ], [ 167.619776830000092, -44.773006718999966 ], [ 167.619934410000042, -44.773014092999972 ], [ 167.620766991000096, -44.773637433999966 ], [ 167.621198610000079, -44.774119364999933 ], [ 167.621505957000068, -44.774191457999962 ], [ 167.621713626000087, -44.77428198299998 ], [ 167.622085343000094, -44.774444016999951 ], [ 167.622427948000109, -44.774475790999929 ], [ 167.622556111000108, -44.774487675999978 ], [ 167.622752249000087, -44.774598756999978 ], [ 167.622992882000062, -44.774913925999954 ], [ 167.622994582000047, -44.774930860999973 ], [ 167.622998078000023, -44.774965731999941 ], [ 167.623025875000053, -44.775242833999982 ], [ 167.622880691000091, -44.775980058999949 ], [ 167.622458679000033, -44.777474017999964 ], [ 167.622390153000083, -44.777716597999984 ], [ 167.622418819000018, -44.779150050999931 ], [ 167.622429313000112, -44.77915857399995 ], [ 167.622460609000086, -44.779183996999961 ], [ 167.622507169000073, -44.779221818999986 ], [ 167.622648167000079, -44.779234115999941 ], [ 167.622774722000031, -44.77924515199993 ], [ 167.623482636000062, -44.779120429999978 ], [ 167.624082827000052, -44.778955497999959 ], [ 167.624271944000043, -44.77896433899997 ], [ 167.624391007000099, -44.779060087999937 ], [ 167.62466689900009, -44.779501353999933 ], [ 167.624736821000056, -44.779786895999962 ], [ 167.624735327000053, -44.779790851999962 ], [ 167.624569369000028, -44.780229985999938 ], [ 167.624559701000067, -44.780692174999956 ], [ 167.624465712000074, -44.780750866999938 ], [ 167.624358165000103, -44.780818027999942 ], [ 167.624100326000075, -44.78086613399995 ], [ 167.623875014000077, -44.780908171999954 ], [ 167.623515306000058, -44.780689344999985 ], [ 167.623011788000099, -44.780643257999941 ], [ 167.622636069000123, -44.780920376999973 ], [ 167.62243573000012, -44.781068138999956 ], [ 167.622332033000021, -44.781118177999986 ], [ 167.622137558000077, -44.781212017999962 ], [ 167.621548579000091, -44.781241287999933 ], [ 167.621337040000071, -44.781310756999972 ], [ 167.620950980000089, -44.781721070999936 ], [ 167.620781779000026, -44.782017976999953 ], [ 167.620658059000107, -44.78250819799996 ], [ 167.620662413000105, -44.782982767999954 ], [ 167.620749603000036, -44.783245671999964 ], [ 167.620758875000092, -44.783257929999934 ], [ 167.621174005000057, -44.783806622999975 ], [ 167.62125177900009, -44.783846843999982 ], [ 167.621340803000066, -44.783892884999943 ], [ 167.621493389000079, -44.78391354799993 ], [ 167.621505832000025, -44.783915934999982 ], [ 167.621668077000095, -44.783938312999965 ], [ 167.621950981000055, -44.783977333999985 ], [ 167.622272889000101, -44.784262936999937 ], [ 167.622554520000108, -44.784298651999961 ], [ 167.622947837000083, -44.784496506999972 ], [ 167.623543887000096, -44.784569464999947 ], [ 167.623683965000055, -44.784657177999975 ], [ 167.623741424000059, -44.784693232999985 ], [ 167.623864649000097, -44.784634060999963 ], [ 167.624077839000051, -44.784530272999973 ], [ 167.624086061000071, -44.784526270999947 ], [ 167.624064884000063, -44.784412551999935 ], [ 167.623846470000103, -44.784267968999984 ], [ 167.623844721000069, -44.784266636999973 ], [ 167.623735415000056, -44.784195138999962 ], [ 167.6237121690001, -44.784103869999967 ], [ 167.623874460000025, -44.78403299699994 ], [ 167.624041958000021, -44.783960562999937 ], [ 167.624168047000012, -44.783966456999963 ], [ 167.624210296000115, -44.783892431999959 ], [ 167.624412696000036, -44.78353779899993 ], [ 167.624369551000086, -44.783387875999949 ], [ 167.624304312000049, -44.783161177999943 ], [ 167.624434536000081, -44.783122171999935 ], [ 167.624617724000018, -44.783264206999945 ], [ 167.624618903000055, -44.783265163999943 ], [ 167.624637452000115, -44.783279548999985 ], [ 167.62514482600011, -44.783673022999949 ], [ 167.62526613700004, -44.783710894999956 ], [ 167.625314691000085, -44.783726052999953 ], [ 167.625543016000051, -44.783763172999954 ], [ 167.625703950000116, -44.783789335999984 ], [ 167.626181141000075, -44.783797095999944 ], [ 167.626858366000079, -44.783808104999935 ], [ 167.627502291000042, -44.783691187999978 ], [ 167.628754233000109, -44.783173396999985 ], [ 167.62885167200011, -44.783132855999952 ], [ 167.628862724000101, -44.782841875999964 ], [ 167.628863227000124, -44.782828576999975 ], [ 167.628800268000077, -44.782769722999944 ], [ 167.62878033100003, -44.782751187999963 ], [ 167.6285704820001, -44.78255607899996 ], [ 167.628303910000113, -44.782226786999956 ], [ 167.628212623000081, -44.782114019999938 ], [ 167.628200973000048, -44.782099628999958 ], [ 167.628151140000114, -44.781939480999938 ], [ 167.628218317000119, -44.781897526999956 ], [ 167.628598722000106, -44.78189184699994 ], [ 167.628900725000108, -44.782063772999948 ], [ 167.629153041000109, -44.781895190999933 ], [ 167.629299650000121, -44.781856944999959 ], [ 167.62963279500002, -44.78191038999995 ], [ 167.630282949000048, -44.782014688999936 ], [ 167.630733367000062, -44.782005310999978 ], [ 167.630964243000108, -44.782000502999949 ], [ 167.63126912600012, -44.782127464999974 ], [ 167.631649093000078, -44.782484288999967 ], [ 167.631908945000077, -44.782729089999975 ], [ 167.631693594000012, -44.781120096999985 ], [ 167.631760195000084, -44.780543380999973 ], [ 167.631762169000012, -44.780526288999965 ], [ 167.631644349000112, -44.780430606999971 ], [ 167.631546845000116, -44.780397405999963 ], [ 167.631490880000115, -44.780378349999978 ], [ 167.631340502000057, -44.78025622399997 ], [ 167.631196336000016, -44.780139142999985 ], [ 167.630994800000053, -44.779769904999966 ], [ 167.630947869000124, -44.779682650999973 ], [ 167.630938578000041, -44.779665372999943 ], [ 167.630808256000023, -44.77882509799997 ], [ 167.630954437000014, -44.777388094999935 ], [ 167.631206010000028, -44.77686956499997 ], [ 167.631984994000049, -44.77595810899993 ], [ 167.631950851000056, -44.775517325999942 ], [ 167.632157451000012, -44.774579149999965 ], [ 167.63229299000011, -44.774303204999967 ], [ 167.63242346200002, -44.774251720999985 ], [ 167.632752817000096, -44.774121756999932 ], [ 167.633107922000022, -44.773810210999955 ], [ 167.633248625000078, -44.773686768999937 ], [ 167.633488003000025, -44.773034033999977 ], [ 167.633488595000017, -44.773032420999982 ], [ 167.633469468000044, -44.772896254999978 ], [ 167.633383178000031, -44.772802044999935 ], [ 167.632259105000117, -44.772277020999979 ], [ 167.631967384000063, -44.771938743999954 ], [ 167.631915149000065, -44.771878114999936 ], [ 167.631911319000096, -44.771867783999937 ], [ 167.631587227000068, -44.770938004999948 ], [ 167.631349034000095, -44.770430878999946 ], [ 167.629970603000061, -44.769217581999953 ], [ 167.62945632900005, -44.768945558999974 ], [ 167.628876076000097, -44.768716445999985 ], [ 167.627729311000053, -44.767763668999976 ], [ 167.627727109000034, -44.767761838999945 ], [ 167.627615524000021, -44.767598805999967 ], [ 167.627418964000071, -44.766891603999966 ], [ 167.627399663000119, -44.766822162999972 ], [ 167.627468381000085, -44.766419550999956 ], [ 167.627508161000037, -44.766331225999977 ], [ 167.627852950000033, -44.765947981999943 ], [ 167.627859350000108, -44.765940501999978 ], [ 167.627862374000074, -44.765907664999929 ], [ 167.627863447000095, -44.765896009999949 ], [ 167.627365691000023, -44.76528172999997 ], [ 167.627350772000113, -44.765263318999985 ], [ 167.627369374000068, -44.765061276999973 ], [ 167.627726637000023, -44.76460450899998 ], [ 167.627760164000051, -44.764530067999942 ], [ 167.6277664160001, -44.76451618599998 ], [ 167.627711659000056, -44.764423443999931 ], [ 167.626608473000033, -44.763673873999949 ], [ 167.626312776000077, -44.763434595999968 ], [ 167.626092438000114, -44.763188017999937 ], [ 167.626013404000105, -44.763152758999979 ], [ 167.625991543000055, -44.763142718999973 ], [ 167.625790964000089, -44.763076118999948 ], [ 167.625776592000079, -44.763071345999947 ], [ 167.625791870000057, -44.762891693999961 ], [ 167.625835785000049, -44.762758472999963 ], [ 167.625851295000075, -44.762729473999968 ], [ 167.625988704000065, -44.762472524999964 ], [ 167.625994907000063, -44.762405177999938 ], [ 167.625931627000114, -44.762267888999929 ], [ 167.625835596000115, -44.762059543999953 ], [ 167.625841798000124, -44.761992195999937 ], [ 167.626026224000043, -44.761707721999983 ], [ 167.626036463000105, -44.761583913999971 ], [ 167.626037369000073, -44.761572968999985 ], [ 167.625455034000083, -44.760666461999961 ], [ 167.6250813690001, -44.760243167999931 ], [ 167.624906789000079, -44.760077184999943 ], [ 167.624493268000037, -44.759743111999967 ], [ 167.624314556000058, -44.759622025999931 ], [ 167.623711265000111, -44.759300717999963 ], [ 167.623459921000062, -44.759267319999935 ], [ 167.623398917000031, -44.759241877999955 ], [ 167.62331065300009, -44.759170153999946 ], [ 167.62330686100006, -44.759016623999969 ], [ 167.623303964000115, -44.758899291999967 ], [ 167.623192409000012, -44.758736254999974 ], [ 167.623132269000052, -44.758688349999943 ], [ 167.62248045900003, -44.758206944999984 ], [ 167.622166042000117, -44.75747077099993 ], [ 167.621844104000047, -44.756976560999931 ], [ 167.621833382000091, -44.756960099999958 ], [ 167.621810150000101, -44.756868830999963 ], [ 167.621835867000073, -44.756576035999956 ], [ 167.622024433000092, -44.756246669999939 ], [ 167.622192310000059, -44.756141794999962 ], [ 167.622999488000119, -44.755953191999936 ], [ 167.623023830000079, -44.755937983999956 ], [ 167.623033061000115, -44.755932217999941 ], [ 167.623035906000041, -44.755901351999967 ], [ 167.623041848000071, -44.755836858999942 ], [ 167.6230434040001, -44.755819971999983 ], [ 167.622759362000124, -44.75546849899996 ], [ 167.622011732000033, -44.754983508999942 ], [ 167.621584815000119, -44.754683581999984 ], [ 167.621564773000046, -44.754669501999956 ], [ 167.621568911000054, -44.754624602999968 ], [ 167.621778634000066, -44.754408956999953 ], [ 167.621779881000066, -44.754395421999959 ], [ 167.621780702000024, -44.754386507999982 ], [ 167.621763053000109, -44.754369724999947 ], [ 167.621606149000058, -44.754220520999979 ], [ 167.62161316300012, -44.754130664999934 ], [ 167.622146349000104, -44.753421361999983 ], [ 167.622154096000031, -44.753411058999973 ], [ 167.622154902000034, -44.753388550999944 ], [ 167.621980637000092, -44.753246926999964 ], [ 167.62181381500011, -44.753111348999937 ], [ 167.621801663000042, -44.753101473999948 ], [ 167.621776363000095, -44.753032651999945 ], [ 167.621827867000093, -44.752799657999958 ], [ 167.62183062400004, -44.752787186999967 ], [ 167.621804065000106, -44.752718306999952 ], [ 167.621648757000116, -44.752592086999982 ], [ 167.621627448000027, -44.752574768999978 ], [ 167.621629516000098, -44.75255231899996 ], [ 167.622170485000083, -44.752109828999949 ], [ 167.622177033000071, -44.752104473999964 ], [ 167.62217909900005, -44.752082024999936 ], [ 167.622056340000086, -44.751944613999967 ], [ 167.621962330000088, -44.75183874399994 ], [ 167.62194855700011, -44.751823233999971 ], [ 167.6220038350001, -44.751694568999937 ], [ 167.62214834100007, -44.75135821799995 ], [ 167.622170783000115, -44.751114646999952 ], [ 167.622177714000031, -44.751039408999929 ], [ 167.622179366000069, -44.751021480999952 ], [ 167.621732354000073, -44.750708372999952 ], [ 167.621302137000043, -44.750031767999985 ], [ 167.621289096000055, -44.750011255999937 ], [ 167.621359905000077, -44.749586198999964 ], [ 167.621535456000061, -44.749390485999982 ], [ 167.621544676000099, -44.749380207999934 ], [ 167.621466390000023, -44.749333732999958 ], [ 167.62123629700011, -44.749197133999985 ], [ 167.621120095000038, -44.749057322999931 ], [ 167.621084677000113, -44.749020070999961 ], [ 167.62100703100009, -44.748938401999965 ], [ 167.620944026000075, -44.748935453999934 ], [ 167.620774598000025, -44.749017249999952 ], [ 167.620646017000013, -44.749079327999937 ], [ 167.620561446000124, -44.749063103999958 ], [ 167.620490571000119, -44.749049506999938 ], [ 167.620421845000124, -44.749011997999958 ], [ 167.620400200000063, -44.749000184999943 ], [ 167.620329906000052, -44.748937735999959 ], [ 167.620126826000046, -44.748757318999935 ], [ 167.620106590000091, -44.748739339999986 ], [ 167.620347882000033, -44.74852427299993 ], [ 167.620351342000049, -44.748486742999944 ], [ 167.620366504000117, -44.748322232999953 ], [ 167.620312584000089, -44.748206979999964 ], [ 167.620180613000116, -44.74814218399996 ], [ 167.620024841000031, -44.748239505999948 ], [ 167.619921248000082, -44.748347385999978 ], [ 167.619810245000053, -44.748541288999945 ], [ 167.619732696000028, -44.74867674799998 ], [ 167.619664573000023, -44.748719308999966 ], [ 167.619598409000105, -44.748760645999937 ], [ 167.619314800000097, -44.748748271999943 ], [ 167.619302385000083, -44.74888296599994 ], [ 167.619502680000096, -44.749253932999977 ], [ 167.619763972000101, -44.749737867999954 ], [ 167.619747575000019, -44.749915748999967 ], [ 167.619747417000099, -44.749917460999939 ], [ 167.619401259000028, -44.750240346999931 ], [ 167.618752480000012, -44.750413789999982 ], [ 167.618679730000053, -44.750403820999964 ], [ 167.618502521000096, -44.750379540999973 ], [ 167.618288205000113, -44.750301868999941 ], [ 167.617741761000048, -44.75005172699997 ], [ 167.617525668000098, -44.749898788999985 ], [ 167.617502964000096, -44.749882722999985 ], [ 167.617157034000115, -44.749716348999982 ], [ 167.617139418000079, -44.749707875999945 ], [ 167.617185102000121, -44.749643872999968 ], [ 167.617357421000065, -44.749402443999941 ], [ 167.617395944000123, -44.749314063999975 ], [ 167.617520160000026, -44.748778647999984 ], [ 167.617549951000115, -44.748650227999974 ], [ 167.617551381000112, -44.748644063999961 ], [ 167.617387209000071, -44.748365824999951 ], [ 167.617101534000085, -44.748375893999935 ], [ 167.61679923500003, -44.748456429999976 ], [ 167.61656227900005, -44.748528300999965 ], [ 167.616188832000034, -44.748803904999932 ], [ 167.615999165000062, -44.749193469999966 ], [ 167.615995223000027, -44.749201564999964 ], [ 167.615972357000032, -44.749223308999944 ], [ 167.615735808000068, -44.749448241999971 ], [ 167.615562502000103, -44.749517196999932 ], [ 167.615455972000063, -44.749559584999986 ], [ 167.615328662000024, -44.749571132999961 ], [ 167.615121594000016, -44.749589914999945 ], [ 167.614180381000097, -44.749489901999937 ], [ 167.613571222000019, -44.74955388199993 ], [ 167.613509457000077, -44.749560368999937 ], [ 167.613445805000083, -44.749548855999933 ], [ 167.613260499000035, -44.749515334999955 ], [ 167.610871941000028, -44.74880725099996 ], [ 167.61077530700004, -44.748746918999984 ], [ 167.610483056000021, -44.748564456999929 ], [ 167.610332001000074, -44.748387975999947 ], [ 167.610287489000029, -44.748335969999971 ], [ 167.610282010000105, -44.748329569999953 ], [ 167.610140290000118, -44.747973008999963 ], [ 167.610118278000073, -44.747690602999967 ], [ 167.610191323000095, -44.747242205999953 ], [ 167.610247319000109, -44.747036578999939 ], [ 167.61035791300003, -44.746630454999945 ], [ 167.610447988000033, -44.74588315699998 ], [ 167.610482326000124, -44.74559826899997 ], [ 167.610643363000122, -44.745402905999981 ], [ 167.61101773300004, -44.745126690999939 ], [ 167.611219147000043, -44.744978083999968 ], [ 167.611297971000113, -44.744860656999947 ], [ 167.611361644000112, -44.744765800999971 ], [ 167.611365873000068, -44.744759502999955 ], [ 167.611343740000052, -44.744656556999985 ], [ 167.61112619700009, -44.744442030999949 ], [ 167.610936628000104, -44.744255086999942 ], [ 167.610871278000104, -44.744091475999937 ], [ 167.610808144000089, -44.743933419999962 ], [ 167.610661821000122, -44.743791281999961 ], [ 167.610536208000099, -44.74373555699998 ], [ 167.61043449500005, -44.743690435999952 ], [ 167.610409382000057, -44.743658808999953 ], [ 167.610270120000109, -44.743483420999951 ], [ 167.609951433000106, -44.743261953999934 ], [ 167.609572816000082, -44.743152554999938 ], [ 167.609303115000102, -44.743074625999952 ], [ 167.608930471000122, -44.742820863999953 ], [ 167.608807830000046, -44.742689604999953 ], [ 167.608742763000123, -44.742619966999939 ], [ 167.608442286000013, -44.742448047999972 ], [ 167.60804991200007, -44.742407994999951 ], [ 167.607761664000122, -44.742410915999983 ], [ 167.607654733000118, -44.742412 ], [ 167.606722992000073, -44.742314961999966 ], [ 167.604912401000092, -44.742126373999952 ], [ 167.604315571000029, -44.742066788999978 ], [ 167.603960893000021, -44.741968261999943 ], [ 167.603729550000025, -44.741903995999962 ], [ 167.603615687000115, -44.741849885999954 ], [ 167.603441058000044, -44.74176689799998 ], [ 167.603351627000052, -44.74164576499993 ], [ 167.603130677000081, -44.741346490999945 ], [ 167.603060784000036, -44.741215576999934 ], [ 167.602779054000052, -44.740687864999984 ], [ 167.602520482000045, -44.74040516599996 ], [ 167.601453500000048, -44.739546091999955 ], [ 167.601296967000053, -44.73940526399997 ], [ 167.600444371000094, -44.73904685499997 ], [ 167.600264653000067, -44.73893404599994 ], [ 167.600220737000086, -44.738906479999969 ], [ 167.599948175000122, -44.738720516999933 ], [ 167.599891251000031, -44.73865995999995 ], [ 167.599547290000032, -44.738294044999975 ], [ 167.599258006000014, -44.738179442999979 ], [ 167.598631970000042, -44.738094104999959 ], [ 167.597425634000047, -44.738140208999937 ], [ 167.596259676000045, -44.73825583799993 ], [ 167.595898346000013, -44.738058476999981 ], [ 167.595603656000094, -44.737988702999985 ], [ 167.593902778000029, -44.737909600999956 ], [ 167.593658609000045, -44.737977476999959 ], [ 167.593502696000087, -44.738308335999932 ], [ 167.593357174000062, -44.738335759999984 ], [ 167.592234442000063, -44.73833974799993 ], [ 167.591858671000068, -44.738302569999973 ], [ 167.591591217000087, -44.73827610799998 ], [ 167.590977017000114, -44.738158695999971 ], [ 167.590114155000037, -44.737993743999937 ], [ 167.589270290000059, -44.737528337999947 ], [ 167.5887085170001, -44.737432442999932 ], [ 167.588611045000107, -44.737473846999933 ], [ 167.588572857000031, -44.737708334999979 ], [ 167.588705094000034, -44.738165488999982 ], [ 167.588683691000028, -44.738228323999977 ], [ 167.588663370000063, -44.738287978999949 ], [ 167.588531498000066, -44.738380620999976 ], [ 167.588392670000076, -44.738478149999935 ], [ 167.588119076000112, -44.738522081999974 ], [ 167.587754336000103, -44.738539173999982 ], [ 167.587373490000118, -44.738375135999945 ], [ 167.587105634000068, -44.738382240999954 ], [ 167.586981532000095, -44.738385530999949 ], [ 167.586617533000094, -44.738348680999934 ], [ 167.585831999000106, -44.738269148999962 ], [ 167.585410962000083, -44.738059132999979 ], [ 167.585408713000106, -44.738058010999964 ], [ 167.585136942000076, -44.737741278999977 ], [ 167.58500790100004, -44.73725 ], [ 167.58493658000009, -44.736148029999981 ], [ 167.584928861000094, -44.736028767999983 ], [ 167.584964826000032, -44.735286430999963 ], [ 167.584848685000111, -44.734787658999949 ], [ 167.584824848000039, -44.73468528099994 ], [ 167.584808062000093, -44.734613197999977 ], [ 167.5848055780001, -44.734602532999929 ], [ 167.584649475000106, -44.734403080999982 ], [ 167.584387571000093, -44.734334822999983 ], [ 167.583780059000105, -44.734227725999972 ], [ 167.583688258000052, -44.73418634899997 ], [ 167.58361246100003, -44.73415218599996 ], [ 167.583377055000028, -44.733988140999941 ], [ 167.583091937000063, -44.733789452999986 ], [ 167.583083287000022, -44.733776423999984 ], [ 167.58281441500003, -44.733371432999945 ], [ 167.582726395000122, -44.733177763999947 ], [ 167.582506561000059, -44.732694053999978 ], [ 167.582255497000119, -44.732386405999932 ], [ 167.581654552000032, -44.732031596999946 ], [ 167.581014788000061, -44.731754315999979 ], [ 167.580786003000071, -44.731548837999981 ], [ 167.580617514000096, -44.731397512999933 ], [ 167.580590862000122, -44.731373575999953 ], [ 167.580646066000099, -44.73129681599994 ], [ 167.581000107000023, -44.731305989999953 ], [ 167.581197631000123, -44.731311106999954 ], [ 167.581264064000038, -44.73124284499994 ], [ 167.581302519000019, -44.731203327999935 ], [ 167.581249960000036, -44.731088110999963 ], [ 167.580637298000056, -44.73002582099997 ], [ 167.580622245000086, -44.729999719999967 ], [ 167.580619022000064, -44.729847910999979 ], [ 167.580614, -44.729611532999968 ], [ 167.580522011000085, -44.728903619999983 ], [ 167.580462719000025, -44.728447310999968 ], [ 167.580190318000064, -44.727960984999982 ], [ 167.580109260000086, -44.72773334599998 ], [ 167.579816018000088, -44.726909796999962 ], [ 167.579507648000117, -44.726524367999957 ], [ 167.579428341000039, -44.726425243999984 ], [ 167.579203844000062, -44.725920238999947 ], [ 167.579192876000093, -44.725895563999984 ], [ 167.578968500000087, -44.725750599999969 ], [ 167.578074385000036, -44.725325116999954 ], [ 167.576977674000091, -44.725037966999935 ], [ 167.575842053000088, -44.724815707999937 ], [ 167.575282241000082, -44.724523224999984 ], [ 167.574555863000114, -44.723831465999979 ], [ 167.573444804000019, -44.723181954999973 ], [ 167.573415144000023, -44.723148613999967 ], [ 167.57294314000012, -44.722618039999929 ], [ 167.572556895000048, -44.721997338999984 ], [ 167.572548177000044, -44.721983327999965 ], [ 167.572532616000103, -44.721958321999978 ], [ 167.572600921000117, -44.721500320999951 ], [ 167.572603135000122, -44.721485469999948 ], [ 167.572265454000103, -44.721198955999967 ], [ 167.571978142000034, -44.721051001999967 ], [ 167.57132528000011, -44.720929965999972 ], [ 167.570419037000079, -44.720989946999964 ], [ 167.56985587500003, -44.721087785999941 ], [ 167.5693333050001, -44.721266002999982 ], [ 167.568951210000023, -44.721293933999959 ], [ 167.568180170000119, -44.721246656999938 ], [ 167.56755527700011, -44.721314507999978 ], [ 167.56730101900007, -44.72134179699998 ], [ 167.566791180000109, -44.721396514999981 ], [ 167.566562499000042, -44.721359305999954 ], [ 167.566416097000115, -44.72133548499994 ], [ 167.566350646000046, -44.721307815999978 ], [ 167.566050965000045, -44.721181127999955 ], [ 167.56592299700003, -44.721018320999974 ], [ 167.56591163500002, -44.721003865999933 ], [ 167.565894880000087, -44.720982548999984 ], [ 167.565981305000037, -44.720665571999973 ], [ 167.56605831100012, -44.720383289999972 ], [ 167.566061946000104, -44.720369966999954 ], [ 167.565930077000075, -44.720250995999947 ], [ 167.565394678000075, -44.719887465999932 ], [ 167.5652290700001, -44.719791246999932 ], [ 167.564703192000025, -44.719488590999958 ], [ 167.56345477800005, -44.718767538999941 ], [ 167.563392384000053, -44.71873121699997 ], [ 167.563110507000033, -44.718647529999942 ], [ 167.56264155000008, -44.718508088999954 ], [ 167.561281422000093, -44.718212817999984 ], [ 167.561120297000116, -44.71817723099997 ], [ 167.560858667000048, -44.718120650999936 ], [ 167.560613903000103, -44.717877017999967 ], [ 167.560597053000038, -44.717860246999976 ], [ 167.56077743000003, -44.716752270999962 ], [ 167.560607233000042, -44.716203087999929 ], [ 167.560628725000015, -44.715958796999985 ], [ 167.560631067000031, -44.715933655999947 ], [ 167.560808746000021, -44.715547048999952 ], [ 167.560943042000076, -44.715463221999983 ], [ 167.561389598000119, -44.715258899999981 ], [ 167.561758806000057, -44.715155821999986 ], [ 167.562151893000078, -44.715046074999975 ], [ 167.562289201000112, -44.714918431999934 ], [ 167.562359602000015, -44.714852986999972 ], [ 167.562486193000041, -44.714159127999949 ], [ 167.56289533100005, -44.713840294999954 ], [ 167.562979243000086, -44.713088499999969 ], [ 167.563146448000111, -44.71281412999997 ], [ 167.563757779000071, -44.712007934999974 ], [ 167.563840785000025, -44.711958652999954 ], [ 167.564124348000064, -44.71179146299994 ], [ 167.564962215000037, -44.711297443999968 ], [ 167.565159748000042, -44.711074159999953 ], [ 167.565246322000121, -44.710976294999966 ], [ 167.565256197000053, -44.710896190999961 ], [ 167.565297939000061, -44.710557564999931 ], [ 167.565227802000095, -44.710344229999976 ], [ 167.565213060000019, -44.710299391999968 ], [ 167.565211196000064, -44.71029372199996 ], [ 167.565195985000059, -44.710272201999942 ], [ 167.564651289000039, -44.709501538999973 ], [ 167.5645828050001, -44.709301117999985 ], [ 167.564576739000017, -44.709283367999944 ], [ 167.564286761000062, -44.708988259999956 ], [ 167.56396630200004, -44.708871181999939 ], [ 167.563524636000011, -44.708812360999957 ], [ 167.563325447000011, -44.708785832999979 ], [ 167.563279314000056, -44.708748256999968 ], [ 167.563261782000041, -44.708733976999952 ], [ 167.563237279000077, -44.708714018999956 ], [ 167.563712509000084, -44.708364041999971 ], [ 167.564028076000113, -44.708017327999983 ], [ 167.564909026000123, -44.707370896999976 ], [ 167.56490774100007, -44.706705254999974 ], [ 167.564975217000097, -44.706482981999955 ], [ 167.565174957000067, -44.706198425999958 ], [ 167.56593698000006, -44.705674423999938 ], [ 167.566135646000021, -44.705020727999965 ], [ 167.566137470000058, -44.705014724999955 ], [ 167.565966145000061, -44.704803697999978 ], [ 167.565765426000098, -44.704743262999955 ], [ 167.565166541000053, -44.70456293899997 ], [ 167.56501249400003, -44.70443746199993 ], [ 167.564963424000098, -44.704397493999977 ], [ 167.564960825000071, -44.704395376999969 ], [ 167.564816419000067, -44.704112570999939 ], [ 167.564642027000104, -44.703771527999947 ], [ 167.564490522000028, -44.703474877999952 ], [ 167.564477296000064, -44.703448979999962 ], [ 167.563840357000117, -44.703024858999981 ], [ 167.563821166000025, -44.70301208099994 ], [ 167.563871446000121, -44.70281154099996 ], [ 167.564251192000029, -44.70246786499996 ], [ 167.564394519000075, -44.702156465999963 ], [ 167.564428721000013, -44.702082152999935 ], [ 167.564458856000101, -44.701985863999937 ], [ 167.56458530000009, -44.701581810999983 ], [ 167.564599144000113, -44.70156893799998 ], [ 167.564757299000121, -44.70143212399995 ], [ 167.565380404000052, -44.701164566999978 ], [ 167.565425109000103, -44.701145370999939 ], [ 167.565563403000056, -44.701086079999982 ], [ 167.565711411000052, -44.700975723999932 ], [ 167.565919409000117, -44.700820639999961 ], [ 167.566030009000087, -44.700713548999943 ], [ 167.56619735400011, -44.700551508999979 ], [ 167.566307148000078, -44.700320802999954 ], [ 167.566412687000025, -44.700099038999952 ], [ 167.567190978000099, -44.699018447999947 ], [ 167.567543040000032, -44.698618440999951 ], [ 167.568297168000072, -44.697987632999968 ], [ 167.568294885000114, -44.697957051999936 ], [ 167.568268451000108, -44.697602979999942 ], [ 167.568155705000095, -44.697470186999965 ], [ 167.568069014000116, -44.697368078999943 ], [ 167.568081538000115, -44.697233390999941 ], [ 167.568770356000073, -44.696611213999972 ], [ 167.568855315000064, -44.696431125999936 ], [ 167.569025475000103, -44.696070434999967 ], [ 167.569129345000079, -44.695624313999986 ], [ 167.569181247000074, -44.695401398999934 ], [ 167.569261157000028, -44.694528325999954 ], [ 167.569261464000078, -44.694524968999986 ], [ 167.569073801000059, -44.693986695999968 ], [ 167.568808086000104, -44.693771208999976 ], [ 167.568087675000015, -44.69352338799996 ], [ 167.567605681000032, -44.693444669999963 ], [ 167.566797284000017, -44.693463239999971 ], [ 167.566342544000122, -44.693533520999949 ], [ 167.565899310000077, -44.693602021999936 ], [ 167.565318653000077, -44.693582421999963 ], [ 167.564969517000122, -44.693570637999983 ], [ 167.564790737000067, -44.693449445999931 ], [ 167.56472296000004, -44.693321778999973 ], [ 167.564728019000086, -44.693105676999949 ], [ 167.564728485000046, -44.693085750999956 ], [ 167.564401108000084, -44.692867332999981 ], [ 167.564226770000118, -44.692843334999964 ], [ 167.56415143300012, -44.69283296499998 ], [ 167.564100625000037, -44.692777312999965 ], [ 167.564079958000093, -44.692754674999946 ], [ 167.56406537700002, -44.692738703999964 ], [ 167.564079572000082, -44.692652388999932 ], [ 167.564135279000084, -44.69231362499994 ], [ 167.564077751000013, -44.692171568999981 ], [ 167.564019104000067, -44.692026738999971 ], [ 167.564060964000078, -44.691576883999971 ], [ 167.564154095000049, -44.691396560999976 ], [ 167.564367860000061, -44.690982648999977 ], [ 167.564386772000034, -44.690779408999958 ], [ 167.564395015000059, -44.69069082599998 ], [ 167.564282708000064, -44.690009104999945 ], [ 167.564345380000077, -44.689770369999962 ], [ 167.564380151000023, -44.689641244999962 ], [ 167.564694113000087, -44.689329271999952 ], [ 167.564728424000123, -44.689295179999931 ], [ 167.564901131000056, -44.689123883999969 ], [ 167.565009005000093, -44.68897231099993 ], [ 167.56517310400011, -44.68874173699993 ], [ 167.565583914000058, -44.688530689999936 ], [ 167.565836964000027, -44.688400686999955 ], [ 167.565947419000054, -44.688311390999957 ], [ 167.566126782000083, -44.688166387999956 ], [ 167.566218948000028, -44.687855094999975 ], [ 167.566218565000099, -44.687852035999981 ], [ 167.566181979000021, -44.687559336999982 ], [ 167.565887493000105, -44.687159029999975 ], [ 167.565873337000085, -44.687139787999968 ], [ 167.565855483000064, -44.686991937999949 ], [ 167.565874121000093, -44.686917896999944 ], [ 167.565953739000065, -44.686601568999947 ], [ 167.565840857000012, -44.686318076999953 ], [ 167.565835425000046, -44.686304434999954 ], [ 167.565825636000113, -44.686279851999984 ], [ 167.565363179000087, -44.685951891999935 ], [ 167.565350058000035, -44.685942586999943 ], [ 167.565329032000022, -44.685828857999979 ], [ 167.565347918000043, -44.68576816999996 ], [ 167.565419195000118, -44.685539116999962 ], [ 167.565321230000109, -44.685446894999984 ], [ 167.565243672000065, -44.685373880999975 ], [ 167.565274911000074, -44.685038060999943 ], [ 167.565429577000032, -44.684897474999957 ], [ 167.565610620000029, -44.684826679999958 ], [ 167.566004730000031, -44.684848651999971 ], [ 167.566789054000083, -44.684892374999947 ], [ 167.567533111000103, -44.684824976999948 ], [ 167.568352108000113, -44.684750784999949 ], [ 167.568522456000096, -44.684781390999945 ], [ 167.568821683000124, -44.684975919999943 ], [ 167.569050460000085, -44.685234755999943 ], [ 167.569049130000053, -44.685249060999979 ], [ 167.569039862000068, -44.685348753999961 ], [ 167.569036938000067, -44.685380218999967 ], [ 167.568999314000052, -44.685486631999936 ], [ 167.568927169000062, -44.685690681999972 ], [ 167.568867423000029, -44.685857407999947 ], [ 167.568886369000097, -44.685993584999949 ], [ 167.569153869000047, -44.686337068999933 ], [ 167.569164201000035, -44.686350336999965 ], [ 167.569503187000123, -44.686158039999953 ], [ 167.569786390000104, -44.686171434999949 ], [ 167.569986380000046, -44.686236808999979 ], [ 167.570395535000102, -44.686255256999971 ], [ 167.571184879000043, -44.686100483999951 ], [ 167.571420275000037, -44.686000710999963 ], [ 167.571711294000124, -44.685877360999939 ], [ 167.571891837000067, -44.685727981999946 ], [ 167.572241279000082, -44.685438856999951 ], [ 167.57295371400005, -44.685077516999968 ], [ 167.57309206900004, -44.684908192999956 ], [ 167.573593993000031, -44.684295199999951 ], [ 167.573811923000108, -44.683459547999973 ], [ 167.573817349000024, -44.683401127999957 ], [ 167.573827850000043, -44.683288045999973 ], [ 167.573853618000044, -44.683010587999945 ], [ 167.573707506000119, -44.682346368999958 ], [ 167.573687993000021, -44.682257660999937 ], [ 167.573685622000085, -44.682246882999948 ], [ 167.573282030000087, -44.681664165999962 ], [ 167.573266512000032, -44.681641762999959 ], [ 167.573263556000029, -44.681605547999936 ], [ 167.573251728000059, -44.681460689999938 ], [ 167.573335589000067, -44.681238286999985 ], [ 167.573580283000069, -44.68114884299996 ], [ 167.574400892000085, -44.681078500999945 ], [ 167.574520699000118, -44.681067928999937 ], [ 167.575177246000067, -44.680804043999956 ], [ 167.575762991000033, -44.680567473999986 ], [ 167.576604734000057, -44.680228456999941 ], [ 167.576720529000113, -44.680115600999954 ], [ 167.576725646000114, -44.680110613999943 ], [ 167.576702504000082, -44.680094117999943 ], [ 167.576488520000112, -44.679941585999984 ], [ 167.576469557000109, -44.679805409999972 ], [ 167.576640202000021, -44.679655645999958 ], [ 167.577034516000026, -44.679492997999944 ], [ 167.577017636000051, -44.67933437399995 ], [ 167.577038180000045, -44.679317306999963 ], [ 167.577120359000105, -44.679249038999956 ], [ 167.577567095000063, -44.679202500999963 ], [ 167.577774706000014, -44.67900848499994 ], [ 167.577800291000017, -44.678914611999971 ], [ 167.577868619000014, -44.678663900999936 ], [ 167.577855454000087, -44.678310372999931 ], [ 167.577850519000094, -44.678177841999968 ], [ 167.577986784000018, -44.678071545999956 ], [ 167.578358090000052, -44.678156720999937 ], [ 167.578629947000081, -44.678000456999939 ], [ 167.578645165000012, -44.677991709999958 ], [ 167.578504659000032, -44.677898494999965 ], [ 167.578257839000116, -44.677735125999959 ], [ 167.578239090000011, -44.677722716999938 ], [ 167.578287298000077, -44.677543718999971 ], [ 167.578455025000039, -44.677438906999953 ], [ 167.578457625000055, -44.677438126999959 ], [ 167.578576723000083, -44.677392429999941 ], [ 167.578717138000115, -44.677338551999981 ], [ 167.578872307000097, -44.677199277999932 ], [ 167.579027371000052, -44.67706009699998 ], [ 167.579398754000067, -44.677144369999951 ], [ 167.579992670000024, -44.677037132999942 ], [ 167.580126839000059, -44.677062405999948 ], [ 167.58126792500002, -44.677279449999958 ], [ 167.58126414100002, -44.677273 ], [ 167.580893985000102, -44.67669548899994 ], [ 167.580848538000055, -44.676490423999951 ], [ 167.580941725000116, -44.676221558999941 ], [ 167.581189803000029, -44.675499693999939 ], [ 167.581192730000112, -44.675491176999969 ], [ 167.581148542000051, -44.675286171999971 ], [ 167.580945787000019, -44.675073682999937 ], [ 167.580761262000124, -44.675006642999961 ], [ 167.580731803000049, -44.674995940999963 ], [ 167.58065819400008, -44.674888060999933 ], [ 167.580637310000043, -44.674857453999948 ], [ 167.580620531000022, -44.674832863999939 ], [ 167.580770275000077, -44.67458109699993 ], [ 167.581658931000106, -44.673843837999982 ], [ 167.582075548000034, -44.673687815999983 ], [ 167.582685489000028, -44.673459392999973 ], [ 167.582837373000075, -44.673402528999929 ], [ 167.582970887000101, -44.673276929999986 ], [ 167.583043687000099, -44.673208442999965 ], [ 167.583058555000093, -44.673048037999934 ], [ 167.583060333000049, -44.673028857999952 ], [ 167.58291551700006, -44.672886744999971 ], [ 167.582609295000111, -44.672791361999941 ], [ 167.582577696000044, -44.672781518999955 ], [ 167.58254394700009, -44.67275402599995 ], [ 167.582475863000013, -44.672698562999983 ], [ 167.582460181000101, -44.672685785999931 ], [ 167.58247132300005, -44.672551935999934 ], [ 167.582473488000119, -44.672528588999967 ], [ 167.582688012000062, -44.672436803999972 ], [ 167.583313052000108, -44.672398886999986 ], [ 167.583323534000101, -44.672398251999937 ], [ 167.583346143000085, -44.67239253799994 ], [ 167.583861921000107, -44.672262220999983 ], [ 167.583876242000088, -44.672230428999967 ], [ 167.583895259000087, -44.672188215999938 ], [ 167.584054460000061, -44.671834805999936 ], [ 167.58401238600004, -44.671552033999944 ], [ 167.583995271000049, -44.67143699899998 ], [ 167.584040209000023, -44.671293017999972 ], [ 167.584622941000021, -44.670801038999969 ], [ 167.584863495000036, -44.670755568999937 ], [ 167.585250599000119, -44.670727260999968 ], [ 167.585898022000038, -44.670679909999933 ], [ 167.586030983000114, -44.670596796999973 ], [ 167.586099252000054, -44.670554121999942 ], [ 167.586108205000073, -44.670102713999938 ], [ 167.586170404000086, -44.670045221999942 ], [ 167.586197041000105, -44.670020282999985 ], [ 167.586246516000074, -44.669973957999957 ], [ 167.586257033000038, -44.669614217999936 ], [ 167.586259338000104, -44.669535357999962 ], [ 167.58626162500002, -44.669456102999959 ], [ 167.586853631000054, -44.668863542999929 ], [ 167.587211025000101, -44.668607132999966 ], [ 167.587317382000037, -44.668700529999967 ], [ 167.587210579000043, -44.668920597999943 ], [ 167.58719243500002, -44.668957980999949 ], [ 167.587207482000053, -44.66897888799997 ], [ 167.587218079000081, -44.668993611999952 ], [ 167.587276416000122, -44.669074672999955 ], [ 167.587467207000032, -44.669146282999975 ], [ 167.587551224000094, -44.669177815999944 ], [ 167.587691950000021, -44.669164541999976 ], [ 167.587710592000121, -44.669162784999969 ], [ 167.58776815900012, -44.669139051999935 ], [ 167.588203334000013, -44.66895964899993 ], [ 167.589560800000072, -44.668808093999985 ], [ 167.589863281000021, -44.668801831999986 ], [ 167.590225574000101, -44.668794331999948 ], [ 167.591831370000023, -44.668594930999973 ], [ 167.592207297000073, -44.668547706999959 ], [ 167.592312065000101, -44.668523826999945 ], [ 167.592577823000056, -44.668463251999981 ], [ 167.592599272000029, -44.668434029999958 ], [ 167.59265012600008, -44.668364748999977 ], [ 167.59263442800011, -44.66814570799994 ], [ 167.592608752000046, -44.667787415999953 ], [ 167.592688213000088, -44.667704608999941 ], [ 167.592712250000091, -44.667679560999943 ], [ 167.592707918000087, -44.66754300599996 ], [ 167.592706119000013, -44.667486274999931 ], [ 167.592704342000047, -44.667446822999977 ], [ 167.592703635000021, -44.667431145999956 ], [ 167.592310221000048, -44.667052773999956 ], [ 167.592081187000076, -44.666832058999944 ], [ 167.592064233000087, -44.666815720999978 ], [ 167.592122773000028, -44.666524473999971 ], [ 167.592256907000092, -44.666440608999949 ], [ 167.592540020000115, -44.666453945999933 ], [ 167.592930269000021, -44.666675245999954 ], [ 167.593263610000122, -44.666487127999972 ], [ 167.593316708000089, -44.666486923999969 ], [ 167.593870074000051, -44.66648863599994 ], [ 167.594038089000037, -44.666489333999948 ], [ 167.594565633000116, -44.666592637999941 ], [ 167.594741351000039, -44.666578364999964 ], [ 167.594788041000015, -44.666539043999933 ], [ 167.594842767000046, -44.666492956999946 ], [ 167.594860713000116, -44.666385630999969 ], [ 167.594871042000022, -44.666323837999983 ], [ 167.594946449000076, -44.665877363999982 ], [ 167.595170048000114, -44.665673251999976 ], [ 167.595288831000062, -44.665769029999979 ], [ 167.595302942000103, -44.665834430999951 ], [ 167.595333062000122, -44.665974029999973 ], [ 167.595469728000012, -44.666020705999983 ], [ 167.595486195000035, -44.666026329999966 ], [ 167.595716912000057, -44.66592243499997 ], [ 167.595848822000107, -44.665863033999983 ], [ 167.596036855000079, -44.665726071999984 ], [ 167.596866406000117, -44.665121815999953 ], [ 167.596897586000068, -44.665098933999957 ], [ 167.597126078000088, -44.665019503999986 ], [ 167.597232090000034, -44.665007357999968 ], [ 167.597504163000053, -44.664975972999969 ], [ 167.597749481000051, -44.664946934999932 ], [ 167.598315694000121, -44.66497357999998 ], [ 167.598941202000105, -44.66506783799997 ], [ 167.599281627000096, -44.66511913599993 ], [ 167.599549001000014, -44.665115127999968 ], [ 167.599848560000055, -44.665110634999962 ], [ 167.600885751000078, -44.665374063999934 ], [ 167.601063403000012, -44.665489445999981 ], [ 167.601483048000091, -44.665761994999968 ], [ 167.601647115000105, -44.66579379999996 ], [ 167.601716451000016, -44.665807240999982 ], [ 167.601899904000106, -44.665815517999931 ], [ 167.602188383000112, -44.665828532999967 ], [ 167.60261971500006, -44.665769452999939 ], [ 167.602916266000079, -44.665693011999963 ], [ 167.603137530000026, -44.665635975999976 ], [ 167.603613014000075, -44.665454512999986 ], [ 167.605030766000027, -44.664798777999977 ], [ 167.605844397000055, -44.664362644999983 ], [ 167.606621818000121, -44.663812075999942 ], [ 167.606740524000088, -44.663758130999952 ], [ 167.60741043500002, -44.663455021999937 ], [ 167.607561872000019, -44.66341614199996 ], [ 167.608437952000031, -44.663193054999965 ], [ 167.60880287100008, -44.66310016999995 ], [ 167.609244708000119, -44.662940552999942 ], [ 167.609806439000067, -44.662672931999964 ], [ 167.610791946000063, -44.662030198999958 ], [ 167.61100199800012, -44.661848870999961 ], [ 167.610997840000095, -44.66119484099994 ], [ 167.611079455000095, -44.660994855999945 ], [ 167.611180026000056, -44.660931939999955 ], [ 167.611482034000119, -44.660781080999982 ], [ 167.611625222000043, -44.660709705999977 ], [ 167.612007842000025, -44.660518979999949 ], [ 167.612134633000096, -44.660432041999968 ], [ 167.612368110000034, -44.660272450999969 ], [ 167.612748219000082, -44.660012626999958 ], [ 167.613339100000076, -44.659949272999938 ], [ 167.614180163000015, -44.660078021999936 ], [ 167.614580341000078, -44.660190559999933 ], [ 167.614611253000021, -44.660199253999963 ], [ 167.614688165000075, -44.660209153999972 ], [ 167.614930943000104, -44.660240404999968 ], [ 167.615299370000116, -44.660287450999931 ], [ 167.615587287000039, -44.660275704999947 ], [ 167.615821867000022, -44.66026686899994 ], [ 167.616401336000081, -44.660327415999973 ], [ 167.617934030000015, -44.660149481999952 ], [ 167.618007087000024, -44.660152005999976 ], [ 167.618690002000108, -44.660173201999953 ], [ 167.620463013000062, -44.660322142999973 ] ], [ [ 167.711600071000021, -44.839650993999953 ], [ 167.711947449000036, -44.840537165999933 ], [ 167.712162093000074, -44.841779506999956 ], [ 167.711922579000088, -44.842434684999944 ], [ 167.711449298000048, -44.842910223999979 ], [ 167.710799858000087, -44.842956895999976 ], [ 167.710067532000039, -44.842731991999983 ], [ 167.709414637000123, -44.84281675099993 ], [ 167.709376599000052, -44.843235774999982 ], [ 167.710452622000048, -44.843820740999945 ], [ 167.711261716000081, -44.843786233999936 ], [ 167.711130752000031, -44.84398495399995 ], [ 167.70961530000011, -44.845389716999932 ], [ 167.705918739000026, -44.845842043999937 ], [ 167.702034920000074, -44.846001557999955 ], [ 167.701179467000088, -44.846697153999969 ], [ 167.701329114000032, -44.847578732999978 ], [ 167.704190907000111, -44.847525523999934 ], [ 167.705639542000085, -44.847136753999962 ], [ 167.707066102000113, -44.84704454499996 ], [ 167.709457050000083, -44.847988556999951 ], [ 167.710229008000056, -44.848736411999937 ], [ 167.711142349000056, -44.850509749999958 ], [ 167.712043590000121, -44.852278016999946 ], [ 167.713163052000027, -44.854051784999967 ], [ 167.714601508000101, -44.853811206999978 ], [ 167.717473067000014, -44.85361833199994 ], [ 167.720324936000111, -44.853713024999934 ], [ 167.721508855000025, -44.854182123999976 ], [ 167.722920571000031, -44.854517337999937 ], [ 167.724349605000043, -44.854415969999934 ], [ 167.724425840000094, -44.853260709999972 ], [ 167.725496837000037, -44.852439595999954 ], [ 167.726749020000057, -44.851892741999961 ], [ 167.727426352000066, -44.850904806999949 ], [ 167.72666399000002, -44.850013210999975 ], [ 167.727912649000018, -44.84947072999995 ], [ 167.729362049000088, -44.849230453999951 ], [ 167.730772002000094, -44.849425745999952 ], [ 167.73175027000002, -44.850034103999974 ], [ 167.733181608000109, -44.850081547999935 ], [ 167.736015128000076, -44.850463590999937 ], [ 167.737211376000118, -44.850937554999973 ], [ 167.73824197600004, -44.851570589999938 ], [ 167.738174707000098, -44.851693946999944 ], [ 167.739146279000124, -44.852446199999974 ], [ 167.740558058000033, -44.852781194999977 ], [ 167.74175449300003, -44.853255152999964 ], [ 167.744669995000095, -44.85552533699996 ], [ 167.745226695000042, -44.856416426999942 ], [ 167.744973740000091, -44.857270538999956 ], [ 167.745527307000089, -44.858161483999936 ], [ 167.749075092000112, -44.860014016999969 ], [ 167.750198604000047, -44.861792057999935 ], [ 167.750907569000105, -44.863546688999975 ], [ 167.752212657000086, -44.865332977999969 ], [ 167.753982687000075, -44.869737401999942 ], [ 167.75474779700005, -44.870624403999955 ], [ 167.756140419000076, -44.871107084999949 ], [ 167.757759934000092, -44.871307028999979 ], [ 167.758945474000029, -44.871924555999954 ], [ 167.759698020000087, -44.872810910999931 ], [ 167.763391293000041, -44.875828313999932 ], [ 167.763696168000024, -44.877568982999946 ], [ 167.763432373000114, -44.878422635999982 ], [ 167.763526346000049, -44.880162732999963 ], [ 167.763623129000052, -44.881907462999948 ], [ 167.763983899000095, -44.882780523999941 ], [ 167.765177142000084, -44.883105244999967 ], [ 167.76624042800006, -44.882423118999952 ], [ 167.766305444000068, -44.881416164999962 ], [ 167.765679736000038, -44.878357910999966 ], [ 167.766007754000043, -44.876348452999935 ], [ 167.767143685000065, -44.874362133999966 ], [ 167.767067505000114, -44.872334318999947 ], [ 167.765955428000098, -44.870561499999951 ], [ 167.765191965000099, -44.869814453999936 ], [ 167.764202842000032, -44.869196907999935 ], [ 167.760599659000036, -44.868212520999975 ], [ 167.759620233000078, -44.867595372999972 ], [ 167.758846567000091, -44.866856826999935 ], [ 167.757179422000036, -44.864193008999962 ], [ 167.756827952000094, -44.863167060999956 ], [ 167.755720830000087, -44.861398834999932 ], [ 167.754741927000055, -44.860777155999983 ], [ 167.75418577500011, -44.859895212999959 ], [ 167.75424982800007, -44.858883671999934 ], [ 167.753056428000036, -44.858409993999942 ], [ 167.750644739000109, -44.857754579999948 ], [ 167.749667100000124, -44.857137415999944 ], [ 167.749111115000119, -44.856255432999944 ], [ 167.746635036000043, -44.853414745999942 ], [ 167.745645692000039, -44.852806019999946 ], [ 167.743268158000092, -44.851863417999937 ], [ 167.741299784000034, -44.850637351999978 ], [ 167.740950331000022, -44.849611469999957 ], [ 167.741419009000083, -44.84861389699995 ], [ 167.742162768000071, -44.846605401999966 ], [ 167.741814265000016, -44.845584033999955 ], [ 167.741042495000102, -44.84483191299995 ], [ 167.7396317030001, -44.84464573799994 ], [ 167.738192580000032, -44.844737813999984 ], [ 167.73733758700007, -44.845433650999951 ], [ 167.736095876000036, -44.845832275999953 ], [ 167.73467487500011, -44.845636542999955 ], [ 167.732283600000073, -44.844693079999956 ], [ 167.731054015000041, -44.844938921999983 ], [ 167.728757865000034, -44.845731078999961 ], [ 167.727516470000069, -44.845985356999961 ], [ 167.726104957000075, -44.845789948999936 ], [ 167.724910359000091, -44.845315915999947 ], [ 167.722528077000106, -44.844223856999974 ], [ 167.720581277000065, -44.842714352999963 ], [ 167.719818338000096, -44.841813662999982 ], [ 167.71885081500011, -44.841056905999949 ], [ 167.718720239000049, -44.839892160999966 ], [ 167.718992447000119, -44.838741364999976 ], [ 167.719460956000034, -44.837748386999976 ], [ 167.71826709000004, -44.837269784999933 ], [ 167.714522227000089, -44.838455106999959 ], [ 167.712060895000036, -44.838797454999963 ], [ 167.711600071000021, -44.839650993999953 ] ], [ [ 167.684533420000093, -44.784739621999961 ], [ 167.683678028000031, -44.785286239999948 ], [ 167.682436560000042, -44.785535430999971 ], [ 167.681788120000078, -44.786240403999955 ], [ 167.682972475000042, -44.786863301999972 ], [ 167.684588099000052, -44.787059714999941 ], [ 167.686235240000087, -44.786977985999954 ], [ 167.687681067000085, -44.78658937299997 ], [ 167.688951545000123, -44.785899552999979 ], [ 167.690398927000047, -44.78551097999997 ], [ 167.692022808000047, -44.785563392999961 ], [ 167.693424666000055, -44.786056426999949 ], [ 167.696235607000062, -44.786875892999944 ], [ 167.697419729000103, -44.787503108999942 ], [ 167.697986395000044, -44.788390439999944 ], [ 167.699931897000056, -44.789904877999959 ], [ 167.702244474000054, -44.792171142999962 ], [ 167.703218315000072, -44.792779558999939 ], [ 167.705624553000121, -44.79344040899997 ], [ 167.706613388000051, -44.794058531999951 ], [ 167.706971367000051, -44.794945219999931 ], [ 167.706855953000058, -44.796689323999942 ], [ 167.706142859000124, -44.798405929999944 ], [ 167.703775685000096, -44.80050179899996 ], [ 167.702721815000018, -44.801052983999966 ], [ 167.701480491000098, -44.801297930999965 ], [ 167.700767238000026, -44.803014505999954 ], [ 167.70091707600011, -44.803891591999957 ], [ 167.702233622000108, -44.805679103999978 ], [ 167.702383485000041, -44.806556225999941 ], [ 167.701923870000087, -44.807414300999937 ], [ 167.701879869000095, -44.80828245999993 ], [ 167.702432299000066, -44.80917360899997 ], [ 167.704819282000017, -44.81012661699998 ], [ 167.706783832000042, -44.811353229999952 ], [ 167.707556357000044, -44.812105655999972 ], [ 167.708545538000067, -44.81272376499993 ], [ 167.709307790000025, -44.813606458999971 ], [ 167.709609079000074, -44.815365214999986 ], [ 167.708884371000067, -44.817085817999953 ], [ 167.708236102000114, -44.817790971999955 ], [ 167.706150756000056, -44.818587822999973 ], [ 167.705491430000052, -44.819292417999975 ], [ 167.70544540800006, -44.820165027999963 ], [ 167.709929213000123, -44.820163798999943 ], [ 167.712749260000123, -44.820694651999986 ], [ 167.71394629700012, -44.821168930999931 ], [ 167.714921437000044, -44.821786329999952 ], [ 167.716549119000092, -44.82198279499994 ], [ 167.716256411000018, -44.819935917999942 ], [ 167.715701251000041, -44.819053736999933 ], [ 167.715016109000089, -44.817002335999973 ], [ 167.714449300000069, -44.816110616999936 ], [ 167.713472606000096, -44.815493138999955 ], [ 167.712710239000103, -44.81459244499996 ], [ 167.712361359000056, -44.813566434999984 ], [ 167.712482714000089, -44.811547538999946 ], [ 167.712145830000054, -44.810513102999948 ], [ 167.711580577000063, -44.809621417999949 ], [ 167.710707541000033, -44.808847705999938 ], [ 167.71057346300006, -44.808416369999975 ], [ 167.710541490000082, -44.807093514999963 ], [ 167.710923022000088, -44.806627950999939 ], [ 167.711766275000059, -44.806100448999985 ], [ 167.712193010000078, -44.805780303999938 ], [ 167.712261709000018, -44.805571049999969 ], [ 167.714090715000111, -44.805354195999939 ], [ 167.715351531000124, -44.804807903999972 ], [ 167.716799112000103, -44.804418968999983 ], [ 167.718058659000121, -44.803886164999938 ], [ 167.721245411000041, -44.801809550999963 ], [ 167.722108596000112, -44.800965433999977 ], [ 167.722579198000062, -44.799963542999933 ], [ 167.722228732000076, -44.798937493999972 ], [ 167.721043846000043, -44.79831502899998 ], [ 167.720067533000019, -44.797557850999965 ], [ 167.717689537000069, -44.796456752999973 ], [ 167.714125154000044, -44.794597766999971 ], [ 167.711747446000118, -44.793496583999968 ], [ 167.710986545000083, -44.792600403999984 ], [ 167.710844811000015, -44.791579398999943 ], [ 167.711315540000101, -44.79057753799998 ], [ 167.710965743000088, -44.789546967999968 ], [ 167.709977909000031, -44.78907774399994 ], [ 167.708747796000011, -44.789183470999944 ], [ 167.70697141800008, -44.79159513899998 ], [ 167.705532818000052, -44.791695784999945 ], [ 167.703164991000108, -44.790455060999932 ], [ 167.702606822000121, -44.789419371999941 ], [ 167.70184486900007, -44.788518604999979 ], [ 167.699620087000085, -44.784957812999949 ], [ 167.698079297000049, -44.783448516999954 ], [ 167.696866922000027, -44.783257366999976 ], [ 167.695635465000123, -44.783362884999974 ], [ 167.69442299800005, -44.783171704999972 ], [ 167.691997538000123, -44.782658524999931 ], [ 167.689551638000012, -44.782577171999947 ], [ 167.688349137000046, -44.78224210999997 ], [ 167.687361465000095, -44.781772645999979 ], [ 167.684918759000084, -44.781691373999934 ], [ 167.684060999000053, -44.782246896999936 ], [ 167.683809849000113, -44.783110028999943 ], [ 167.684786731000031, -44.783872082999949 ], [ 167.684533420000093, -44.784739621999961 ] ], [ [ 167.568422377000047, -45.046664115999931 ], [ 167.5683971630001, -45.046933484999954 ], [ 167.56838455400009, -45.047068168999942 ], [ 167.568194562000031, -45.047059229999945 ], [ 167.568169346000104, -45.047328597999979 ], [ 167.567979353000055, -45.047319658999982 ], [ 167.567954136000026, -45.047589026999958 ], [ 167.567764142000101, -45.047580086999972 ], [ 167.567751533000092, -45.04771477099996 ], [ 167.567561539000053, -45.047705830999973 ], [ 167.567548929000054, -45.047840514999962 ], [ 167.567523709000056, -45.048109883999985 ], [ 167.567333715000018, -45.048100942999952 ], [ 167.56732110400003, -45.048235627999929 ], [ 167.567270660000077, -45.048774363999939 ], [ 167.567258049000088, -45.048909047999985 ], [ 167.567068051000092, -45.048900106999952 ], [ 167.567055441000093, -45.04903479099994 ], [ 167.566865442000108, -45.049025849999964 ], [ 167.566852831000119, -45.049160533999952 ], [ 167.56666283200002, -45.04915159199993 ], [ 167.566650220000042, -45.049286275999975 ], [ 167.566350544000102, -45.049272170999984 ], [ 167.566037671000117, -45.049040012999967 ], [ 167.565690538000013, -45.048646807999944 ], [ 167.564800327000057, -45.048060536999969 ], [ 167.564722304000043, -45.048099062999938 ], [ 167.56464548800011, -45.048136993999947 ], [ 167.564673055000071, -45.048473283999954 ], [ 167.565041776000044, -45.048951257999931 ], [ 167.565181112000118, -45.049355619999972 ], [ 167.565334237000116, -45.049928125999941 ], [ 167.565389262000053, -45.050286644999971 ], [ 167.56559930800006, -45.050319032999937 ], [ 167.565586693000114, -45.050453717999972 ], [ 167.565776695000068, -45.050462661999973 ], [ 167.565751465000062, -45.050732029999949 ], [ 167.565941468000119, -45.05074097399995 ], [ 167.565878393000048, -45.051414393999949 ], [ 167.566068399000073, -45.05142333699996 ], [ 167.566055785000117, -45.051558020999948 ], [ 167.566245790000039, -45.05156696399996 ], [ 167.566233176000082, -45.051701647999948 ], [ 167.566613189000122, -45.051719533999972 ], [ 167.566550122000081, -45.052392954999959 ], [ 167.566740130000085, -45.052401895999935 ], [ 167.566727517000118, -45.05253658099997 ], [ 167.566917527000101, -45.052545522999935 ], [ 167.566867075000118, -45.053084259999935 ], [ 167.567057086000091, -45.053093200999967 ], [ 167.567019249000055, -45.053497253999979 ], [ 167.567209261000016, -45.053506195999944 ], [ 167.567184037000061, -45.053775563999977 ], [ 167.567374050000012, -45.053784505999943 ], [ 167.567361437000045, -45.053919188999942 ], [ 167.567551452000089, -45.053928129999974 ], [ 167.56752622800002, -45.05419749899994 ], [ 167.567716244000053, -45.054206438999984 ], [ 167.567703632000075, -45.054341123999961 ], [ 167.567893647000119, -45.054350063999948 ], [ 167.567868426000018, -45.054619432999971 ], [ 167.568248459000074, -45.054637312999944 ], [ 167.568223238000087, -45.054906680999977 ], [ 167.568413256000099, -45.054915620999964 ], [ 167.568388035000112, -45.05518498999993 ], [ 167.568578055000103, -45.055193928999984 ], [ 167.568540225000106, -45.055597981999938 ], [ 167.568730245000097, -45.055606920999935 ], [ 167.568692417000079, -45.056010973999946 ], [ 167.56888243800006, -45.056019912999943 ], [ 167.568832001000033, -45.056558650999932 ], [ 167.569022025000095, -45.05656758899994 ], [ 167.568984199000056, -45.056971641999951 ], [ 167.569174223000118, -45.056980579999959 ], [ 167.569149005000099, -45.057249949999971 ], [ 167.569339031000027, -45.057258886999932 ], [ 167.569326422000017, -45.057393571999967 ], [ 167.569516449000048, -45.057402508999985 ], [ 167.569512264000082, -45.057447205999949 ], [ 167.569440801000042, -45.058210616999986 ], [ 167.569630829000062, -45.058219553999947 ], [ 167.56946692300005, -45.059970451999959 ], [ 167.56965695700012, -45.059979389999967 ], [ 167.569606524000051, -45.060518126999966 ], [ 167.5697965600001, -45.060527063999984 ], [ 167.569708303000084, -45.061469855999974 ], [ 167.569898343000091, -45.061478792999935 ], [ 167.56987312800004, -45.061748161999958 ], [ 167.570063168000047, -45.061757099999966 ], [ 167.57003795300011, -45.062026467999942 ], [ 167.569847910000021, -45.06201753199997 ], [ 167.569835303000104, -45.062152215999959 ], [ 167.569645261000119, -45.06214327899994 ], [ 167.569607434000091, -45.062547331999951 ], [ 167.569797478000055, -45.06255626899997 ], [ 167.569772261000026, -45.062825637999936 ], [ 167.569962305000104, -45.062834574999954 ], [ 167.569924480000054, -45.063238628999954 ], [ 167.570114526000111, -45.063247564999983 ], [ 167.570089309000082, -45.063516934999939 ], [ 167.570279355000025, -45.063525870999968 ], [ 167.570228926000027, -45.064064608999956 ], [ 167.570418974000063, -45.064073544999985 ], [ 167.570393758000023, -45.064342914999941 ], [ 167.570583808000038, -45.06435184999998 ], [ 167.570571201000121, -45.064486534999958 ], [ 167.571141351000051, -45.064513340999952 ], [ 167.571153957000092, -45.064378655999974 ], [ 167.571534055000029, -45.064396525999939 ], [ 167.571508845000039, -45.064665894999962 ], [ 167.571128744000021, -45.064648025999929 ], [ 167.571116138000093, -45.064782709999974 ], [ 167.572066393000114, -45.06482738099993 ], [ 167.572053790000041, -45.064962065999964 ], [ 167.572243841000045, -45.064971 ], [ 167.572218635000013, -45.065240367999934 ], [ 167.57240868700012, -45.065249301999984 ], [ 167.572370878000015, -45.065653355999984 ], [ 167.572560932000101, -45.065662288999931 ], [ 167.572548329000028, -45.065796973999966 ], [ 167.572738384000104, -45.06580590599998 ], [ 167.572713179000061, -45.066075275999935 ], [ 167.572903235000013, -45.06608420799995 ], [ 167.572890632000053, -45.066218892999984 ], [ 167.573080689000108, -45.066227823999952 ], [ 167.573005078000051, -45.067035932999943 ], [ 167.573195136000095, -45.067044864999957 ], [ 167.573182535000115, -45.067179549999935 ], [ 167.573372594000034, -45.06718848099996 ], [ 167.573296986000059, -45.06799659099994 ], [ 167.573487048000061, -45.068005521999964 ], [ 167.573436643000036, -45.068544260999943 ], [ 167.573626707000017, -45.068553191999968 ], [ 167.573601505000056, -45.06882256199998 ], [ 167.573791569000036, -45.068831491999958 ], [ 167.573741167000094, -45.069370231999983 ], [ 167.573931234000042, -45.069379162999951 ], [ 167.573906033000071, -45.069648531999974 ], [ 167.574096101000123, -45.069657462999942 ], [ 167.574083500000029, -45.069792147999976 ], [ 167.574273568000081, -45.069801077999955 ], [ 167.574260969000079, -45.069935761999943 ], [ 167.574451037000017, -45.069944691999979 ], [ 167.574388039000041, -45.07061811799997 ], [ 167.574578111000051, -45.070627046999959 ], [ 167.574527714000055, -45.071165786999984 ], [ 167.574337641000056, -45.071156856999949 ], [ 167.574325042000055, -45.071291541999983 ], [ 167.574134968000067, -45.071282611999948 ], [ 167.574122368000076, -45.071417296999982 ], [ 167.573932294000087, -45.071408366999947 ], [ 167.573894491000033, -45.071812421999937 ], [ 167.574084566000124, -45.071821351999972 ], [ 167.574046764000059, -45.072225406999962 ], [ 167.574236841000015, -45.072234336999941 ], [ 167.574224240000035, -45.072369020999986 ], [ 167.574984547000099, -45.072404738999978 ], [ 167.574946751000084, -45.072808793999968 ], [ 167.57513682900003, -45.072817721999968 ], [ 167.575061238000103, -45.073625832999937 ], [ 167.574871156000086, -45.073616902999959 ], [ 167.574845958000083, -45.07388627399996 ], [ 167.574655876000065, -45.073877343999982 ], [ 167.574630677000073, -45.074146714999983 ], [ 167.574440594000066, -45.074137785999937 ], [ 167.574415393000095, -45.07440715499996 ], [ 167.574225311000077, -45.074398225999971 ], [ 167.574212709000108, -45.074532910999949 ], [ 167.573832541000115, -45.074515049999945 ], [ 167.573819940000021, -45.07464973499998 ], [ 167.573629856000025, -45.074640803999955 ], [ 167.572679437000033, -45.074596145999976 ], [ 167.572717250000096, -45.074192090999929 ], [ 167.572527168000079, -45.074183157999983 ], [ 167.572539772000027, -45.074048473999937 ], [ 167.572349691000113, -45.074039540999934 ], [ 167.571969528000068, -45.074021673999937 ], [ 167.57198213300012, -45.073886989999949 ], [ 167.571601970000074, -45.073869121999962 ], [ 167.571614578000094, -45.073734436999985 ], [ 167.571424497000066, -45.073725501999945 ], [ 167.571437105000086, -45.073590817999957 ], [ 167.571247025000048, -45.073581882999974 ], [ 167.571259632000078, -45.073447198999986 ], [ 167.57106955200004, -45.073438263999947 ], [ 167.571094769000069, -45.073168894999981 ], [ 167.57090469000002, -45.073159959999941 ], [ 167.57095512300009, -45.072621220999963 ], [ 167.570384893000096, -45.07259441399998 ], [ 167.570397501000116, -45.072459728999945 ], [ 167.570017350000057, -45.072441855999955 ], [ 167.570029960000056, -45.072307171999967 ], [ 167.569839885000079, -45.072298234999948 ], [ 167.569852495000077, -45.072163549999971 ], [ 167.569472344000019, -45.072145674999945 ], [ 167.56948495600011, -45.072010989999967 ], [ 167.569294882000122, -45.072002052999949 ], [ 167.569408387000067, -45.070789893999972 ], [ 167.569218316000047, -45.070780954999975 ], [ 167.569243540000116, -45.070511586999942 ], [ 167.569268763000082, -45.070242217999976 ], [ 167.56945883100002, -45.070251155999983 ], [ 167.56955971900004, -45.069173680999938 ], [ 167.568989524000017, -45.069146866999972 ], [ 167.569002135000119, -45.069012181999938 ], [ 167.568622007000045, -45.068994303999943 ], [ 167.568609393000088, -45.069128988999978 ], [ 167.568229265000014, -45.069111109999938 ], [ 167.568216650000068, -45.069245793999983 ], [ 167.567646455000045, -45.069218971999931 ], [ 167.567633841000088, -45.069353656999965 ], [ 167.567443775000015, -45.069344715999932 ], [ 167.56743115900008, -45.069479399999977 ], [ 167.567051028000037, -45.069461516999979 ], [ 167.567038412000102, -45.069596200999968 ], [ 167.566848345000039, -45.069587258999945 ], [ 167.566835728000115, -45.069721942999934 ], [ 167.566455596000083, -45.069704057999957 ], [ 167.566442977000065, -45.069838741999945 ], [ 167.566252911000106, -45.069829798999933 ], [ 167.566240291000099, -45.069964482999978 ], [ 167.566050225000026, -45.069955538999977 ], [ 167.565974508000068, -45.070763642999964 ], [ 167.566164578000098, -45.070772586999965 ], [ 167.566126722000035, -45.07117663799994 ], [ 167.566316792000066, -45.071185581999941 ], [ 167.566253698000082, -45.07185900199994 ], [ 167.566063624000094, -45.071850057999939 ], [ 167.566038386000059, -45.072119426999961 ], [ 167.566228459000058, -45.072128369999973 ], [ 167.566203221000023, -45.07239773699996 ], [ 167.566013146000046, -45.072388793999949 ], [ 167.565937426000119, -45.073196896999946 ], [ 167.566127503000075, -45.073205841999936 ], [ 167.566039164000017, -45.074148628999978 ], [ 167.565849084000092, -45.074139684999977 ], [ 167.565836462000107, -45.074274368999966 ], [ 167.565646381000079, -45.074265424999965 ], [ 167.565595896000104, -45.074804159999985 ], [ 167.565405812000108, -45.074795215999984 ], [ 167.565355325000041, -45.075333950999948 ], [ 167.565545410000027, -45.075342895999938 ], [ 167.565532789000031, -45.075477578999937 ], [ 167.565342703000056, -45.075468634999936 ], [ 167.565216479000014, -45.076815473999943 ], [ 167.565026389000082, -45.076806527999963 ], [ 167.565013766000106, -45.076941211999952 ], [ 167.564633585000024, -45.076923319999935 ], [ 167.564608337000095, -45.077192687999968 ], [ 167.564418246000059, -45.077183740999942 ], [ 167.564405621000105, -45.07731842499993 ], [ 167.56421553000007, -45.077309477999961 ], [ 167.564202905000116, -45.077444161999949 ], [ 167.563632630000029, -45.077417320999984 ], [ 167.563620003000096, -45.077552003999983 ], [ 167.563239820000035, -45.077534107999952 ], [ 167.563227191000124, -45.07766879199994 ], [ 167.563037100000088, -45.077659842999935 ], [ 167.563024471000062, -45.07779452699998 ], [ 167.562644285000033, -45.07777662899997 ], [ 167.562631656000121, -45.077911311999969 ], [ 167.562251470000092, -45.07789341299997 ], [ 167.562238840000077, -45.078028095999969 ], [ 167.562048747000063, -45.078019145999974 ], [ 167.562036117000048, -45.078153828999973 ], [ 167.561846023000044, -45.078144878999979 ], [ 167.56183339200004, -45.078279561999977 ], [ 167.561643298000035, -45.078270610999937 ], [ 167.561630666000042, -45.078405294999982 ], [ 167.561250478000034, -45.078387391999968 ], [ 167.561237845000051, -45.078522074999967 ], [ 167.561047751000046, -45.078513122999937 ], [ 167.561035118000063, -45.078647805999935 ], [ 167.560845021000091, -45.078638853999962 ], [ 167.560535690000052, -45.07874179099997 ], [ 167.560212146000026, -45.079040608999946 ], [ 167.559945486000061, -45.079363040999965 ], [ 167.559798466000075, -45.079670170999975 ], [ 167.559768187000032, -45.079940919999956 ], [ 167.559730277000085, -45.080344968999952 ], [ 167.559540176000041, -45.080336014999943 ], [ 167.559476990000121, -45.081009429999938 ], [ 167.559667094000019, -45.081018383999947 ], [ 167.559654456000089, -45.081153066999946 ], [ 167.560034664000113, -45.081170974999964 ], [ 167.560022027000059, -45.081305658999952 ], [ 167.560402235000083, -45.08132356599998 ], [ 167.560389600000121, -45.081458248999979 ], [ 167.560579705000123, -45.081467201999942 ], [ 167.560567069000058, -45.08160188599993 ], [ 167.56094728000005, -45.08161979099998 ], [ 167.560922012000105, -45.081889156999978 ], [ 167.561302224000087, -45.081907060999981 ], [ 167.561289591000104, -45.08204174399998 ], [ 167.561479697000095, -45.082050695999953 ], [ 167.561467064000112, -45.082185378999952 ], [ 167.561657172000082, -45.082194329999936 ], [ 167.56164453800011, -45.082329012999935 ], [ 167.561834646000079, -45.082337963999976 ], [ 167.561809382000092, -45.082607330999963 ], [ 167.561619273000019, -45.082598379999979 ], [ 167.561594008000043, -45.082867746999966 ], [ 167.561784117000116, -45.08287669799995 ], [ 167.561746220000032, -45.083280747999936 ], [ 167.561936330000094, -45.083289698999977 ], [ 167.561835273000042, -45.084367164999946 ], [ 167.561645157000044, -45.084358214999952 ], [ 167.561607258000095, -45.084762263999949 ], [ 167.561797373000104, -45.084771215999979 ], [ 167.5617847420001, -45.084905898999978 ], [ 167.561974858000099, -45.084914848999972 ], [ 167.561962226000105, -45.085049531999971 ], [ 167.562152342000104, -45.085058482999955 ], [ 167.56213971000011, -45.085193166999943 ], [ 167.562329827000099, -45.085202115999948 ], [ 167.562317195000105, -45.085336799999936 ], [ 167.562507313000083, -45.085345749999931 ], [ 167.562482050000085, -45.085615116999975 ], [ 167.562672169000052, -45.08562406599998 ], [ 167.562646908000033, -45.085893432999967 ], [ 167.562837027000114, -45.085902382999961 ], [ 167.56282439600011, -45.08603706599996 ], [ 167.563014517000056, -45.086046014999965 ], [ 167.562926103000109, -45.086988798999982 ], [ 167.563116227000023, -45.086997747999931 ], [ 167.563053075000084, -45.087671164999961 ], [ 167.563243200000102, -45.087680113999966 ], [ 167.563180050000028, -45.088353530999939 ], [ 167.563370178000014, -45.088362479999944 ], [ 167.563357548000113, -45.088497162999943 ], [ 167.563547675000109, -45.088506110999958 ], [ 167.563535046000084, -45.088640794999947 ], [ 167.563725175000059, -45.088649742999962 ], [ 167.563699916000019, -45.088919109999949 ], [ 167.563890047000086, -45.088928056999976 ], [ 167.563864789000036, -45.089197423999963 ], [ 167.564054919000114, -45.089206371999978 ], [ 167.564029663000042, -45.089475738999965 ], [ 167.564219795000099, -45.089484685999935 ], [ 167.564194537000049, -45.089754052999979 ], [ 167.564384670000095, -45.089762998999959 ], [ 167.564359415000013, -45.090032366999935 ], [ 167.564549549000049, -45.090041313999961 ], [ 167.564536921000013, -45.09017599699996 ], [ 167.565297459000021, -45.090211779999947 ], [ 167.565284833000078, -45.090346463999936 ], [ 167.565665102000025, -45.090364352999984 ], [ 167.565652477000071, -45.090499036999972 ], [ 167.565842613000086, -45.090507981999963 ], [ 167.565829989000122, -45.090642664999962 ], [ 167.566020124000033, -45.090651608999963 ], [ 167.566210261000037, -45.090660552999964 ], [ 167.566197637000073, -45.090795236999952 ], [ 167.567528595000113, -45.090857834999952 ], [ 167.567515974000116, -45.09099251799995 ], [ 167.56770611100012, -45.091001459999973 ], [ 167.567896249000114, -45.091010399999959 ], [ 167.567908869000121, -45.09087571699996 ], [ 167.568099005000022, -45.090884656999947 ], [ 167.568289143000015, -45.090893596999933 ], [ 167.568276524000112, -45.091028280999979 ], [ 167.569037075000097, -45.091064038999946 ], [ 167.569024458000058, -45.09119872399998 ], [ 167.569404735000035, -45.091216599999939 ], [ 167.569379502000061, -45.091485968999962 ], [ 167.569949921000102, -45.091512781999938 ], [ 167.569937306000043, -45.091647466999973 ], [ 167.570127446000015, -45.091656403999934 ], [ 167.570114831000069, -45.091791087999979 ], [ 167.570304971000041, -45.091800024999941 ], [ 167.570317586000101, -45.091665339999963 ], [ 167.570507726000073, -45.091674276999981 ], [ 167.570495112000117, -45.091808961999959 ], [ 167.570685253000079, -45.091817897999931 ], [ 167.570672640000112, -45.091952582999966 ], [ 167.570862781000073, -45.091961517999948 ], [ 167.570837554000036, -45.092230886999971 ], [ 167.571027696000101, -45.092239822999943 ], [ 167.571078148000083, -45.091701084999954 ], [ 167.571268288000056, -45.091710019999937 ], [ 167.571293511000022, -45.091440650999971 ], [ 167.571483652000097, -45.091449585999953 ], [ 167.571496262000096, -45.091314901999965 ], [ 167.571686403000058, -45.091323836999948 ], [ 167.57174945600002, -45.090650413999981 ], [ 167.571559319000016, -45.090641479999931 ], [ 167.571571930000118, -45.090506795999943 ], [ 167.571762068000112, -45.090515729999936 ], [ 167.571812509000097, -45.089976991999947 ], [ 167.571622375000061, -45.089968056999965 ], [ 167.571685428000023, -45.089294634999931 ], [ 167.57187556100007, -45.089303568999981 ], [ 167.571900780000078, -45.089034199999958 ], [ 167.572090912000021, -45.089043133999951 ], [ 167.572128740000039, -45.08863907999995 ], [ 167.572141350000038, -45.088504395999962 ], [ 167.571951220000074, -45.088495461999969 ], [ 167.571963830000072, -45.088360776999934 ], [ 167.571583571000019, -45.088342908999948 ], [ 167.571596182000121, -45.08820822399997 ], [ 167.571215923000068, -45.088190353999948 ], [ 167.571291590000101, -45.087382247999983 ], [ 167.571101464000094, -45.087373312999944 ], [ 167.571126688000049, -45.087103943999978 ], [ 167.570936562000043, -45.087095007999949 ], [ 167.570987009000078, -45.086556270999949 ], [ 167.570796886000039, -45.086547334999977 ], [ 167.570923003000075, -45.085200490999966 ], [ 167.570935614000064, -45.085065806999978 ], [ 167.570745496000086, -45.085056870999949 ], [ 167.570770718000063, -45.084787501999983 ], [ 167.570580601000074, -45.084778565999954 ], [ 167.57060582500003, -45.084509196999932 ], [ 167.570415709000031, -45.08450026099996 ], [ 167.570428321000122, -45.084365576999971 ], [ 167.570238205000123, -45.084356639999953 ], [ 167.570288656000116, -45.083817901999964 ], [ 167.570098542000096, -45.083808965999935 ], [ 167.570136381000111, -45.083404912999981 ], [ 167.570326493000039, -45.083413849999943 ], [ 167.570376942000053, -45.082875111999954 ], [ 167.57038955400003, -45.082740427999966 ], [ 167.569819222000092, -45.082713616999968 ], [ 167.569831837000038, -45.082578932999979 ], [ 167.5696417260001, -45.082569994999972 ], [ 167.569666954000013, -45.082300626999938 ], [ 167.569476845000054, -45.082291688999931 ], [ 167.569502072000091, -45.082022319999965 ], [ 167.569311965000111, -45.082013381999957 ], [ 167.569324580000057, -45.081878697999969 ], [ 167.569134471000098, -45.081869758999972 ], [ 167.569147087000033, -45.081735074999983 ], [ 167.568766873000072, -45.081717196999932 ], [ 167.568792104000067, -45.081447828999956 ], [ 167.568601998000076, -45.081438888999969 ], [ 167.568614613000022, -45.08130420599997 ], [ 167.568044298000018, -45.081277385999954 ], [ 167.568107383000097, -45.080603965999956 ], [ 167.56829748600012, -45.080612905999942 ], [ 167.568310103000044, -45.080478220999964 ], [ 167.568119999000032, -45.080469280999978 ], [ 167.568132616000071, -45.080334596999933 ], [ 167.567942515000027, -45.080325656999946 ], [ 167.567980366000029, -45.079921603999935 ], [ 167.568170466000083, -45.079930543999978 ], [ 167.568183083000122, -45.079795859999933 ], [ 167.568563284000106, -45.079813739999963 ], [ 167.568575899000052, -45.079679055999975 ], [ 167.569146199000102, -45.079705872999966 ], [ 167.569158813000058, -45.079571188999978 ], [ 167.569348913000113, -45.079580126999986 ], [ 167.569361527000069, -45.07944544299994 ], [ 167.569551627000124, -45.079454379999959 ], [ 167.569576852000068, -45.079185010999936 ], [ 167.569386754000107, -45.079176073999975 ], [ 167.569399368000063, -45.079041389999929 ], [ 167.569589465000035, -45.079050326999948 ], [ 167.569602079000106, -45.078915642999959 ], [ 167.569792176000078, -45.078924579999978 ], [ 167.569804788000056, -45.078789895999932 ], [ 167.569994885000028, -45.07879883399994 ], [ 167.570020109000097, -45.078529464999974 ], [ 167.57021020600007, -45.078538401999936 ], [ 167.570235428000046, -45.07826903299997 ], [ 167.570425524000029, -45.078277969999931 ], [ 167.570438135000018, -45.078143284999953 ], [ 167.570628230000011, -45.078152220999982 ], [ 167.570640840000124, -45.078017536999937 ], [ 167.570830936000107, -45.078026471999976 ], [ 167.570843546000106, -45.077891787999931 ], [ 167.57103364000011, -45.07790072399996 ], [ 167.571058858000015, -45.077631354999937 ], [ 167.571248952000019, -45.07764028899993 ], [ 167.571261560000039, -45.077505604999942 ], [ 167.571641747000058, -45.077523473999975 ], [ 167.571666962000108, -45.077254104999952 ], [ 167.57185705400002, -45.077263038999945 ], [ 167.571869661000051, -45.077128354999957 ], [ 167.572059753000076, -45.07713728899995 ], [ 167.572084967000023, -45.076867918999938 ], [ 167.572465150000085, -45.076885784999945 ], [ 167.572477755000023, -45.076751100999957 ], [ 167.573238119000052, -45.076786829999946 ], [ 167.573250723000115, -45.076652144999969 ], [ 167.573440813000047, -45.076661075999937 ], [ 167.573428210000088, -45.076795760999971 ], [ 167.573808393000036, -45.076813622999964 ], [ 167.573820995000119, -45.07667893799993 ], [ 167.574961541000107, -45.076732515999936 ], [ 167.574974141000098, -45.076597830999958 ], [ 167.575354323000056, -45.076615687999947 ], [ 167.575366922000057, -45.076481002999969 ], [ 167.575747103000026, -45.076498857999979 ], [ 167.575759700000049, -45.076364172999945 ], [ 167.575949791000085, -45.076373100999945 ], [ 167.575937194000062, -45.076507784999933 ], [ 167.576127284000108, -45.076516712999933 ], [ 167.576139881000017, -45.076382026999966 ], [ 167.576329972000053, -45.076390953999976 ], [ 167.576342568000086, -45.076256268999941 ], [ 167.576532658000019, -45.076265195999952 ], [ 167.576545254000052, -45.076130509999984 ], [ 167.576735343000109, -45.076139435999949 ], [ 167.576747939000029, -45.076004749999981 ], [ 167.576938028000086, -45.076013675999945 ], [ 167.57696321800006, -45.075744304999944 ], [ 167.577153305000024, -45.075753230999965 ], [ 167.577165900000068, -45.07561854599993 ], [ 167.577736164000044, -45.075645318999932 ], [ 167.577748757000109, -45.075510633999954 ], [ 167.577938844000073, -45.075519557999939 ], [ 167.5779640290001, -45.075250186999938 ], [ 167.578154117000054, -45.075259109999934 ], [ 167.578166708000026, -45.075124424999956 ], [ 167.578356794000115, -45.075133347999952 ], [ 167.578381977000049, -45.074863977999939 ], [ 167.578572063000024, -45.074872900999935 ], [ 167.578584653000121, -45.074738213999979 ], [ 167.578774738000106, -45.074747136999974 ], [ 167.578799918000072, -45.074477765999973 ], [ 167.578990004000048, -45.074486687999979 ], [ 167.579090719000078, -45.073409204999962 ], [ 167.579280800000106, -45.073418125999979 ], [ 167.5792933890001, -45.073283439999955 ], [ 167.579483469000024, -45.073292361999961 ], [ 167.579508645000033, -45.073022990999959 ], [ 167.579571585000053, -45.072349561999943 ], [ 167.579761663000113, -45.072358483999949 ], [ 167.579812011000058, -45.071819739999967 ], [ 167.579621935000091, -45.071810819999939 ], [ 167.579634523000095, -45.071676134999962 ], [ 167.579824598000073, -45.071685054999932 ], [ 167.579837185000088, -45.071550368999965 ], [ 167.57964711000011, -45.071541448999938 ], [ 167.579659697000011, -45.07140676299997 ], [ 167.579849772000102, -45.07141568399993 ], [ 167.579912706000073, -45.07074225599996 ], [ 167.580102778000082, -45.070751175999931 ], [ 167.580140537000034, -45.070347118999962 ], [ 167.579950465000024, -45.070338198999934 ], [ 167.579975638000064, -45.070068827999933 ], [ 167.579785568000034, -45.070059906999973 ], [ 167.579810741000074, -45.069790535999971 ], [ 167.579620672000033, -45.069781614999954 ], [ 167.579633260000037, -45.06964692899993 ], [ 167.579823328000089, -45.069655849999947 ], [ 167.579835914000114, -45.069521164999969 ], [ 167.579645846000062, -45.069512243999952 ], [ 167.579658433000077, -45.069377557999985 ], [ 167.579468365000025, -45.069368636999968 ], [ 167.579493540000044, -45.069099265999967 ], [ 167.579683607000106, -45.069108186999983 ], [ 167.579696193000018, -45.068973501999949 ], [ 167.579506127000059, -45.068964580999932 ], [ 167.579594236000048, -45.06802178099997 ], [ 167.579784299000039, -45.06803070199993 ], [ 167.57980947100009, -45.067761329999939 ], [ 167.579999533000091, -45.067770250999956 ], [ 167.5800498750001, -45.067231508999953 ], [ 167.580239936000112, -45.067240427999934 ], [ 167.580252521000034, -45.067105742999956 ], [ 167.580442581000057, -45.067114661999938 ], [ 167.580467749000036, -45.066845289999947 ], [ 167.580657809000058, -45.066854208999985 ], [ 167.580670393000105, -45.06671952399995 ], [ 167.580860452000024, -45.066728442999931 ], [ 167.580885618000025, -45.06645907099994 ], [ 167.581075676000069, -45.066467989999978 ], [ 167.581113424000023, -45.066063931999963 ], [ 167.580923368000072, -45.066055013999971 ], [ 167.580961117000015, -45.065650955999956 ], [ 167.581151172000091, -45.065659874999938 ], [ 167.581188918000066, -45.065255816999979 ], [ 167.580998865000083, -45.065246898999931 ], [ 167.581011448000027, -45.065112212999964 ], [ 167.580821394000054, -45.065103293999982 ], [ 167.580833977000111, -45.064968607999958 ], [ 167.580453871000032, -45.064950769999939 ], [ 167.580466455000078, -45.064816084999961 ], [ 167.580276402000095, -45.06480716599998 ], [ 167.580326738000053, -45.064268421999941 ], [ 167.580136688000039, -45.06425950199997 ], [ 167.580212193000079, -45.063451388999965 ], [ 167.580022145000044, -45.063442468999938 ], [ 167.580072484000084, -45.062903725999945 ], [ 167.579882438000027, -45.062894805999974 ], [ 167.579920191000042, -45.062490747999959 ], [ 167.579730147000078, -45.062481827999932 ], [ 167.579755317000036, -45.06221245699993 ], [ 167.579565273000071, -45.06220353599997 ], [ 167.579603028000065, -45.061799478999944 ], [ 167.579412986000079, -45.061790557999984 ], [ 167.579425571000115, -45.06165587199996 ], [ 167.579235529000016, -45.061646950999943 ], [ 167.579260702000056, -45.061377579999942 ], [ 167.57907066000007, -45.061368658999982 ], [ 167.579083247000085, -45.061233972999958 ], [ 167.578893207000078, -45.061225051999941 ], [ 167.57893096600003, -45.060820993999982 ], [ 167.578740928000116, -45.060812071999976 ], [ 167.578766101000042, -45.060542700999974 ], [ 167.578576063000014, -45.060533778999968 ], [ 167.578588651000018, -45.060399093999933 ], [ 167.578398612000115, -45.060390170999938 ], [ 167.578436376000013, -45.059986114999958 ], [ 167.578246340000078, -45.059977191999963 ], [ 167.578284102000111, -45.059573134999937 ], [ 167.578094068000041, -45.059564211999941 ], [ 167.578131832000054, -45.059160154999972 ], [ 167.577941798000097, -45.059151231999977 ], [ 167.577992151000103, -45.058612489999973 ], [ 167.577802120000115, -45.058603566999977 ], [ 167.577839885000117, -45.058199509999952 ], [ 167.577649856000107, -45.058190585999967 ], [ 167.577712800000086, -45.057517158999985 ], [ 167.577522771000076, -45.057508234999943 ], [ 167.577547949000063, -45.057238863999942 ], [ 167.577357923000022, -45.057229939999957 ], [ 167.577383101000123, -45.056960568999955 ], [ 167.577193075000082, -45.05695164399998 ], [ 167.577230844000042, -45.056547587999944 ], [ 167.577040819000104, -45.056538663999959 ], [ 167.577078589000052, -45.056134607999979 ], [ 167.576888565000104, -45.056125681999958 ], [ 167.576926336000042, -45.055721625999979 ], [ 167.576736314000073, -45.055712700999948 ], [ 167.576761495000028, -45.055443329999946 ], [ 167.576571474000048, -45.055434403999982 ], [ 167.576584064000031, -45.055299718999947 ], [ 167.576394045000029, -45.055290792999983 ], [ 167.576419227000088, -45.055021421999982 ], [ 167.576039188000095, -45.05500356999994 ], [ 167.576064372000019, -45.054734198999938 ], [ 167.576254390000031, -45.054743125999948 ], [ 167.576266982000107, -45.054608439999981 ], [ 167.576076964000094, -45.05459951399996 ], [ 167.576089556000056, -45.054464828999983 ], [ 167.575709521000022, -45.054446974999962 ], [ 167.575722114000087, -45.054312289999984 ], [ 167.575532097000064, -45.054303362999974 ], [ 167.575557282000091, -45.054033992999962 ], [ 167.575367267000047, -45.054025064999962 ], [ 167.575379860000112, -45.053890379999984 ], [ 167.575189844000079, -45.053881451999985 ], [ 167.575227626000014, -45.053477395999948 ], [ 167.575417639000079, -45.053486323999948 ], [ 167.575430232000031, -45.053351637999981 ], [ 167.575620246000085, -45.053360565999981 ], [ 167.575645430000122, -45.053091195999968 ], [ 167.575658022000084, -45.052956510999934 ], [ 167.575468011000112, -45.052947582999934 ], [ 167.57550578900009, -45.052543526999955 ], [ 167.575315777000014, -45.052534598999955 ], [ 167.575366148000057, -45.051995858999931 ], [ 167.575176140000053, -45.051986930999931 ], [ 167.575213919000021, -45.051582875999941 ], [ 167.575023911000017, -45.051573946999952 ], [ 167.575049098000022, -45.051304576999939 ], [ 167.574859091000121, -45.05129564899994 ], [ 167.574896873000057, -45.05089159299996 ], [ 167.574706867000032, -45.050882663999971 ], [ 167.574732056000016, -45.050613293999959 ], [ 167.574542051000094, -45.050604365999959 ], [ 167.574567240000079, -45.050334994999957 ], [ 167.574377236000032, -45.050326065999968 ], [ 167.57441502000006, -45.049922009999932 ], [ 167.574225017000117, -45.049913080999943 ], [ 167.574262802000021, -45.049509025999953 ], [ 167.574072802000046, -45.049500095999974 ], [ 167.574110587000064, -45.049096040999984 ], [ 167.573920588000078, -45.049087110999949 ], [ 167.573945778000052, -45.048817740999937 ], [ 167.573755780000056, -45.048808810999958 ], [ 167.573768376000089, -45.048674124999934 ], [ 167.573198384000079, -45.048647332999963 ], [ 167.573210980000113, -45.048512647999985 ], [ 167.572830987000088, -45.048494784999946 ], [ 167.572450993000075, -45.048476919999985 ], [ 167.572463592000076, -45.048342235999939 ], [ 167.572273596000059, -45.048333303999982 ], [ 167.572286194000071, -45.048198618999947 ], [ 167.572096199000043, -45.048189685999944 ], [ 167.572108798000045, -45.048055000999966 ], [ 167.571918803000017, -45.048046067999962 ], [ 167.571944003000112, -45.04777669799995 ], [ 167.571754008000084, -45.047767763999957 ], [ 167.571804409000038, -45.047229024999979 ], [ 167.571614416000102, -45.047220090999986 ], [ 167.571639617000073, -45.046950721999963 ], [ 167.571449626000117, -45.04694178699998 ], [ 167.571462226000108, -45.046807101999946 ], [ 167.571272235000038, -45.046798167999953 ], [ 167.571310037000103, -45.046394113999952 ], [ 167.57150002700007, -45.046403047999945 ], [ 167.571563028000014, -45.045729623999932 ], [ 167.569853145000025, -45.04564920599995 ], [ 167.569840540000087, -45.045783889999939 ], [ 167.569460566000089, -45.045766015999959 ], [ 167.569447960000048, -45.045900700999937 ], [ 167.569257973000049, -45.045891763999975 ], [ 167.569245367000121, -45.046026447999964 ], [ 167.569055379000019, -45.046017509999956 ], [ 167.569042773000092, -45.046152193999944 ], [ 167.568852785000104, -45.046143255999937 ], [ 167.568840178000073, -45.046277940999971 ], [ 167.568650189000095, -45.046269001999974 ], [ 167.568612368000117, -45.046673054999985 ], [ 167.568422377000047, -45.046664115999931 ] ], [ [ 167.627436798000076, -44.816642184999978 ], [ 167.626717787000075, -44.816203177999967 ], [ 167.626246723000122, -44.815820795999969 ], [ 167.625960581000072, -44.815492096999947 ], [ 167.625914104000117, -44.815309735999961 ], [ 167.625867628000037, -44.815127374999975 ], [ 167.625841828000034, -44.814720739999984 ], [ 167.626005076000069, -44.814322937999975 ], [ 167.626344964000054, -44.814068526999961 ], [ 167.626407982000046, -44.814071469999931 ], [ 167.62668485100005, -44.813814116999936 ], [ 167.626716926000086, -44.812779519999935 ], [ 167.626413263000018, -44.811954478999951 ], [ 167.626832686000057, -44.811523592999947 ], [ 167.626991783000108, -44.811170642999969 ], [ 167.62691123400009, -44.810671356999933 ], [ 167.62638546900007, -44.810196323999946 ], [ 167.626225377000083, -44.809873511999967 ], [ 167.626354538000101, -44.809158783999976 ], [ 167.626676479000025, -44.809098742999936 ], [ 167.626686125000106, -44.80899408199997 ], [ 167.627042515000085, -44.80856025199995 ], [ 167.627046648000032, -44.808515396999951 ], [ 167.626646921000088, -44.808046250999951 ], [ 167.626864885000032, -44.807741097999951 ], [ 167.627028108000104, -44.807343293999963 ], [ 167.627011897000102, -44.806884521999962 ], [ 167.626720333000094, -44.806563107999978 ], [ 167.626416701000039, -44.805738067999982 ], [ 167.626205023000011, -44.804601989999981 ], [ 167.625960279000083, -44.803824746999965 ], [ 167.625825013000053, -44.803232806999972 ], [ 167.625714554000069, -44.802371740999945 ], [ 167.625124891000041, -44.801217998999959 ], [ 167.624847098000032, -44.800799587999961 ], [ 167.624414362000039, -44.800689269999964 ], [ 167.624556904000087, -44.80051574099997 ], [ 167.624325578000025, -44.800279690999957 ], [ 167.624069440000085, -44.800312767999969 ], [ 167.623885542000039, -44.800934840999957 ], [ 167.62377704700009, -44.801425293999955 ], [ 167.62340827200012, -44.801993676999984 ], [ 167.623249178000037, -44.802346622999949 ], [ 167.623018806000118, -44.802786330999936 ], [ 167.622741973000075, -44.803043675999959 ], [ 167.62152930000002, -44.803842886999973 ], [ 167.621264870000118, -44.803965665999954 ], [ 167.620219553000084, -44.804322212999978 ], [ 167.619485111000017, -44.804738337999936 ], [ 167.61914524700012, -44.804992727999945 ], [ 167.618792962000043, -44.805381678999936 ], [ 167.618503678000025, -44.805773576999968 ], [ 167.618324743000016, -44.807026544999985 ], [ 167.618262635000065, -44.807699357999979 ], [ 167.617952631000094, -44.808315524999955 ], [ 167.617742899000064, -44.808530950999966 ], [ 167.617495894000058, -44.809150064999983 ], [ 167.617525774000114, -44.809511845999964 ], [ 167.617908873000033, -44.810160440999937 ], [ 167.618178378000039, -44.810668576999944 ], [ 167.618410622000056, -44.811580398999979 ], [ 167.6184073820001, -44.812301013999956 ], [ 167.618067469000039, -44.812555398999962 ], [ 167.616236812000011, -44.813190507999934 ], [ 167.615174724000099, -44.813726423999981 ], [ 167.614881228000058, -44.814163164999968 ], [ 167.61381910800003, -44.814699066999935 ], [ 167.61122466300003, -44.816064155999982 ], [ 167.610439430000042, -44.816342708999969 ], [ 167.609570429000087, -44.816842572999974 ], [ 167.60874783600002, -44.817524797999965 ], [ 167.607979944000022, -44.818299678999949 ], [ 167.607270901000106, -44.819122361999973 ], [ 167.606172014000094, -44.820737633999954 ], [ 167.606151260000047, -44.820961901999965 ], [ 167.606176921000042, -44.82136854099997 ], [ 167.606076538000025, -44.821769267999969 ], [ 167.605385481000098, -44.822286196999983 ], [ 167.604716426000095, -44.82278665399997 ], [ 167.604687982000087, -44.822828960999971 ], [ 167.604422803000034, -44.823223368999948 ], [ 167.604263533000108, -44.823576284999945 ], [ 167.604146520000086, -44.824156426999934 ], [ 167.604517103000035, -44.824939626999935 ], [ 167.605619113000103, -44.826027409999938 ], [ 167.607456759000115, -44.827374901999974 ], [ 167.607784356000025, -44.827255110999943 ], [ 167.607998345000055, -44.826994849999949 ], [ 167.608262910000121, -44.826872101999982 ], [ 167.609464606000074, -44.826883357999975 ], [ 167.60996883700011, -44.826906979999933 ], [ 167.610653858000092, -44.827029162999963 ], [ 167.610910123000053, -44.826996117999954 ], [ 167.611502268000095, -44.826753560999975 ], [ 167.611606770000094, -44.826307972999984 ], [ 167.61169468200012, -44.826041801999963 ], [ 167.611744448000081, -44.825503554999955 ], [ 167.611769331000119, -44.825234430999956 ], [ 167.611916119000057, -44.825016065999932 ], [ 167.612251987000036, -44.824806552999974 ], [ 167.612378040000067, -44.824812454999972 ], [ 167.612794349000069, -44.825102235999964 ], [ 167.612954408000064, -44.825425066999969 ], [ 167.613131052000085, -44.825568479999959 ], [ 167.613706591000096, -44.825505327999963 ], [ 167.614341012000068, -44.825489976999961 ], [ 167.614735756000073, -44.825328260999981 ], [ 167.61531543600006, -44.825220245999958 ], [ 167.615579978000028, -44.825097482999979 ], [ 167.616050174000065, -44.824804147999942 ], [ 167.616322998000101, -44.824591673999976 ], [ 167.616914216000055, -44.823673328999973 ], [ 167.617220173000078, -44.823102019999965 ], [ 167.617505412000014, -44.822754979999957 ], [ 167.618278277000059, -44.822610939999947 ], [ 167.618656424000051, -44.822628625999982 ], [ 167.618979831000047, -44.822553656999958 ], [ 167.619189610000035, -44.822338227999978 ], [ 167.619273338000085, -44.822116903999984 ], [ 167.619386052000095, -44.821581600999934 ], [ 167.619776615000092, -44.821464721999973 ], [ 167.620474014000024, -44.821452281999939 ], [ 167.620919317000016, -44.821428053999966 ], [ 167.621242714000118, -44.821353076999969 ], [ 167.621519642000067, -44.821095734999972 ], [ 167.621800707000034, -44.820793539999954 ], [ 167.622077629000046, -44.820536196999967 ], [ 167.622434124000051, -44.820102381999959 ], [ 167.622853637000048, -44.819671510999967 ], [ 167.623210122000046, -44.81923769399998 ], [ 167.623566602000096, -44.818803874999958 ], [ 167.623831097000107, -44.818681090999974 ], [ 167.625053305000051, -44.818467907999946 ], [ 167.625414885000055, -44.818664989999945 ], [ 167.625574996000068, -44.81898780299997 ], [ 167.625789861000044, -44.819403267999974 ], [ 167.626299162000123, -44.820057722999934 ], [ 167.626782666000054, -44.820305541999971 ], [ 167.627337466000085, -44.820466590999956 ], [ 167.627597826000056, -44.820388653999942 ], [ 167.628000765000024, -44.820137181999939 ], [ 167.628191935000018, -44.818749631999935 ], [ 167.628510154000082, -44.818043727999964 ], [ 167.628206437000017, -44.817218691999983 ], [ 167.627979163000077, -44.816937795999934 ], [ 167.627436798000076, -44.816642184999978 ] ], [ [ 167.739150767000069, -44.931669230999944 ], [ 167.738388443000076, -44.930922073999966 ], [ 167.736944044000097, -44.93101394599995 ], [ 167.735879009000087, -44.931560471999944 ], [ 167.734748344000081, -44.933271785999978 ], [ 167.734406702000115, -44.935294143999954 ], [ 167.735181207000096, -44.936046388999955 ], [ 167.736158940000109, -44.936659128999963 ], [ 167.736498951000044, -44.937689082999952 ], [ 167.737684133000016, -44.938306768999951 ], [ 167.739336126000012, -44.938219844999935 ], [ 167.740088426000057, -44.939115308999931 ], [ 167.739826393000044, -44.940117826999938 ], [ 167.739167470000098, -44.940822675999982 ], [ 167.738695185000097, -44.941675837999981 ], [ 167.737835483000026, -44.942231755999956 ], [ 167.737173753000093, -44.942931998999939 ], [ 167.736325048000026, -44.943488409999929 ], [ 167.736058860000071, -44.944359979999945 ], [ 167.737368638000021, -44.946146579999947 ], [ 167.737720672000023, -44.947168080999973 ], [ 167.737443503000122, -44.948178918999986 ], [ 167.736774716000014, -44.949027615999967 ], [ 167.736160548000043, -44.952061026999957 ], [ 167.734038091000116, -44.953149929999938 ], [ 167.732342623000022, -44.953992322999966 ], [ 167.732036985000036, -44.954668174999938 ], [ 167.731642531000034, -44.955394117999958 ], [ 167.733697025000083, -44.955321093999942 ], [ 167.736535817000117, -44.955703151999955 ], [ 167.737722571000063, -44.956325399999969 ], [ 167.742447015000039, -44.956184650999944 ], [ 167.745277240000064, -44.956714869999985 ], [ 167.747246980000114, -44.95794978899994 ], [ 167.748444016000121, -44.958423573999937 ], [ 167.750084340000058, -44.958331432999955 ], [ 167.753019138000013, -44.957405388999973 ], [ 167.754094963000057, -44.956566099999975 ], [ 167.753328466000085, -44.955683620999935 ], [ 167.749397680000015, -44.95322340499996 ], [ 167.748360302000037, -44.953478238999935 ], [ 167.747135433000039, -44.953435987999967 ], [ 167.744731687000012, -44.952632194999978 ], [ 167.742326304000017, -44.951828235999983 ], [ 167.741334107000057, -44.951214903999983 ], [ 167.74121557400008, -44.950050763999968 ], [ 167.74169525700006, -44.948904882999955 ], [ 167.742372801000101, -44.947907782999948 ], [ 167.741620760000046, -44.947007807999967 ], [ 167.740630714000076, -44.946390057999963 ], [ 167.739174046000016, -44.944822236999983 ], [ 167.739746776000061, -44.944334364999975 ], [ 167.739605664000123, -44.943313459999956 ], [ 167.740157062000094, -44.941287140999975 ], [ 167.741034374000037, -44.940447937999977 ], [ 167.742296705000058, -44.939914858999941 ], [ 167.743170406000104, -44.938922194999975 ], [ 167.743664249000062, -44.937776937999956 ], [ 167.745143773000109, -44.937434069999938 ], [ 167.745458626000072, -44.937448415999938 ], [ 167.745446462000018, -44.937583122999968 ], [ 167.74582577700005, -44.937600404999955 ], [ 167.745813615000088, -44.937735111999984 ], [ 167.746003273000042, -44.93774375199996 ], [ 167.745991110000091, -44.937878458999933 ], [ 167.746370428000091, -44.937895739999931 ], [ 167.746358266000016, -44.93803044699996 ], [ 167.746547926000062, -44.938039085999947 ], [ 167.7465357640001, -44.938173792999976 ], [ 167.746642180000094, -44.938178639999933 ], [ 167.746876239000017, -44.938761921999969 ], [ 167.747855697000091, -44.939374631999954 ], [ 167.750683590000108, -44.939904641999931 ], [ 167.753531213000088, -44.94028670199998 ], [ 167.754727932000037, -44.940760419999947 ], [ 167.756699694000076, -44.941986267999937 ], [ 167.757244783000033, -44.942876728999977 ], [ 167.761489546000121, -44.943890135999936 ], [ 167.763127878000091, -44.94379773299994 ], [ 167.768086728000071, -44.943084950999946 ], [ 167.771019593000119, -44.942167447999964 ], [ 167.771487765000074, -44.941160705999948 ], [ 167.771148258000039, -44.940135374999954 ], [ 167.769940001000123, -44.939805579999984 ], [ 167.768711563000124, -44.939912161999985 ], [ 167.766615100000081, -44.940565504999938 ], [ 167.76537991400005, -44.940676287999963 ], [ 167.764522846000091, -44.941223505999972 ], [ 167.763484994000123, -44.941487493999944 ], [ 167.761044068000047, -44.941259418999948 ], [ 167.758065944000123, -44.939857164999978 ], [ 167.756859428000098, -44.939527305999945 ], [ 167.751899844000036, -44.937029318999976 ], [ 167.751126303000092, -44.936281765999979 ], [ 167.749940572000014, -44.935650681999959 ], [ 167.747999363000076, -44.934142059999942 ], [ 167.7468028400001, -44.933668234999971 ], [ 167.743947835000085, -44.933425453999973 ], [ 167.741118725000092, -44.93289516699997 ], [ 167.739150767000069, -44.931669230999944 ] ], [ [ 167.726675937000095, -44.706635194999933 ], [ 167.725957596000057, -44.707237963999944 ], [ 167.724708225000086, -44.707631488999937 ], [ 167.722586286000023, -44.709021936999932 ], [ 167.720071103000123, -44.710110246999932 ], [ 167.717622382000059, -44.711003174999973 ], [ 167.716490416000056, -44.711740159999977 ], [ 167.715750532000015, -44.712648485999978 ], [ 167.714567657000089, -44.71328393899995 ], [ 167.711684254000033, -44.713633701999981 ], [ 167.710275226000022, -44.713289316999976 ], [ 167.707870225000079, -44.712475205999965 ], [ 167.706666771000073, -44.71214925299995 ], [ 167.703794427000048, -44.712341530999936 ], [ 167.702535950000083, -44.712883180999938 ], [ 167.701464757000053, -44.713731048999932 ], [ 167.700590700000021, -44.71472326199995 ], [ 167.698438638000084, -44.716400485999941 ], [ 167.697003568000014, -44.716640877999964 ], [ 167.695800959000053, -44.716166031999933 ], [ 167.695030584000051, -44.715404555999953 ], [ 167.694043324000063, -44.714786344999936 ], [ 167.691695561000074, -44.716458898999974 ], [ 167.691028525000092, -44.717465134999941 ], [ 167.692221482000036, -44.717944055999965 ], [ 167.694663607000052, -44.718174067999939 ], [ 167.697264634000021, -44.718988492999983 ], [ 167.698046610000119, -44.719588185999953 ], [ 167.700488577000101, -44.719822569999963 ], [ 167.701689335000083, -44.720161976999975 ], [ 167.702909541000054, -44.720200202999933 ], [ 167.704151615000114, -44.719946332999939 ], [ 167.705204732000084, -44.719543977999933 ], [ 167.709016252000083, -44.717190098999936 ], [ 167.7102647480001, -44.716792152999972 ], [ 167.71107190400005, -44.715751729999965 ], [ 167.711993217000099, -44.715248545999941 ], [ 167.713233599000091, -44.714994504999936 ], [ 167.716820665000114, -44.716426450999961 ], [ 167.719262933000095, -44.716655935999938 ], [ 167.720698206000066, -44.716604643999972 ], [ 167.722316097000089, -44.716755596999974 ], [ 167.72404666500006, -44.717777381999952 ], [ 167.724682968000025, -44.718153767999979 ], [ 167.725454937000109, -44.719059406999975 ], [ 167.726366316000053, -44.720837097999947 ], [ 167.726236490000019, -44.721259484999962 ], [ 167.726101895000056, -44.721699676999947 ], [ 167.72458925400008, -44.723113632999969 ], [ 167.724416465000104, -44.723714367999946 ], [ 167.724338479000039, -44.723981304999938 ], [ 167.727185182000085, -44.724220156999934 ], [ 167.728595641000084, -44.724550862999934 ], [ 167.731515824000098, -44.726848955999969 ], [ 167.732709512000042, -44.727322990999937 ], [ 167.733579752000082, -44.726474639999935 ], [ 167.733018589000039, -44.725578725999981 ], [ 167.732670735000056, -44.724543807999964 ], [ 167.733345355000097, -44.723551236999981 ], [ 167.733796780000034, -44.722769385999982 ], [ 167.734491896000122, -44.721547769999972 ], [ 167.735636805000013, -44.719544255999949 ], [ 167.7354107970001, -44.718456311999944 ], [ 167.734509401000082, -44.717896517999975 ], [ 167.733465710000019, -44.718304074999935 ], [ 167.732234372000107, -44.718265704999965 ], [ 167.72982201700006, -44.71774028699997 ], [ 167.728833777000091, -44.717126858999961 ], [ 167.728282216000025, -44.71623139299993 ], [ 167.728175746000034, -44.714819775999956 ], [ 167.728055197000117, -44.713159527999949 ], [ 167.728316746000019, -44.712134521999985 ], [ 167.728363552000019, -44.70804271999998 ], [ 167.727808887000037, -44.707147068999973 ], [ 167.727550656000062, -44.707031541999982 ], [ 167.726675937000095, -44.706635194999933 ] ], [ [ 167.479930854000031, -44.972766854999975 ], [ 167.479482820000044, -44.972658643999978 ], [ 167.479055043000017, -44.97263815499997 ], [ 167.478714545000116, -44.972639104999985 ], [ 167.478453270000045, -44.97263983199997 ], [ 167.47821392100002, -44.972445348999941 ], [ 167.478242786000123, -44.972141701999931 ], [ 167.478750858000012, -44.971769500999983 ], [ 167.478967629000067, -44.971749381999985 ], [ 167.479133476000015, -44.971360785999934 ], [ 167.479113787000074, -44.971115819999966 ], [ 167.479353641000102, -44.970852781999952 ], [ 167.479798719000087, -44.970691080999984 ], [ 167.480169783000065, -44.97040382199998 ], [ 167.480289957000082, -44.970043540999939 ], [ 167.480182758000069, -44.969901302999972 ], [ 167.480099161000112, -44.969790380999939 ], [ 167.47986959900004, -44.969682094999939 ], [ 167.479800515000079, -44.96930711899995 ], [ 167.479543789000104, -44.96860626199998 ], [ 167.479408951000096, -44.968567014999962 ], [ 167.479153970000084, -44.96893038099995 ], [ 167.478874701000109, -44.969328351999934 ], [ 167.478767989000062, -44.969513100999961 ], [ 167.478365565000104, -44.969493822999937 ], [ 167.477689890000079, -44.969432996999956 ], [ 167.477641271000039, -44.969428619999974 ], [ 167.476831428000082, -44.969359312999984 ], [ 167.476275352000016, -44.969332663999978 ], [ 167.475622175000012, -44.969423370999948 ], [ 167.474957443000108, -44.969635531999984 ], [ 167.474637798000117, -44.969833731999984 ], [ 167.474169606000032, -44.970238327999937 ], [ 167.473601411000118, -44.970790644999965 ], [ 167.473261534000017, -44.971201391999955 ], [ 167.472878872000024, -44.971610085999941 ], [ 167.472396205000109, -44.972166499999958 ], [ 167.472016423000014, -44.972544825999933 ], [ 167.471542409000108, -44.973010141999964 ], [ 167.470435390000034, -44.97335357999998 ], [ 167.469867715000078, -44.973448357999985 ], [ 167.469497168000089, -44.973278062999952 ], [ 167.469317973000102, -44.972903426999949 ], [ 167.469312782000088, -44.972506634999945 ], [ 167.469410490000087, -44.971931763999976 ], [ 167.469750400000066, -44.971521027999984 ], [ 167.470470091000038, -44.970731972999943 ], [ 167.470462001000101, -44.970365545999982 ], [ 167.470091473000025, -44.970195252999986 ], [ 167.469398392000016, -44.970253506999939 ], [ 167.468765432000055, -44.970131622999929 ], [ 167.468098376000057, -44.969916588999979 ], [ 167.467425540000022, -44.969762279999941 ], [ 167.466689688000088, -44.969818464999946 ], [ 167.466042275000063, -44.969848386999956 ], [ 167.463985546000117, -44.970237667999982 ], [ 167.463537534000011, -44.97042966999993 ], [ 167.463258366000105, -44.970202735999976 ], [ 167.461833609000109, -44.969371697999975 ], [ 167.459800704000031, -44.969060467999952 ], [ 167.459033665000106, -44.968993089999969 ], [ 167.458126717000027, -44.969040992999965 ], [ 167.457547475000069, -44.969257164999931 ], [ 167.457096552000053, -44.96947950699996 ], [ 167.456533996000076, -44.969971008999948 ], [ 167.456145429000117, -44.970440374999953 ], [ 167.455988122000122, -44.970737841999949 ], [ 167.454852773000084, -44.970927249999932 ], [ 167.453632583000058, -44.970655010999963 ], [ 167.453076504000023, -44.970628248999958 ], [ 167.452500128000111, -44.970814031999964 ], [ 167.451466254000024, -44.971740377999936 ], [ 167.450915232000057, -44.972110393999969 ], [ 167.450147418000029, -44.972500474999947 ], [ 167.448215159000029, -44.973383528999932 ], [ 167.44753576700009, -44.97374734899995 ], [ 167.446750489000124, -44.974319587999958 ], [ 167.446501759000057, -44.974673647999964 ], [ 167.446189925000112, -44.975238192999939 ], [ 167.4462609630001, -44.975394134999931 ], [ 167.446420463000095, -44.975523834999933 ], [ 167.446902640000076, -44.97542505399997 ], [ 167.447193381000034, -44.975530571999968 ], [ 167.447281074000102, -44.97596184899993 ], [ 167.447340505000057, -44.976239245999977 ], [ 167.447422394000114, -44.976731248999954 ], [ 167.447254781000083, -44.97803483399997 ], [ 167.447168453000018, -44.978488230999972 ], [ 167.447172434000095, -44.978517165999961 ], [ 167.446712932000082, -44.978653467999948 ], [ 167.446712631000082, -44.978656619999981 ], [ 167.446701334000068, -44.978774771999952 ], [ 167.446911133000071, -44.978889334999963 ], [ 167.447734645000082, -44.978998640999976 ], [ 167.44871128200009, -44.979045681999935 ], [ 167.450055392000081, -44.979354133999948 ], [ 167.450408810000113, -44.979249287999949 ], [ 167.450802778000025, -44.979233437999937 ], [ 167.450912034000112, -44.979116836999935 ], [ 167.45117317200004, -44.978694185999984 ], [ 167.451510863000067, -44.978240401999983 ], [ 167.451825791000033, -44.977768112999968 ], [ 167.451966495000079, -44.977322254999933 ], [ 167.451952429000016, -44.976955991999944 ], [ 167.451997651000056, -44.976524519999941 ], [ 167.452038258000016, -44.976099423999983 ], [ 167.452189800000042, -44.975862689999985 ], [ 167.452518256000076, -44.975573462999932 ], [ 167.453220117000114, -44.975424220999969 ], [ 167.454349762000106, -44.975295557999971 ], [ 167.455678803000069, -44.975328992999948 ], [ 167.456885303000035, -44.975295510999956 ], [ 167.457615442000019, -44.975300120999975 ], [ 167.458508005000112, -44.975404042999969 ], [ 167.459312116000092, -44.975534210999967 ], [ 167.460272866000082, -44.975824417999945 ], [ 167.461886252000113, -44.976481512999953 ], [ 167.462673018000032, -44.97679384199995 ], [ 167.464004361000093, -44.977254333999952 ], [ 167.464311443000042, -44.977339735999976 ], [ 167.464799830000061, -44.977475554999955 ], [ 167.466838845000098, -44.977725967999959 ], [ 167.467007906000049, -44.977734082999973 ], [ 167.467437781000058, -44.977754716999982 ], [ 167.468045393000011, -44.977692368999953 ], [ 167.468772671000124, -44.977727269999946 ], [ 167.469528274000027, -44.977916040999958 ], [ 167.470155540000064, -44.978098649999936 ], [ 167.471450546000028, -44.978038753999954 ], [ 167.473142141000039, -44.97787584699995 ], [ 167.473975211000038, -44.977702264999948 ], [ 167.474725603000024, -44.977494210999964 ], [ 167.475567327000022, -44.977229522999949 ], [ 167.476540274000058, -44.976940613999943 ], [ 167.477795877000062, -44.976390710999965 ], [ 167.478689010000039, -44.976036954999984 ], [ 167.479197112000065, -44.975664753999979 ], [ 167.479930651000018, -44.975181332999966 ], [ 167.480550264000044, -44.974539938999953 ], [ 167.480647070000032, -44.974249737999969 ], [ 167.480730536000124, -44.973999516999982 ], [ 167.480733920000034, -44.97351163299993 ], [ 167.480557536000106, -44.973106647999941 ], [ 167.480112945000087, -44.972810832999983 ], [ 167.479930854000031, -44.972766854999975 ] ], [ [ 167.511884981000094, -45.089675363999959 ], [ 167.512086374000091, -45.089148357999932 ], [ 167.512237493000043, -45.088618961999941 ], [ 167.512277951000101, -45.088191624999979 ], [ 167.51220438100006, -45.08790195499995 ], [ 167.511916547000055, -45.087208614999952 ], [ 167.511923594000109, -45.086600829999952 ], [ 167.512487574000033, -45.084910588999946 ], [ 167.51247438900009, -45.084516472999951 ], [ 167.512461204000033, -45.084122356999956 ], [ 167.512334298000042, -45.083329348999939 ], [ 167.511758066000084, -45.08301579099998 ], [ 167.511449722000066, -45.08307267999993 ], [ 167.511228423000034, -45.083276791999936 ], [ 167.511077624000109, -45.083269623999968 ], [ 167.510568209000098, -45.083316952999951 ], [ 167.510102318000122, -45.083437892999939 ], [ 167.509576036000112, -45.083663273999946 ], [ 167.509150285000032, -45.083893433999947 ], [ 167.508969125000021, -45.084206766999955 ], [ 167.508781214000123, -45.084591320999948 ], [ 167.508747478000032, -45.084947435999936 ], [ 167.508465774000115, -45.085255984999947 ], [ 167.508190815000034, -45.085493313999962 ], [ 167.507952284000112, -45.086412035999956 ], [ 167.507861524000077, -45.086836982999955 ], [ 167.507760641000118, -45.087368762999972 ], [ 167.507616233000022, -45.08782692799997 ], [ 167.507438078000064, -45.088641206999966 ], [ 167.507551772000056, -45.089040104999981 ], [ 167.507558176000089, -45.08950544399994 ], [ 167.507524431000093, -45.089861557999939 ], [ 167.507437035000066, -45.090250890999982 ], [ 167.507389790000047, -45.090749449999976 ], [ 167.508272771000065, -45.093688956999983 ], [ 167.508282555000051, -45.094118682999976 ], [ 167.508422921000033, -45.094769249999956 ], [ 167.508459364000032, -45.09545064699995 ], [ 167.508073334000073, -45.096326586999965 ], [ 167.507573579000109, -45.096803628999965 ], [ 167.507432520000066, -45.097226183999965 ], [ 167.507777379000117, -45.097850702999949 ], [ 167.50870873700012, -45.098681963999979 ], [ 167.508909525000036, -45.099228084999936 ], [ 167.509261159000062, -45.099781375999953 ], [ 167.509592885000075, -45.100011773999938 ], [ 167.5099144940001, -45.100349005999931 ], [ 167.509974573000022, -45.100781121999944 ], [ 167.510031279000032, -45.101248847999955 ], [ 167.510305986000049, -45.101548077999951 ], [ 167.51070487800007, -45.10160280499997 ], [ 167.511187470000095, -45.101840367999955 ], [ 167.511874573000114, -45.102051872999937 ], [ 167.513071264000018, -45.102216034999969 ], [ 167.513667926000039, -45.102315918999977 ], [ 167.515668903000119, -45.103054822999979 ], [ 167.516949347000036, -45.103401776999931 ], [ 167.518722313000012, -45.104415973999949 ], [ 167.519254775000036, -45.105729006999979 ], [ 167.519519447000107, -45.106135048999931 ], [ 167.519847883000011, -45.106401029999972 ], [ 167.520454479000023, -45.106930600999931 ], [ 167.520846682000069, -45.107056517999979 ], [ 167.52125572500006, -45.107004373999985 ], [ 167.521758607000038, -45.10702822099995 ], [ 167.522727347000114, -45.107467637999946 ], [ 167.523287057000061, -45.107959199999982 ], [ 167.523726198000077, -45.108123100999933 ], [ 167.524229093000031, -45.108146937999948 ], [ 167.524661695000077, -45.10784549899995 ], [ 167.524946791000048, -45.107501297999931 ], [ 167.525171499000066, -45.10726154799994 ], [ 167.525724676000095, -45.107287760999952 ], [ 167.526167183000098, -45.107416040999965 ], [ 167.526462189000085, -45.107501559999946 ], [ 167.526613056000087, -45.107508707999955 ], [ 167.526824302000023, -45.107411401999968 ], [ 167.526888046000067, -45.107271336999986 ], [ 167.526887650000049, -45.107262798999955 ], [ 167.526871395000057, -45.106912835999935 ], [ 167.527609067000071, -45.106590067999946 ], [ 167.527615185000059, -45.106596729999978 ], [ 167.527831358000071, -45.10634909099997 ], [ 167.527959453000108, -45.105953537999937 ], [ 167.528051369000082, -45.105700853999963 ], [ 167.528310434000105, -45.105359698999962 ], [ 167.528579999000044, -45.105147558999931 ], [ 167.529021237000052, -45.10479896399994 ], [ 167.529198952000115, -45.104598537999948 ], [ 167.529168949000109, -45.104195496999978 ], [ 167.529034636000119, -45.103929453999967 ], [ 167.528977841000028, -45.103816955999946 ], [ 167.528654316000029, -45.103615002999959 ], [ 167.528652566000119, -45.103563170999962 ], [ 167.528367664000029, -45.103370822999977 ], [ 167.528169891000061, -45.102869656999985 ], [ 167.528123116000074, -45.102751128999955 ], [ 167.528247225000086, -45.102506608999931 ], [ 167.528145711000093, -45.102192043999935 ], [ 167.528129995000086, -45.102143345999934 ], [ 167.52802285700011, -45.101673244999972 ], [ 167.528157049000015, -45.101321888999962 ], [ 167.528442090000112, -45.100977678999982 ], [ 167.528526187000011, -45.100519210999948 ], [ 167.528546170000027, -45.100410269999941 ], [ 167.528298117000077, -45.100362749999931 ], [ 167.527553963000059, -45.100220184999955 ], [ 167.527342906000058, -45.099780932999977 ], [ 167.526970915000106, -45.09944136699994 ], [ 167.526454812000111, -45.099023430999978 ], [ 167.525814607000029, -45.098850008999932 ], [ 167.525217960000077, -45.098750189999976 ], [ 167.524775521000038, -45.098621906999938 ], [ 167.524272710000105, -45.098598072999948 ], [ 167.523473230000036, -45.098560172999953 ], [ 167.523015685000018, -45.098538478999956 ], [ 167.522288397000011, -45.098217820999935 ], [ 167.521963363000054, -45.097916235999946 ], [ 167.521296469000049, -45.097491120999962 ], [ 167.520971443000121, -45.097189532999948 ], [ 167.520274262000044, -45.09708491799995 ], [ 167.519815011000105, -45.097134672999971 ], [ 167.519345657000031, -45.097291261999942 ], [ 167.518742302000078, -45.097262632999957 ], [ 167.518309994000106, -45.097027487999981 ], [ 167.517991724000012, -45.096654667999985 ], [ 167.516926015000081, -45.096174824999935 ], [ 167.515189584000041, -45.096378555999934 ], [ 167.514566016000117, -45.096563572999969 ], [ 167.51404974400009, -45.096682140999974 ], [ 167.513838514000099, -45.09677942299993 ], [ 167.513603685000021, -45.09712598599998 ], [ 167.513863363000041, -45.097369610999976 ], [ 167.513844681000023, -45.097781322999936 ], [ 167.513509289000012, -45.098123108999971 ], [ 167.513331762000121, -45.098169184999961 ], [ 167.513254517000064, -45.098146778999933 ], [ 167.513103676000014, -45.098139612999944 ], [ 167.512560710000116, -45.098006504999944 ], [ 167.512259031000099, -45.097992171999977 ], [ 167.511991074000093, -45.097621723999964 ], [ 167.511927610000043, -45.097225219999984 ], [ 167.511619498000073, -45.096745548999934 ], [ 167.511475717000053, -45.096130596999956 ], [ 167.511221264000028, -45.095617700999981 ], [ 167.511174671000049, -45.095043138999984 ], [ 167.511336242000084, -45.093870349999975 ], [ 167.511299768000072, -45.09318895399997 ], [ 167.511534594000068, -45.09284239599998 ], [ 167.511564944000042, -45.092521892999969 ], [ 167.511380705000079, -45.092334279999932 ], [ 167.511379611000052, -45.09225516999993 ], [ 167.511374270000033, -45.091868941999962 ], [ 167.511431600000037, -45.091263546999983 ], [ 167.511475438000048, -45.090800595999951 ], [ 167.511559432000013, -45.090446869999937 ], [ 167.51179761800006, -45.09006470099996 ], [ 167.511884981000094, -45.089675363999959 ] ], [ [ 167.720655862000058, -44.813095268999973 ], [ 167.721399057000099, -44.813300592999951 ], [ 167.72176098400007, -44.813288651999983 ], [ 167.722061057000019, -44.813074100999984 ], [ 167.722164061000058, -44.812821971999938 ], [ 167.722419060000107, -44.812662429999932 ], [ 167.722698555000079, -44.812675246999959 ], [ 167.722970332000045, -44.812773324999966 ], [ 167.72326661000011, -44.81304376199995 ], [ 167.723552607000101, -44.813427881999985 ], [ 167.724045963000094, -44.813735889999975 ], [ 167.725106039000025, -44.813984251999955 ], [ 167.725672751000047, -44.813924605999944 ], [ 167.725818240000081, -44.813645882999936 ], [ 167.725995946000012, -44.813454252999975 ], [ 167.726240656000073, -44.813408386999981 ], [ 167.726709517000018, -44.813544026999978 ], [ 167.726967076000051, -44.813356053999939 ], [ 167.727349557000025, -44.813116724999929 ], [ 167.727764254000022, -44.812964487999977 ], [ 167.72803624200003, -44.812898298999983 ], [ 167.728488949000052, -44.812784078999982 ], [ 167.729086851000034, -44.812811461999956 ], [ 167.729652178000038, -44.812499963999983 ], [ 167.730070278000085, -44.81206925999993 ], [ 167.730594920000044, -44.811508477999951 ], [ 167.730981539000027, -44.811076329999935 ], [ 167.731339615000024, -44.810260503999984 ], [ 167.731919068000025, -44.809792195999933 ], [ 167.732051005000017, -44.809730757999944 ], [ 167.732452706000117, -44.809440558999938 ], [ 167.732493774000091, -44.808985815999961 ], [ 167.732555181000066, -44.808798575999958 ], [ 167.73260442500009, -44.808648413999947 ], [ 167.732687984000108, -44.80816707699995 ], [ 167.73280889900002, -44.807715988999973 ], [ 167.732867928000019, -44.807062293999934 ], [ 167.732786654000051, -44.806630491999954 ], [ 167.732577910000032, -44.806278470999985 ], [ 167.732316412000046, -44.806066729999941 ], [ 167.732142463000059, -44.805773377999969 ], [ 167.732098551000036, -44.805371822999973 ], [ 167.731553616000042, -44.804747560999942 ], [ 167.731169793000049, -44.80455875499996 ], [ 167.730751187000124, -44.804311276999954 ], [ 167.730490584000108, -44.803961284999957 ], [ 167.730347989000052, -44.803893269999946 ], [ 167.729989855000099, -44.803420246999963 ], [ 167.72970900100006, -44.802979299999947 ], [ 167.729546970000115, -44.802576295999984 ], [ 167.729545346000123, -44.80257225899993 ], [ 167.7291524420001, -44.802040561999945 ], [ 167.728726159000075, -44.801878341999952 ], [ 167.728486636000071, -44.801867368999979 ], [ 167.727992179000012, -44.80201595099993 ], [ 167.727125590000014, -44.802290175999985 ], [ 167.726126383000064, -44.802701011999943 ], [ 167.726091905000089, -44.802717065999957 ], [ 167.725289417000113, -44.803090735999945 ], [ 167.724800081000012, -44.803182462999985 ], [ 167.724158772000123, -44.803181600999949 ], [ 167.722306254000046, -44.803124206999939 ], [ 167.722239990000048, -44.803122152999947 ], [ 167.720896875000108, -44.80334593699996 ], [ 167.719869306000078, -44.804069349999963 ], [ 167.719261515000085, -44.804583703999981 ], [ 167.718394846000024, -44.804857860999959 ], [ 167.717887468000072, -44.805148503999931 ], [ 167.71734273900006, -44.805408890999956 ], [ 167.716687265000019, -44.806006661999959 ], [ 167.716633201000036, -44.806603503999952 ], [ 167.716778754000075, -44.80720951099994 ], [ 167.716966808000052, -44.807788928999969 ], [ 167.716595924000103, -44.808342686999936 ], [ 167.716576633000045, -44.808998202999931 ], [ 167.716787862000047, -44.809321830999977 ], [ 167.718055230000118, -44.810378877999938 ], [ 167.718234409000047, -44.810760570999946 ], [ 167.718424924000033, -44.811166403999948 ], [ 167.719187426000076, -44.811600941999984 ], [ 167.719707802000016, -44.812052905999963 ], [ 167.71980699900007, -44.812285770999949 ], [ 167.719920391000073, -44.812804677999964 ], [ 167.719946367000034, -44.812825715999963 ], [ 167.72010716300008, -44.812955941999974 ], [ 167.720655862000058, -44.813095268999973 ] ], [ [ 167.675150378000012, -45.012502439999935 ], [ 167.674400218000073, -45.011602139999979 ], [ 167.673152956000081, -45.011860175999971 ], [ 167.672480080000014, -45.012559586999942 ], [ 167.67283778500007, -45.013441788999955 ], [ 167.673948838000115, -45.015224481999951 ], [ 167.673881508000022, -45.016235886999937 ], [ 167.673823828000081, -45.017107965999969 ], [ 167.673499880000122, -45.018837959999985 ], [ 167.672175072000073, -45.020251238999947 ], [ 167.672117308000111, -45.021123315999944 ], [ 167.673648578000098, -45.022623289999956 ], [ 167.674554086000057, -45.024396483999965 ], [ 167.674496352000119, -45.025268561999951 ], [ 167.673094095000124, -45.027837071999954 ], [ 167.672432593000053, -45.028532471999938 ], [ 167.671572593000064, -45.029087950999951 ], [ 167.672128160000057, -45.029979318999949 ], [ 167.673760231000074, -45.030036558999939 ], [ 167.675168743000086, -45.030520869999975 ], [ 167.676354761000084, -45.031143687999986 ], [ 167.677986866000083, -45.031200902999956 ], [ 167.678263900000047, -45.030190150999942 ], [ 167.677708077000034, -45.029298805999986 ], [ 167.67777628500005, -45.028278428999954 ], [ 167.679543800000033, -45.026457128999937 ], [ 167.682098498000073, -45.025082395999959 ], [ 167.684052915000052, -45.023404943999935 ], [ 167.684733043000051, -45.022417247999954 ], [ 167.685011573000111, -45.021406555999931 ], [ 167.684454173000063, -45.020515169999953 ], [ 167.682039613000029, -45.019858414999931 ], [ 167.681048461000046, -45.019384396999953 ], [ 167.680908642000077, -45.018358942999953 ], [ 167.681185148000054, -45.017352670999969 ], [ 167.681043053000053, -45.01633616099997 ], [ 167.679825643000072, -45.016144759999975 ], [ 167.678588818000094, -45.016254595999953 ], [ 167.677373124000042, -45.016063283999983 ], [ 167.676600908000069, -45.015315273999931 ], [ 167.675499260000038, -45.013533044999974 ], [ 167.675150378000012, -45.012502439999935 ] ], [ [ 167.44927296700007, -45.072259315999986 ], [ 167.449273531000017, -45.07191979299995 ], [ 167.449235824000084, -45.071646339999972 ], [ 167.449068762000024, -45.071389302999933 ], [ 167.449160408000012, -45.071099434999951 ], [ 167.449319405000097, -45.071107079999933 ], [ 167.449416960000121, -45.071089134999966 ], [ 167.449554945000045, -45.070982585999957 ], [ 167.449572204000106, -45.070802322999953 ], [ 167.449682703000121, -45.070649178999986 ], [ 167.449937095000109, -45.070661410999946 ], [ 167.449961343000041, -45.070655854999984 ], [ 167.450100405000057, -45.070623988999955 ], [ 167.45017047400006, -45.070559447999983 ], [ 167.450406009000062, -45.07043495299996 ], [ 167.450535362000096, -45.070418535999977 ], [ 167.450755796000067, -45.070451768999931 ], [ 167.451071628000022, -45.07048958799993 ], [ 167.451605741000094, -45.070583172999932 ], [ 167.452205608000099, -45.070657276999953 ], [ 167.452432515000055, -45.070622908999951 ], [ 167.452568336000013, -45.070538889999966 ], [ 167.452842134000093, -45.070348318999947 ], [ 167.452914355000075, -45.070261242999948 ], [ 167.452915430000076, -45.070250018999957 ], [ 167.452931604000014, -45.070080979999943 ], [ 167.452859926000087, -45.069828531999974 ], [ 167.452747824000085, -45.069664688999978 ], [ 167.452508530000046, -45.069494732999942 ], [ 167.452364631000023, -45.069329361999962 ], [ 167.452354396000032, -45.069102503999943 ], [ 167.45263249900006, -45.06886686699994 ], [ 167.452794189000087, -45.068512451999936 ], [ 167.453042646000085, -45.068252752999967 ], [ 167.453411823000124, -45.06806676399998 ], [ 167.45355410500008, -45.067915144999972 ], [ 167.453571350000061, -45.067734879999932 ], [ 167.453674424000042, -45.067574118999971 ], [ 167.453683989000069, -45.067559199999948 ], [ 167.454543584000021, -45.06692140399997 ], [ 167.45544304800012, -45.066534518999958 ], [ 167.455606342000124, -45.066497089999984 ], [ 167.456053653000026, -45.066495938999935 ], [ 167.456380240000044, -45.066421078999952 ], [ 167.456846939000116, -45.06621712599997 ], [ 167.457182139000111, -45.066052130999935 ], [ 167.457445129000121, -45.065974212999947 ], [ 167.457843921000062, -45.065812269999981 ], [ 167.457920438000087, -45.065680124999972 ], [ 167.458143524000093, -45.065351288999977 ], [ 167.458175831000062, -45.065013291999946 ], [ 167.458430709000027, -45.064685980999968 ], [ 167.458606917000111, -45.06451334999997 ], [ 167.458660249000104, -45.064289545999941 ], [ 167.458620347000078, -45.064038627999935 ], [ 167.458406395000111, -45.06393780999997 ], [ 167.458266800000047, -45.063727378999943 ], [ 167.458186491000106, -45.063565068999935 ], [ 167.45757048400003, -45.062992213999962 ], [ 167.457539204000113, -45.062651163999931 ], [ 167.457656128000053, -45.062430413999948 ], [ 167.457936331000042, -45.062172229999931 ], [ 167.458216530000072, -45.06191404599997 ], [ 167.458524216000114, -45.061702453999942 ], [ 167.458761848000108, -45.061555407999947 ], [ 167.458933739000031, -45.061427841999944 ], [ 167.459213931000022, -45.061169654999958 ], [ 167.4592925930001, -45.061014975999967 ], [ 167.459207977000119, -45.060897730999955 ], [ 167.458811883000067, -45.060697622999953 ], [ 167.45799652900007, -45.060205745999951 ], [ 167.457443632000036, -45.059975465999969 ], [ 167.457070730000055, -45.059867011999984 ], [ 167.456717017000074, -45.059728660999951 ], [ 167.456608912000092, -45.059686375999945 ], [ 167.456148728000016, -45.059822727999972 ], [ 167.45589386000006, -45.060150033999946 ], [ 167.455736522000052, -45.06045938699998 ], [ 167.455506977000027, -45.060855817999936 ], [ 167.455478966000101, -45.061148747999937 ], [ 167.455310850000046, -45.061570764999942 ], [ 167.455028485000071, -45.061851475999958 ], [ 167.454493915000057, -45.062097430999984 ], [ 167.454025086000115, -45.06232390699995 ], [ 167.453903838000087, -45.062589718999959 ], [ 167.453687205000051, -45.062850947999948 ], [ 167.453263094000022, -45.062943749999931 ], [ 167.452573847000053, -45.063136990999965 ], [ 167.45197135300009, -45.063424942999973 ], [ 167.451451299000041, -45.063852676999943 ], [ 167.450887058000035, -45.064074552999955 ], [ 167.450486102000013, -45.06425900499994 ], [ 167.450080830000047, -45.06448852099993 ], [ 167.449476716000049, -45.064459470999964 ], [ 167.449175454000056, -45.064603439999985 ], [ 167.448844554000061, -45.064723344999948 ], [ 167.44840157200008, -45.064679402999957 ], [ 167.448160879000056, -45.064667824999958 ], [ 167.447956435000037, -45.064657990999933 ], [ 167.44770638600005, -45.064600688999974 ], [ 167.447187443000075, -45.064349356999969 ], [ 167.446977824000101, -45.064203450999969 ], [ 167.446721305000096, -45.06421374599995 ], [ 167.445714063000082, -45.064391645999933 ], [ 167.444802203000108, -45.064574127999947 ], [ 167.444180222000114, -45.065064833999941 ], [ 167.443709169000044, -45.065313799999956 ], [ 167.443337818000032, -45.065522289999933 ], [ 167.443336314000021, -45.065719494999939 ], [ 167.443332300000066, -45.066246399999955 ], [ 167.443106966000073, -45.066597739999963 ], [ 167.443021774000044, -45.066820005999944 ], [ 167.442819591000102, -45.067263006999951 ], [ 167.443226232000029, -45.068686062999973 ], [ 167.443253110000114, -45.069072180999967 ], [ 167.443392661000075, -45.069282629999975 ], [ 167.443639967000081, -45.069701996999981 ], [ 167.44386195800007, -45.070052233999945 ], [ 167.444143232000101, -45.070450596999933 ], [ 167.44451558500009, -45.070898616999955 ], [ 167.445271107000053, -45.071681987999966 ], [ 167.44565211500003, -45.072039872999937 ], [ 167.446035285000107, -45.072375222999938 ], [ 167.446390977000078, -45.072663976999934 ], [ 167.446680915000115, -45.072972202999949 ], [ 167.447038774000021, -45.073238421999974 ], [ 167.44718914200007, -45.07333620199995 ], [ 167.447498511000049, -45.073441628999944 ], [ 167.447727590000113, -45.073384737999959 ], [ 167.447825149000096, -45.07336679399998 ], [ 167.448492959000077, -45.073398911999959 ], [ 167.448685920000116, -45.073385554999959 ], [ 167.448917153000025, -45.073306127999956 ], [ 167.449059459000068, -45.073154514999942 ], [ 167.449174280000079, -45.07295630599998 ], [ 167.449240603000021, -45.072597308999946 ], [ 167.44927296700007, -45.072259315999986 ] ], [ [ 167.668257525000058, -45.002769117999947 ], [ 167.668013703000042, -45.003293391999932 ], [ 167.667726884000103, -45.003676836999944 ], [ 167.667392923000079, -45.004573805999939 ], [ 167.667442645000051, -45.005250485999966 ], [ 167.667627303000017, -45.005675548999932 ], [ 167.667821027000059, -45.006001855999955 ], [ 167.668118871000047, -45.006412310999963 ], [ 167.669192910000106, -45.006992584999978 ], [ 167.669811041000116, -45.007322811999984 ], [ 167.670234749000088, -45.007580382999947 ], [ 167.670519639000076, -45.00772576199995 ], [ 167.670985307000024, -45.007932378999953 ], [ 167.67175519500006, -45.00807370299998 ], [ 167.672126411000022, -45.008090838999976 ], [ 167.67257187000007, -45.008111400999951 ], [ 167.673146498000051, -45.008349482999961 ], [ 167.673788133000016, -45.008669986999962 ], [ 167.674251404000074, -45.008902922999937 ], [ 167.674969708000049, -45.009200512999939 ], [ 167.67514807900011, -45.009288075999962 ], [ 167.675489422000055, -45.009224489999951 ], [ 167.675500813000099, -45.009226184999932 ], [ 167.675746866000054, -45.009262809999939 ], [ 167.675925238000104, -45.009350372999961 ], [ 167.676507132000097, -45.009509435999973 ], [ 167.676804114000106, -45.009523132999959 ], [ 167.677388426000107, -45.009655857999974 ], [ 167.678146291000076, -45.009928805999948 ], [ 167.678483464000124, -45.010317689999965 ], [ 167.678719489000059, -45.010589907999986 ], [ 167.679014063000068, -45.010629931999972 ], [ 167.679793657000118, -45.010665867999933 ], [ 167.680844669000066, -45.01140186899994 ], [ 167.681240978000119, -45.011552353999946 ], [ 167.681711537000069, -45.011706258999936 ], [ 167.683276549000084, -45.01212213499997 ], [ 167.683898026000065, -45.012256535999938 ], [ 167.684016631000077, -45.012182664999955 ], [ 167.684154513000067, -45.01189812399997 ], [ 167.684215734000077, -45.011636496999984 ], [ 167.684254291000116, -45.01121515799997 ], [ 167.68426054300005, -45.010739441999931 ], [ 167.684236518000034, -45.010367923999979 ], [ 167.684214234000024, -45.010023303999958 ], [ 167.684665960000075, -45.009568102999935 ], [ 167.684838546000037, -45.009311603999947 ], [ 167.68493929400006, -45.009025351999981 ], [ 167.685053666000044, -45.008664930999942 ], [ 167.685096438000073, -45.008530139999948 ], [ 167.685244927000099, -45.008536977999938 ], [ 167.685541905000036, -45.00855065099995 ], [ 167.685771866000096, -45.00848190499994 ], [ 167.685793546000014, -45.008244900999955 ], [ 167.685691815000041, -45.008134438999946 ], [ 167.685404475000041, -45.008015430999933 ], [ 167.685028437000028, -45.00805100499997 ], [ 167.68449668300002, -45.008158739999942 ], [ 167.684266721000085, -45.008227484999964 ], [ 167.684121620000042, -45.008591027999955 ], [ 167.684048353000094, -45.008984322999936 ], [ 167.682992050000053, -45.009120781999968 ], [ 167.682874894000065, -45.008771604999936 ], [ 167.682543204000012, -45.008729879999976 ], [ 167.681979136000109, -45.008783226999981 ], [ 167.681144611000036, -45.008533215999933 ], [ 167.681016366000108, -45.008712418999949 ], [ 167.680623442000069, -45.008932313999935 ], [ 167.680378055000119, -45.008762335999961 ], [ 167.680397346000063, -45.008551667999939 ], [ 167.680356862000053, -45.008179575999975 ], [ 167.67986127000006, -45.007892286999947 ], [ 167.679383513000062, -45.007817374999945 ], [ 167.679038829000092, -45.007510592999949 ], [ 167.678939524000043, -45.007373790999964 ], [ 167.678105033000065, -45.007123758999967 ], [ 167.677802305000114, -45.006766016999961 ], [ 167.677710243000092, -45.006550213999958 ], [ 167.677644721000092, -45.006044740999982 ], [ 167.677351652000084, -45.005581664999966 ], [ 167.677048937000109, -45.005223920999981 ], [ 167.676414563000094, -45.004824435999979 ], [ 167.675661599000023, -45.004498808999983 ], [ 167.674732703000018, -45.004059279999979 ], [ 167.674714895000079, -45.003846898999939 ], [ 167.674607455000114, -45.00339237999998 ], [ 167.674559770000087, -45.003099286999941 ], [ 167.673950484000102, -45.002833165999959 ], [ 167.673572059000094, -45.002895035999984 ], [ 167.673138713000071, -45.002742809999972 ], [ 167.672791678000067, -45.002462342999934 ], [ 167.672476934000088, -45.002236255999946 ], [ 167.671377893000113, -45.002026845999978 ], [ 167.67119472100012, -45.00199194299995 ], [ 167.670751727000038, -45.001945042999978 ], [ 167.670382966000034, -45.001901567999937 ], [ 167.669662564000078, -45.001874101999931 ], [ 167.669392495000011, -45.001914728999964 ], [ 167.668916473000081, -45.00198633399998 ], [ 167.668686507000075, -45.002055049999967 ], [ 167.668506781000019, -45.002185588999964 ], [ 167.668257525000058, -45.002769117999947 ] ], [ [ 167.543079544000079, -44.905395286999976 ], [ 167.543347345000029, -44.905947371999957 ], [ 167.543506439000112, -44.906380748999936 ], [ 167.543692043000078, -44.906531489999963 ], [ 167.544320455000047, -44.907072264999954 ], [ 167.544922378000024, -44.907895676999942 ], [ 167.545739083000058, -44.908558918999972 ], [ 167.546285339000065, -44.909124181999971 ], [ 167.547184276000053, -44.909762916999966 ], [ 167.547640374000025, -44.910011622999946 ], [ 167.548499519000075, -44.910222623999971 ], [ 167.548746112000117, -44.910149125999965 ], [ 167.549188878000109, -44.909687463999944 ], [ 167.550196529000118, -44.910019036999984 ], [ 167.550053376000051, -44.910267766999937 ], [ 167.550095856000098, -44.910667223999951 ], [ 167.550384929000074, -44.910993183999949 ], [ 167.550769445000014, -44.911153319999983 ], [ 167.551053165000098, -44.911109963999934 ], [ 167.55141280700002, -44.910865389999969 ], [ 167.551641784000026, -44.910797136999975 ], [ 167.552068650000024, -44.910505046999958 ], [ 167.552164081000114, -44.910339225999962 ], [ 167.552304579000065, -44.910118756999964 ], [ 167.552829588000122, -44.910058417999949 ], [ 167.553243293000037, -44.910333484999967 ], [ 167.553466064000077, -44.91051435299994 ], [ 167.553813454000078, -44.910644334999972 ], [ 167.554174076000095, -44.910632996999936 ], [ 167.554545278000091, -44.910508599999957 ], [ 167.554635411000049, -44.910399303999952 ], [ 167.554569089000097, -44.910254223999971 ], [ 167.554173988000116, -44.910207154999966 ], [ 167.553476566000086, -44.909975456999973 ], [ 167.553211375000046, -44.909820970999931 ], [ 167.553041613000119, -44.90950066299996 ], [ 167.553343848000054, -44.909259452999947 ], [ 167.553357985000048, -44.909234885999979 ], [ 167.553486985000063, -44.90901071899998 ], [ 167.553293327000119, -44.908518945999958 ], [ 167.552821260000087, -44.908014005999974 ], [ 167.552113211000119, -44.907469514999946 ], [ 167.551734011000121, -44.907252852999932 ], [ 167.551283211000055, -44.906947637999963 ], [ 167.550609667000117, -44.906461544999956 ], [ 167.550471698000024, -44.905802066999968 ], [ 167.550063277000049, -44.905044622999981 ], [ 167.549792767000099, -44.904520815999945 ], [ 167.549230579000096, -44.903699311999958 ], [ 167.548769179000033, -44.903081300999986 ], [ 167.548347560000025, -44.902465169999971 ], [ 167.547888828000055, -44.901818891999937 ], [ 167.54762633900009, -44.901636129999986 ], [ 167.546955572000115, -44.901547592999975 ], [ 167.546247688000108, -44.901428905999978 ], [ 167.545208413000069, -44.901436462999982 ], [ 167.544495251000058, -44.901800132999938 ], [ 167.544147949000035, -44.902095962999965 ], [ 167.543633617000069, -44.902469046999954 ], [ 167.543373798000061, -44.902683850999949 ], [ 167.543164349000108, -44.902787484999976 ], [ 167.54275340300012, -44.902909958999942 ], [ 167.542443203000062, -44.903235931999973 ], [ 167.542231099000105, -44.903793667999935 ], [ 167.542103833000056, -44.904298645999972 ], [ 167.542254959000047, -44.904816815999936 ], [ 167.542748117000087, -44.90509568899995 ], [ 167.543079544000079, -44.905395286999976 ] ], [ [ 167.70059354600005, -44.823794989999953 ], [ 167.700193581000121, -44.824045043999945 ], [ 167.699736356000017, -44.824170426999956 ], [ 167.698206183000025, -44.824026735999951 ], [ 167.697350194000023, -44.824011709999979 ], [ 167.69669027000009, -44.82410333699994 ], [ 167.696032553000123, -44.824170655999978 ], [ 167.69531857000004, -44.824479440999937 ], [ 167.694959363000066, -44.824658136999972 ], [ 167.694364280000059, -44.825167647999933 ], [ 167.693469422000021, -44.825956212999984 ], [ 167.692416762000107, -44.827347656999962 ], [ 167.693467621000082, -44.827859830999955 ], [ 167.69352583400007, -44.828350641999975 ], [ 167.693230480000011, -44.828581089999943 ], [ 167.694009379000022, -44.828690215999984 ], [ 167.694408431000056, -44.828074043999948 ], [ 167.69482933200004, -44.827971411999954 ], [ 167.695587340000088, -44.827933126999937 ], [ 167.696938002000024, -44.828166205999935 ], [ 167.697049306000054, -44.828073707999977 ], [ 167.697237760000121, -44.827887138999984 ], [ 167.697729171000105, -44.827763337999954 ], [ 167.698102648000031, -44.827804947999937 ], [ 167.698516909000091, -44.827775215999964 ], [ 167.698905857000113, -44.827646690999984 ], [ 167.700786503000018, -44.827708879999932 ], [ 167.703573842000083, -44.827983601999961 ], [ 167.706005265000044, -44.828778824999972 ], [ 167.706611214000077, -44.828904314999932 ], [ 167.707057428000098, -44.828900426999951 ], [ 167.70762040000011, -44.829121560999965 ], [ 167.708283633000065, -44.829371705999961 ], [ 167.708987646000082, -44.82955050399994 ], [ 167.709563866000053, -44.829625799999974 ], [ 167.710021112000049, -44.829500375999942 ], [ 167.710331842000073, -44.829099750999944 ], [ 167.710663488000023, -44.828846522999982 ], [ 167.710960979000106, -44.828591723999978 ], [ 167.711230927000088, -44.828262440999936 ], [ 167.711366462000115, -44.827902575999985 ], [ 167.71107892100008, -44.827669709999952 ], [ 167.71017328400012, -44.827823346999935 ], [ 167.709253338000053, -44.827756661999956 ], [ 167.708210016000066, -44.82753785999995 ], [ 167.706816444000083, -44.826643976999947 ], [ 167.706273361000058, -44.826204097999948 ], [ 167.705543031000047, -44.825560352999958 ], [ 167.70471026000007, -44.824911890999942 ], [ 167.704292777000092, -44.824599807999959 ], [ 167.703706750000038, -44.824255563999941 ], [ 167.702970877000098, -44.824050858999954 ], [ 167.702105030000098, -44.823766945999978 ], [ 167.701990511000076, -44.823517611999932 ], [ 167.701689778000059, -44.823430549999955 ], [ 167.701236981000079, -44.823507331999963 ], [ 167.700852485000041, -44.82358725499995 ], [ 167.70059354600005, -44.823794989999953 ] ], [ [ 167.651804341000116, -44.749959039999965 ], [ 167.651219056000059, -44.750041587999931 ], [ 167.650751325000101, -44.750102158999937 ], [ 167.650401154000065, -44.750140753999972 ], [ 167.649495751000018, -44.749933938999959 ], [ 167.647906812000087, -44.750100076999956 ], [ 167.646596109000029, -44.75013710099995 ], [ 167.645799251000085, -44.750198046999969 ], [ 167.644840730000055, -44.750521123999931 ], [ 167.644270222000046, -44.750739694999936 ], [ 167.643706432000045, -44.750885032999975 ], [ 167.643204431000072, -44.751106791999973 ], [ 167.642784384000038, -44.751185276999934 ], [ 167.642508087000124, -44.75119691499998 ], [ 167.642172239000047, -44.751107715999979 ], [ 167.641795413000068, -44.751090149999982 ], [ 167.640654360000099, -44.751527259999932 ], [ 167.639252683000109, -44.751805112999932 ], [ 167.638403600000061, -44.752059695999947 ], [ 167.637379960000089, -44.753090621999945 ], [ 167.637300842000059, -44.753577238999981 ], [ 167.637313283000026, -44.754190705999974 ], [ 167.637699715000053, -44.754478402999951 ], [ 167.638045165000108, -44.754837733999977 ], [ 167.637952593000023, -44.755470816999946 ], [ 167.637761726000122, -44.756050282999979 ], [ 167.637814545000083, -44.756224355999962 ], [ 167.638289699000097, -44.756295548999958 ], [ 167.638992837000046, -44.756132219999984 ], [ 167.640408704000038, -44.756075666999948 ], [ 167.641333085000042, -44.755751030999932 ], [ 167.641955841000026, -44.755338783999946 ], [ 167.642528643000105, -44.755095811999979 ], [ 167.643350868000084, -44.755134129999931 ], [ 167.644068077000043, -44.75519206499996 ], [ 167.645141323000075, -44.755119487999934 ], [ 167.646166199000049, -44.754824010999982 ], [ 167.64713598000003, -44.754378867999947 ], [ 167.647845788000041, -44.754142250999962 ], [ 167.648309061000077, -44.75396769799994 ], [ 167.648790323000071, -44.753788767999936 ], [ 167.648743468000021, -44.753686405999986 ], [ 167.648919895000063, -44.75369461899993 ], [ 167.64902440000003, -44.753675087999966 ], [ 167.649390162000032, -44.753606726999976 ], [ 167.64971202300012, -44.75345703499994 ], [ 167.65000554900007, -44.753196240999955 ], [ 167.650541716000021, -44.752809509999963 ], [ 167.650909437000109, -44.752579611999977 ], [ 167.650931633000027, -44.752542667999933 ], [ 167.651182131000041, -44.752125727999953 ], [ 167.651260555000022, -44.751690248999978 ], [ 167.651252254000042, -44.751360516999966 ], [ 167.651095555000097, -44.750968987999954 ], [ 167.650813785000082, -44.750681421999957 ], [ 167.650946372000021, -44.750495472999944 ], [ 167.651534167000023, -44.750385596999934 ], [ 167.65181765300008, -44.750234113999966 ], [ 167.651945228000045, -44.750102821999974 ], [ 167.651804341000116, -44.749959039999965 ] ], [ [ 167.304308666000111, -44.984446744999957 ], [ 167.304656374000047, -44.984028645999956 ], [ 167.304970922000052, -44.983427536999955 ], [ 167.304988633000107, -44.983247042999949 ], [ 167.304940873000078, -44.98316553899997 ], [ 167.304857291000076, -44.983022905999974 ], [ 167.304417217000037, -44.982819778999954 ], [ 167.304231471000094, -44.982629225999972 ], [ 167.303947538000102, -44.982397541999944 ], [ 167.30327795300002, -44.981929143999935 ], [ 167.302496021000024, -44.981564005999985 ], [ 167.301477503000115, -44.981005789999983 ], [ 167.300939275000019, -44.980761518999941 ], [ 167.300716862000058, -44.980424047999975 ], [ 167.300919074000035, -44.979926213999931 ], [ 167.300819656000044, -44.979377181999951 ], [ 167.300462390000121, -44.978851667999947 ], [ 167.299952547000089, -44.978318601999945 ], [ 167.299167152000109, -44.977989546999936 ], [ 167.29853434600011, -44.97766803899998 ], [ 167.297847139000055, -44.977380106999931 ], [ 167.297344435000014, -44.976774835999947 ], [ 167.296407652000084, -44.975386310999966 ], [ 167.295599842000115, -44.974765923999939 ], [ 167.294604, -44.974498962999974 ], [ 167.293757187000097, -44.974275647999946 ], [ 167.292329672000051, -44.974241201999973 ], [ 167.291806914000063, -44.974360396999941 ], [ 167.290852452000081, -44.974712117999957 ], [ 167.29084294900008, -44.975328311999931 ], [ 167.291971219000061, -44.976327356999946 ], [ 167.293121992000124, -44.977617700999986 ], [ 167.293602192000094, -44.977931682999952 ], [ 167.294013791000111, -44.978423635999945 ], [ 167.294490454000083, -44.978773712999953 ], [ 167.295596376000049, -44.979481414999952 ], [ 167.295851875000039, -44.980001906999973 ], [ 167.296158239000079, -44.980524914999933 ], [ 167.296569879000117, -44.981016859999954 ], [ 167.296923571000093, -44.981578481999975 ], [ 167.297975169000097, -44.982319742999948 ], [ 167.298858799000072, -44.982689939999943 ], [ 167.300142264000101, -44.983152458999939 ], [ 167.30114432400012, -44.984399080999935 ], [ 167.302115577000109, -44.984918685999958 ], [ 167.30277684400005, -44.984951388999946 ], [ 167.303321517000086, -44.984846417999961 ], [ 167.30397512400009, -44.984720447999962 ], [ 167.304308666000111, -44.984446744999957 ] ], [ [ 167.658956938000074, -45.147333574999948 ], [ 167.658944518000112, -45.147468268999944 ], [ 167.658563836000098, -45.147450689999971 ], [ 167.658551416000023, -45.147585382999978 ], [ 167.658361074000027, -45.147576593999986 ], [ 167.658348653000076, -45.147711286999936 ], [ 167.658158312000069, -45.147702497999944 ], [ 167.658145891000117, -45.147837190999951 ], [ 167.657765206000022, -45.147819609999942 ], [ 167.657777627000087, -45.147684915999946 ], [ 167.657396943000094, -45.147667332999958 ], [ 167.657409365000035, -45.147532638999962 ], [ 167.657028682000032, -45.147515054999985 ], [ 167.657041105000076, -45.147380361999979 ], [ 167.656852621000098, -45.147371654999972 ], [ 167.656722244000093, -45.147321035999937 ], [ 167.65662291700005, -45.147267246999945 ], [ 167.656520202000024, -45.147250202999942 ], [ 167.656292167000061, -45.147210496999946 ], [ 167.656101826000054, -45.147201701999961 ], [ 167.656089401000031, -45.147336396999947 ], [ 167.655899060000024, -45.147327601999962 ], [ 167.655886635000115, -45.147462295999958 ], [ 167.655696293000119, -45.147453501999962 ], [ 167.655683868000096, -45.147588194999969 ], [ 167.6554935260001, -45.147579400999973 ], [ 167.655481099000099, -45.14771409399998 ], [ 167.6543390490001, -45.147661318999951 ], [ 167.654326619000017, -45.147796012999947 ], [ 167.653945935000024, -45.147778417999973 ], [ 167.653933505000055, -45.147913111999969 ], [ 167.653743162000069, -45.147904314999948 ], [ 167.653730732000099, -45.148039006999966 ], [ 167.653350046000014, -45.148021411999935 ], [ 167.653325182000117, -45.148290797999948 ], [ 167.653134838000028, -45.148281998999948 ], [ 167.65312240600008, -45.148416692999945 ], [ 167.652932062000104, -45.148407893999945 ], [ 167.652907196000115, -45.148677279999959 ], [ 167.652716850000047, -45.148668480999959 ], [ 167.652704417000109, -45.148803173999966 ], [ 167.652514072000031, -45.148794374999966 ], [ 167.652489204000062, -45.149063760999979 ], [ 167.652298858000108, -45.149054960999933 ], [ 167.652273989000037, -45.149324347999936 ], [ 167.652464335000104, -45.149333147999982 ], [ 167.652451901000063, -45.149467840999932 ], [ 167.6537843320001, -45.149529432999941 ], [ 167.653796764000049, -45.149394738999945 ], [ 167.654367806000096, -45.14942113099994 ], [ 167.654342946000043, -45.149690517999943 ], [ 167.653391205000048, -45.149646529999984 ], [ 167.65335390700011, -45.150050609999937 ], [ 167.653544257000021, -45.150059407999947 ], [ 167.653531825000073, -45.150194100999954 ], [ 167.653722174000109, -45.150202898999964 ], [ 167.653709743000036, -45.150337592999961 ], [ 167.653900093000061, -45.150346390999971 ], [ 167.653887661000113, -45.150481083999978 ], [ 167.654268363000028, -45.150498677999963 ], [ 167.654255933000059, -45.150633371999959 ], [ 167.654446284000073, -45.15064216899998 ], [ 167.65442142400002, -45.150911554999936 ], [ 167.654611776000024, -45.150920351999957 ], [ 167.654586916000085, -45.15118973899996 ], [ 167.654777270000068, -45.151198534999935 ], [ 167.654752411000118, -45.151467921999938 ], [ 167.65494276600009, -45.151476718999959 ], [ 167.654917906000037, -45.151746104999972 ], [ 167.655108262000113, -45.151754900999947 ], [ 167.655095833000019, -45.151889593999954 ], [ 167.655666901000018, -45.151915978999966 ], [ 167.655679328000019, -45.151781285999959 ], [ 167.655869684000095, -45.151790079999955 ], [ 167.655882111000096, -45.151655386999948 ], [ 167.656453176000014, -45.151681767999946 ], [ 167.656465602000026, -45.151547074999939 ], [ 167.656846312000084, -45.151564659999963 ], [ 167.656858737000107, -45.151429966999956 ], [ 167.657810510000104, -45.151473925999937 ], [ 167.657822931000055, -45.151339231999941 ], [ 167.658393995000097, -45.151365602999931 ], [ 167.658381574000032, -45.151500297999974 ], [ 167.659904416000018, -45.151570607999986 ], [ 167.659916834000114, -45.151435913999933 ], [ 167.66029754300007, -45.151453487999959 ], [ 167.660309960000063, -45.151318793999963 ], [ 167.661452089000022, -45.151371509999933 ], [ 167.661439677000089, -45.15150620299994 ], [ 167.662772166000082, -45.151567690999968 ], [ 167.662784577000025, -45.151432995999983 ], [ 167.663165289000062, -45.151450559999944 ], [ 167.663177697000037, -45.151315865999948 ], [ 167.663558408000085, -45.151333428999976 ], [ 167.66357081700005, -45.15119873499998 ], [ 167.663951527000108, -45.151216296999962 ], [ 167.663963935000083, -45.151081601999977 ], [ 167.664344643000049, -45.151099162999969 ], [ 167.664357051000025, -45.150964467999984 ], [ 167.664547405000121, -45.150973247999957 ], [ 167.664559811000117, -45.150838553999961 ], [ 167.66475016600009, -45.150847332999945 ], [ 167.664936246000025, -45.148826912999937 ], [ 167.664745898000092, -45.148818133999953 ], [ 167.664783114000102, -45.148414049999985 ], [ 167.664592768000034, -45.148405269999955 ], [ 167.664629985000033, -45.148001186999977 ], [ 167.664439641000058, -45.147992405999958 ], [ 167.664476858000057, -45.147588322999979 ], [ 167.664286515000072, -45.147579542999949 ], [ 167.664298920000078, -45.147444847999964 ], [ 167.664108579000072, -45.147436067999934 ], [ 167.664133391000064, -45.147166678999952 ], [ 167.662610661000031, -45.147096425999962 ], [ 167.662623072000088, -45.146961730999976 ], [ 167.662242390000074, -45.146944164999979 ], [ 167.662229979000017, -45.147078858999976 ], [ 167.661849298000107, -45.147061290999943 ], [ 167.661836885000071, -45.147195985999986 ], [ 167.66126586200005, -45.14716963199993 ], [ 167.661253450000117, -45.147304324999936 ], [ 167.659730720000084, -45.14723403399995 ], [ 167.659718302000101, -45.147368727999947 ], [ 167.658956938000074, -45.147333574999948 ] ], [ [ 167.70359997200012, -44.940160511999977 ], [ 167.704361259000052, -44.940634986999953 ], [ 167.705697113000042, -44.94091608399998 ], [ 167.70670304500004, -44.940742507999971 ], [ 167.707265643000028, -44.940680429999929 ], [ 167.708021080000094, -44.94053929699993 ], [ 167.708589722000056, -44.939730322999935 ], [ 167.708534146000034, -44.938980604999983 ], [ 167.708524272000091, -44.938408787999947 ], [ 167.708275867000111, -44.937738123999964 ], [ 167.707302029000061, -44.936199090999935 ], [ 167.707214622000038, -44.935799518999943 ], [ 167.705721895000124, -44.935203575999935 ], [ 167.705437692000032, -44.934926818999941 ], [ 167.704922948000103, -44.934463668999967 ], [ 167.703142111000034, -44.933634701999949 ], [ 167.702903608000042, -44.933535841999969 ], [ 167.702402693000067, -44.933600729999966 ], [ 167.702082648000101, -44.933717877999982 ], [ 167.701712939000117, -44.933700888999965 ], [ 167.701096756000084, -44.933672571999978 ], [ 167.700271801000099, -44.933898363999958 ], [ 167.700043092000101, -44.934371314999964 ], [ 167.699679177000121, -44.934969904999946 ], [ 167.699619368000072, -44.935626424999953 ], [ 167.699806042000091, -44.936294274999966 ], [ 167.700272919000099, -44.937282664999941 ], [ 167.700944614000036, -44.938060706999977 ], [ 167.701385776000052, -44.938652346999959 ], [ 167.701912489000051, -44.938984208999955 ], [ 167.702212636000013, -44.939085901999931 ], [ 167.702673748000052, -44.939458695999974 ], [ 167.70359997200012, -44.940160511999977 ] ], [ [ 167.561150568000016, -44.994542636999938 ], [ 167.560763094000094, -44.994707134999942 ], [ 167.560651010000015, -44.994681541999967 ], [ 167.560345139000106, -44.994585885999982 ], [ 167.560039273000029, -44.99449022899995 ], [ 167.559832235000044, -44.994561694999959 ], [ 167.559761989000094, -44.994700536999972 ], [ 167.559805722000078, -44.994844753999985 ], [ 167.559955860000059, -44.995075222999958 ], [ 167.559961719000057, -44.995623811999963 ], [ 167.559819242000117, -44.995617091999975 ], [ 167.559707155000069, -44.995591495999975 ], [ 167.559583619000023, -44.995382591999942 ], [ 167.559268278000104, -44.995388024999954 ], [ 167.559255020000023, -44.995529554999962 ], [ 167.55937855500008, -44.995738460999974 ], [ 167.559646465000014, -44.995933867999952 ], [ 167.56018409100011, -44.995999839999968 ], [ 167.56042350700011, -44.996193901999959 ], [ 167.560702783000124, -44.996267995999972 ], [ 167.561611539000069, -44.998483784999962 ], [ 167.561516777000065, -44.999190088999967 ], [ 167.56132307200005, -44.99942464999998 ], [ 167.560926100000074, -44.999690240999939 ], [ 167.56052533400009, -44.999996267999961 ], [ 167.560251813000036, -45.00016613899993 ], [ 167.560341183000105, -45.000434354999982 ], [ 167.560305200000016, -45.000818506999963 ], [ 167.560291944000028, -45.000960035999981 ], [ 167.559961687000055, -45.002041081999948 ], [ 167.559450950000041, -45.003215154999964 ], [ 167.559190754000042, -45.00354811699998 ], [ 167.558972316000109, -45.00374089099995 ], [ 167.558670273000075, -45.003909415999942 ], [ 167.558398620000048, -45.004059063999932 ], [ 167.55789139400008, -45.004278828999929 ], [ 167.557695762000094, -45.004533601999981 ], [ 167.557771787000092, -45.004638727999975 ], [ 167.557914285000038, -45.004645450999931 ], [ 167.558298045000015, -45.004521398999941 ], [ 167.558590620000018, -45.00445396799995 ], [ 167.558797695000067, -45.004382504999967 ], [ 167.559042742000088, -45.004211292999969 ], [ 167.559166213000026, -45.004115576999936 ], [ 167.559424603000025, -45.004107455999986 ], [ 167.559745673000066, -45.004041366999957 ], [ 167.560203559000115, -45.004042651999953 ], [ 167.561274988000037, -45.003605783999944 ], [ 167.561863908000078, -45.003430469999955 ], [ 167.562483216000032, -45.003236278999964 ], [ 167.562866957000097, -45.003112211999962 ], [ 167.563250696000068, -45.002988142999982 ], [ 167.563619182000025, -45.002721199999939 ], [ 167.563583004000066, -45.002496109999981 ], [ 167.564057691000016, -45.001706170999967 ], [ 167.564424274000089, -45.001459443999977 ], [ 167.564720496000064, -45.001046938999934 ], [ 167.564872333000039, -45.000647938999975 ], [ 167.564927322000017, -45.000366221999968 ], [ 167.564839822000067, -45.000077791999956 ], [ 167.564701005000074, -44.999726018999979 ], [ 167.564497625000058, -44.999452435999956 ], [ 167.564315175000047, -44.999261067999953 ], [ 167.564047236000079, -44.999065671999972 ], [ 167.5639161040001, -44.998937646999934 ], [ 167.564457211000104, -44.998049296999966 ], [ 167.56475530900002, -44.99761657199997 ], [ 167.564874855000085, -44.997256664999952 ], [ 167.564986831000056, -44.996977631999982 ], [ 167.565079773000093, -44.996596162999936 ], [ 167.565216343000088, -44.996054287999982 ], [ 167.565176262000023, -44.995565012999975 ], [ 167.565010965000056, -44.995496300999946 ], [ 167.564832426000066, -44.995569119999971 ], [ 167.56461403600008, -44.995761905999984 ], [ 167.564359582000066, -44.99603422399997 ], [ 167.564020855000081, -44.996289515999933 ], [ 167.563928474000022, -44.996359139999981 ], [ 167.563195260000043, -44.996547968999948 ], [ 167.562642484000094, -44.996643758999937 ], [ 167.562330921000012, -44.996608763999973 ], [ 167.562285289000101, -44.99648476599998 ], [ 167.562323249000087, -44.996385015999977 ], [ 167.562545435000061, -44.996151796999982 ], [ 167.562727764000101, -44.996038544999976 ], [ 167.562972763000062, -44.99586732399996 ], [ 167.563272859000108, -44.995719005999945 ], [ 167.563591985000016, -44.99567312399995 ], [ 167.563430584000116, -44.995868594999934 ], [ 167.563434475000122, -44.996132778999936 ], [ 167.563639623000086, -44.996081525999955 ], [ 167.563977675000046, -44.995833455999957 ], [ 167.564368930000114, -44.995628508999971 ], [ 167.564612031000024, -44.995477502999961 ], [ 167.564822851000031, -44.99536558899996 ], [ 167.565092552000124, -44.995236143999932 ], [ 167.565233018000072, -44.994958453999971 ], [ 167.564458088000038, -44.995287477999966 ], [ 167.564144641000098, -44.99527270699997 ], [ 167.564061047000109, -44.995248458999981 ], [ 167.564053368000032, -44.995024710999985 ], [ 167.564228010000079, -44.994687709999937 ], [ 167.564482460000022, -44.994415391999951 ], [ 167.56464196200011, -44.994240136999963 ], [ 167.564981770000031, -44.993924297999968 ], [ 167.564765172000079, -44.993535170999962 ], [ 167.564818262000017, -44.99327367099994 ], [ 167.564934015000063, -44.992954200999975 ], [ 167.564983320000124, -44.992733138999938 ], [ 167.56484085000011, -44.992726424999944 ], [ 167.564823717000081, -44.992726629999936 ], [ 167.564497031000087, -44.99273053099995 ], [ 167.564166568000019, -44.992897726999956 ], [ 167.564062163000017, -44.993095884999946 ], [ 167.563792472000046, -44.993225328999984 ], [ 167.563534131000097, -44.993233459999942 ], [ 167.562992741000016, -44.993207939999934 ], [ 167.56253494200007, -44.993206667999971 ], [ 167.562077145000103, -44.993205391999936 ], [ 167.561588958000016, -44.993222989999936 ], [ 167.561499689000016, -44.993259396999974 ], [ 167.561628909000092, -44.993407644999934 ], [ 167.56178283600002, -44.993597672999954 ], [ 167.561737304000076, -44.993778296999949 ], [ 167.561583474000031, -44.993892890999973 ], [ 167.561283383000045, -44.994041202999938 ], [ 167.561129551000022, -44.994155796999962 ], [ 167.561114406000115, -44.994317545999934 ], [ 167.561150568000016, -44.994542636999938 ] ], [ [ 167.567522090000011, -44.786830840999983 ], [ 167.566951580000023, -44.786774596999976 ], [ 167.566493034000018, -44.78684078699996 ], [ 167.565906220000102, -44.786959486999933 ], [ 167.565084605000038, -44.786949937999964 ], [ 167.564514096000039, -44.786893680999981 ], [ 167.564322964000098, -44.786738210999943 ], [ 167.564778619000094, -44.786261879999984 ], [ 167.56520437000006, -44.786106285999949 ], [ 167.565640988000041, -44.785834057999978 ], [ 167.565957308000065, -44.785087555999951 ], [ 167.565883392000046, -44.784556901999963 ], [ 167.565673060000108, -44.78416623499993 ], [ 167.565413638000109, -44.783861104999971 ], [ 167.565238819000115, -44.783530687999985 ], [ 167.565083027000014, -44.78299616299995 ], [ 167.56498466100004, -44.782727931999943 ], [ 167.564735946000042, -44.781866860999969 ], [ 167.564381066000124, -44.781703648999951 ], [ 167.564012597000101, -44.781686226999966 ], [ 167.563676914000098, -44.781758212999932 ], [ 167.563030172000026, -44.782079069999952 ], [ 167.562814590000016, -44.782186020999973 ], [ 167.562629073000039, -44.782411539999941 ], [ 167.562312573000099, -44.782718723999949 ], [ 167.562274504000015, -44.783126936999963 ], [ 167.562381015000028, -44.783307695999952 ], [ 167.562604916000055, -44.783552578999945 ], [ 167.562654172000066, -44.783906349999938 ], [ 167.562509591000094, -44.784133804999954 ], [ 167.56223130300009, -44.784472082999969 ], [ 167.562204110000039, -44.784763664999957 ], [ 167.562269681000089, -44.784942486999967 ], [ 167.56287855100004, -44.785469157999955 ], [ 167.563091587000031, -44.785830671999975 ], [ 167.563097185000061, -44.78621166399995 ], [ 167.563018174000035, -44.786617941999964 ], [ 167.562617043000046, -44.786950412999943 ], [ 167.562568096000064, -44.787475258999962 ], [ 167.562832959000048, -44.787722078999934 ], [ 167.563100544000122, -44.787939739999956 ], [ 167.563531911000041, -44.788165143999947 ], [ 167.563886830000115, -44.788328358999934 ], [ 167.564077966000013, -44.788483829999961 ], [ 167.564043236000089, -44.788544331999958 ], [ 167.564509342000065, -44.788709229999938 ], [ 167.56485611100004, -44.788959916999943 ], [ 167.565363951000109, -44.789247501999967 ], [ 167.565861729000062, -44.789623343999949 ], [ 167.56590187300003, -44.789653653999949 ], [ 167.566319679000117, -44.790024839999944 ], [ 167.566406068000106, -44.790128397999979 ], [ 167.566726619000065, -44.79051265499993 ], [ 167.567177234000042, -44.790973246999954 ], [ 167.567398467000089, -44.791247279999936 ], [ 167.567576037000094, -44.791548536999983 ], [ 167.567819206000081, -44.792028609999932 ], [ 167.568054228000051, -44.79259615899997 ], [ 167.568472069000109, -44.792967335999947 ], [ 167.568810529000075, -44.792866176999951 ], [ 167.569108038000081, -44.792763082999954 ], [ 167.569582923000098, -44.792521932999932 ], [ 167.570019571000103, -44.79224968699998 ], [ 167.570205091000048, -44.792024155999968 ], [ 167.57107587400003, -44.791948126999955 ], [ 167.571422468000037, -44.791759484999943 ], [ 167.571616128000073, -44.79144647499993 ], [ 167.571479483000076, -44.791147158999934 ], [ 167.570785862000093, -44.790645824999956 ], [ 167.569852002000061, -44.790074567999966 ], [ 167.568975403000081, -44.789330287999974 ], [ 167.568642195000052, -44.788933821999933 ], [ 167.568084651000049, -44.787413865999952 ], [ 167.567904373000033, -44.787141769999948 ], [ 167.567522090000011, -44.786830840999983 ] ], [ [ 167.721674395000036, -44.889415233999955 ], [ 167.721671253000068, -44.890574496999932 ], [ 167.721637488000056, -44.890946989999975 ], [ 167.721605839000063, -44.891296129999944 ], [ 167.721641945000101, -44.89202241299995 ], [ 167.72190071700004, -44.89254150599993 ], [ 167.722768624000082, -44.893088496999951 ], [ 167.722938968000108, -44.893458611999961 ], [ 167.722480553000082, -44.894017320999978 ], [ 167.723070075000123, -44.894261706999941 ], [ 167.723544998000079, -44.894645767999975 ], [ 167.724069143000065, -44.895611781999946 ], [ 167.724485239000046, -44.896645310999929 ], [ 167.725140172000124, -44.896168049999972 ], [ 167.726132356000107, -44.895343907999973 ], [ 167.726489221000065, -44.894780536999974 ], [ 167.726521898000101, -44.894419719999973 ], [ 167.726541506000103, -44.89420322899997 ], [ 167.727088336000065, -44.893793473999949 ], [ 167.727222533000031, -44.893437302999985 ], [ 167.72725520500012, -44.893076483999948 ], [ 167.727205959000116, -44.892494528999976 ], [ 167.727543194000077, -44.892147645999955 ], [ 167.727772370000025, -44.891868280999972 ], [ 167.727831172000037, -44.891218807999962 ], [ 167.727388919000077, -44.890473945999986 ], [ 167.726995918000057, -44.890311038999982 ], [ 167.726521007000088, -44.889926991999971 ], [ 167.726160689000039, -44.889403262999963 ], [ 167.726199900000097, -44.888970281999946 ], [ 167.726237695000123, -44.888910611999961 ], [ 167.725669483000047, -44.888643981999962 ], [ 167.725219123000102, -44.888226779999968 ], [ 167.724952115000065, -44.88811607599996 ], [ 167.723442496000075, -44.887902030999953 ], [ 167.722656553000093, -44.887576185999933 ], [ 167.722263586000054, -44.887413260999949 ], [ 167.721791505000056, -44.887574087999951 ], [ 167.721805214000028, -44.887971967999931 ], [ 167.721733265000012, -44.88876576499996 ], [ 167.721674395000036, -44.889415233999955 ] ], [ [ 167.518558238000082, -45.039525146999949 ], [ 167.518095706000054, -45.039280375999965 ], [ 167.517902338000113, -45.039210425999954 ], [ 167.517524991000073, -45.039273517999959 ], [ 167.517348633000097, -45.039325904999941 ], [ 167.516918215000032, -45.039345963999949 ], [ 167.516485892000105, -45.039386185999945 ], [ 167.516315248000069, -45.039378076999981 ], [ 167.515865772000097, -45.039599773999953 ], [ 167.515486513000042, -45.039683023999942 ], [ 167.51520210800004, -45.039669506999985 ], [ 167.514851290000024, -45.039754105999975 ], [ 167.514726090000067, -45.039869683999939 ], [ 167.514477594000027, -45.040080672999977 ], [ 167.514352391000102, -45.040196249999951 ], [ 167.51429535300008, -45.040497358999971 ], [ 167.514357798000106, -45.040743383999938 ], [ 167.514541633000022, -45.040914157999964 ], [ 167.514676058000077, -45.041305386999966 ], [ 167.514759168000069, -45.041937231999952 ], [ 167.515200585000116, -45.042707633999953 ], [ 167.515427971000122, -45.043022260999976 ], [ 167.515661077000118, -45.043276394999964 ], [ 167.515983327000072, -45.043494254999985 ], [ 167.516142544000104, -45.043623347999983 ], [ 167.516548220000118, -45.043865423999932 ], [ 167.516792626000097, -45.044302383999934 ], [ 167.516942318000019, -45.044532296999932 ], [ 167.517154618000063, -45.04470441999996 ], [ 167.517181013000027, -45.04502974899998 ], [ 167.51727763700012, -45.04521663099996 ], [ 167.517516476000083, -45.045410267999955 ], [ 167.517980824000119, -45.045938689999957 ], [ 167.518033763000062, -45.046285533999935 ], [ 167.518217627000013, -45.046456302999957 ], [ 167.518431842000041, -45.04660826099996 ], [ 167.518653680000057, -45.046679559999973 ], [ 167.518831966000107, -45.046607008999956 ], [ 167.519050125000035, -45.046414821999974 ], [ 167.519258757000102, -45.046323456999971 ], [ 167.519378805000088, -45.046258498999975 ], [ 167.51949964400012, -45.046193112999958 ], [ 167.519585371000062, -45.045879188999947 ], [ 167.519587010000123, -45.045873188999963 ], [ 167.519644028000016, -45.045572076999974 ], [ 167.519727581000097, -45.045292479999944 ], [ 167.519860402000063, -45.045096240999953 ], [ 167.519957160000104, -45.044979307999938 ], [ 167.520131630000037, -45.044947082999954 ], [ 167.520416064000074, -45.044960586999935 ], [ 167.520761192000123, -45.044936463999932 ], [ 167.520911026000022, -45.044862557999977 ], [ 167.521013494000044, -45.044685130999937 ], [ 167.5210325380001, -45.044483488999958 ], [ 167.521133101000032, -45.044326226999942 ], [ 167.521220335000066, -45.044310112999938 ], [ 167.521368262000124, -45.04425637199995 ], [ 167.521379687000035, -45.044135385999937 ], [ 167.521423363000054, -45.043975422999949 ], [ 167.52164912000012, -45.04370257599993 ], [ 167.521948780000116, -45.043554762999975 ], [ 167.522015184000111, -45.043456642999956 ], [ 167.52202851100003, -45.043315492999966 ], [ 167.521929974000045, -45.043148778999978 ], [ 167.521801088000075, -45.043000878999976 ], [ 167.52172349500006, -45.042612359999964 ], [ 167.521657209000068, -45.042406666999966 ], [ 167.521562480000057, -45.042199623999977 ], [ 167.521534158000122, -45.041894461999959 ], [ 167.521524756000076, -45.041691469999932 ], [ 167.521687909000093, -45.041476414999977 ], [ 167.521964825000055, -45.041266757999949 ], [ 167.521970536000026, -45.041206265999961 ], [ 167.522016113000063, -45.04102613799995 ], [ 167.520630225000104, -45.04057550999994 ], [ 167.520188499000028, -45.040412754999977 ], [ 167.519885170000066, -45.040297077999981 ], [ 167.519703224000068, -45.040106145999971 ], [ 167.519162979000043, -45.039776669999981 ], [ 167.518804678000038, -45.039638125999943 ], [ 167.518558238000082, -45.039525146999949 ] ], [ [ 167.541597139000032, -45.037400400999957 ], [ 167.541314178000107, -45.03762564799996 ], [ 167.540877324000121, -45.037896644999933 ], [ 167.540612972000076, -45.038122770999962 ], [ 167.540470258000028, -45.038049733999969 ], [ 167.540312665000101, -45.037737360999984 ], [ 167.540258073000018, -45.037522661999958 ], [ 167.540232019000086, -45.037402114999963 ], [ 167.540040898000029, -45.037446101999933 ], [ 167.539932920000069, -45.037600080999937 ], [ 167.539592877000018, -45.037637021999956 ], [ 167.539303726000071, -45.037530539999977 ], [ 167.538871866000022, -45.037351016999935 ], [ 167.538427586000012, -45.037303478999945 ], [ 167.53800892300012, -45.037275129999955 ], [ 167.537919987000123, -45.037531344999934 ], [ 167.537630777000118, -45.038021434999962 ], [ 167.537129357000026, -45.038382163999984 ], [ 167.536326381000094, -45.038569525999947 ], [ 167.535637578000092, -45.038735775999953 ], [ 167.534595106000097, -45.038686412999937 ], [ 167.534381633000066, -45.038769102999936 ], [ 167.534328240000036, -45.038938919999964 ], [ 167.534325721000073, -45.039164175999986 ], [ 167.534348032000025, -45.039324319999935 ], [ 167.534363278000114, -45.039374635999934 ], [ 167.534358393000048, -45.039374403999943 ], [ 167.53444046900006, -45.039601980999976 ], [ 167.534564891000059, -45.03977404799997 ], [ 167.534813762000113, -45.039952006999954 ], [ 167.53519329300002, -45.04023585799996 ], [ 167.535824866000098, -45.040332231999969 ], [ 167.536325804000057, -45.040156537999962 ], [ 167.536671159000093, -45.040139650999947 ], [ 167.537006107000025, -45.040399228999945 ], [ 167.537118077000059, -45.040703641999983 ], [ 167.537100405000047, -45.041057311999964 ], [ 167.537570076000065, -45.041296822999982 ], [ 167.537890638000022, -45.041460294999979 ], [ 167.538633219000076, -45.041373574999966 ], [ 167.539016957000058, -45.04128094899994 ], [ 167.539909899000122, -45.04142289999993 ], [ 167.540497939000034, -45.041483951999965 ], [ 167.541153394000048, -45.041492797999979 ], [ 167.541948860000048, -45.041508260999933 ], [ 167.542244440000104, -45.041356065999935 ], [ 167.542803446000107, -45.041227401999947 ], [ 167.543420525000101, -45.041478142999949 ], [ 167.543893448000063, -45.041434029999948 ], [ 167.544402670000068, -45.041336240999954 ], [ 167.544839294000099, -45.041345799999931 ], [ 167.545355775000075, -45.041336974999979 ], [ 167.545951076000051, -45.041320792999954 ], [ 167.54633168600003, -45.041095057999939 ], [ 167.546296411000071, -45.040805357999943 ], [ 167.546053720000032, -45.04056124899995 ], [ 167.545931335000091, -45.040367135999929 ], [ 167.545874281000124, -45.039976701999933 ], [ 167.545965783000042, -45.039923510999984 ], [ 167.546023951000052, -45.039836894999951 ], [ 167.545481596000059, -45.039638921999938 ], [ 167.545216005000043, -45.039480540999932 ], [ 167.544487495000112, -45.03907490499995 ], [ 167.544190880000087, -45.038848766999934 ], [ 167.543947634000119, -45.038651666999954 ], [ 167.543919091000021, -45.038557516999958 ], [ 167.544116414000086, -45.038248670999963 ], [ 167.544041952000043, -45.038046291999933 ], [ 167.544068011000036, -45.037769121999986 ], [ 167.54398858400009, -45.037619537999944 ], [ 167.543719283000087, -45.037500748999946 ], [ 167.543188127000121, -45.03738283499996 ], [ 167.542692962000046, -45.037279877999936 ], [ 167.542036463000045, -45.037301861999936 ], [ 167.541597139000032, -45.037400400999957 ] ], [ [ 167.525673324000081, -45.067058947999953 ], [ 167.526046345000054, -45.067121386999986 ], [ 167.526683468000101, -45.067062085999964 ], [ 167.527446330000089, -45.067008740999938 ], [ 167.527974522000022, -45.066765258999965 ], [ 167.528645267000115, -45.066349517999981 ], [ 167.529663803000062, -45.066263521999986 ], [ 167.530246446000092, -45.066112114999953 ], [ 167.530523139000024, -45.065856705999977 ], [ 167.530929772000036, -45.06556269899994 ], [ 167.531587876000117, -45.065280602999962 ], [ 167.532132838000052, -45.064858884999978 ], [ 167.532614924000086, -45.06443418799995 ], [ 167.533138872000109, -45.064235234999956 ], [ 167.533516082000119, -45.064253095999959 ], [ 167.534371048000025, -45.064562087999946 ], [ 167.534987141000101, -45.06472550999996 ], [ 167.535314081000024, -45.064606726999955 ], [ 167.535276401000033, -45.064336427999933 ], [ 167.535129778000055, -45.063881961999982 ], [ 167.535322683000118, -45.063175050999973 ], [ 167.535549064000065, -45.062782991999939 ], [ 167.535519780000072, -45.062423584999976 ], [ 167.535289304000116, -45.062188912999943 ], [ 167.534685833000026, -45.061891831999958 ], [ 167.531676534000098, -45.062331120999943 ], [ 167.531089732000055, -45.062527088999957 ], [ 167.530704131000107, -45.062598328999968 ], [ 167.530196998000065, -45.06261905599996 ], [ 167.529300057000114, -45.062755568999933 ], [ 167.528851585000098, -45.062823821999984 ], [ 167.526948773000072, -45.062912643999937 ], [ 167.525921883000024, -45.063087722999967 ], [ 167.525339260000123, -45.063239107999948 ], [ 167.524941029000047, -45.06344398799996 ], [ 167.524609869000074, -45.06360729499994 ], [ 167.52434578000009, -45.063729027999955 ], [ 167.524374994000027, -45.064088437999942 ], [ 167.524601226000073, -45.064367683999933 ], [ 167.524739354000076, -45.064911270999971 ], [ 167.524704980000024, -45.065104259999941 ], [ 167.524604975000102, -45.065665698999965 ], [ 167.524571323000032, -45.06602212699994 ], [ 167.52489490500011, -45.06639815099993 ], [ 167.525371587000109, -45.066910380999957 ], [ 167.525673324000081, -45.067058947999953 ] ], [ [ 167.633606456000052, -44.881441097999982 ], [ 167.633909527000014, -44.882004546999951 ], [ 167.634445137000057, -44.882595877999961 ], [ 167.635323181000103, -44.882993386999942 ], [ 167.635523576000082, -44.883380305999935 ], [ 167.635960939000029, -44.883757283999955 ], [ 167.636368926000046, -44.884132891999968 ], [ 167.637366453000027, -44.88451497099993 ], [ 167.637533639000026, -44.884942291999948 ], [ 167.637800512000013, -44.885248393999973 ], [ 167.638124227000048, -44.885578117999955 ], [ 167.638260327000012, -44.885628933999953 ], [ 167.638985821000119, -44.885741854999935 ], [ 167.640525641000067, -44.885998760999939 ], [ 167.64113106700006, -44.886026930999947 ], [ 167.641499663000104, -44.885797081999954 ], [ 167.641487561000076, -44.88472930599994 ], [ 167.641430599000046, -44.884599236999975 ], [ 167.641169476000073, -44.884230482999953 ], [ 167.640945429000112, -44.883779544999982 ], [ 167.640649165000013, -44.883472083999948 ], [ 167.640090407000116, -44.883131429999935 ], [ 167.639560505000077, -44.88247746299993 ], [ 167.639467988000092, -44.882200457999943 ], [ 167.639355708000039, -44.881817647999981 ], [ 167.63926703900006, -44.881498868999984 ], [ 167.639092159000029, -44.881155098999955 ], [ 167.638627341000074, -44.880755877999945 ], [ 167.638354714000116, -44.880512440999951 ], [ 167.638105696000025, -44.880333031999953 ], [ 167.637513758000068, -44.880032772999982 ], [ 167.637347107000096, -44.879920129999959 ], [ 167.63729412400005, -44.879854730999966 ], [ 167.636925157000064, -44.879376058999981 ], [ 167.63634670600004, -44.878929581999955 ], [ 167.636298981000095, -44.878486843999951 ], [ 167.635986863000085, -44.878031791999945 ], [ 167.635816373000011, -44.877960920999953 ], [ 167.635348263000083, -44.877918138999974 ], [ 167.635258579000038, -44.877937117999977 ], [ 167.633723398000029, -44.878261976999966 ], [ 167.633481178000011, -44.878649251999946 ], [ 167.633446524000078, -44.879025222999985 ], [ 167.633488451000062, -44.879530622999937 ], [ 167.633104614000104, -44.879533713999933 ], [ 167.633150388000104, -44.879997339999932 ], [ 167.633370010000021, -44.880175389999977 ], [ 167.63350585000012, -44.880622234999976 ], [ 167.633481318000122, -44.881208447999938 ], [ 167.633606456000052, -44.881441097999982 ] ], [ [ 167.22740409000005, -45.001619399999981 ], [ 167.227882581000017, -45.001071819999936 ], [ 167.228035955000109, -45.000808769999935 ], [ 167.227942155000051, -45.000473172999932 ], [ 167.227905438000107, -44.999990026999967 ], [ 167.227920331000064, -44.999840363999965 ], [ 167.227714862000084, -44.999348764999979 ], [ 167.227569942000059, -44.999100849999934 ], [ 167.227416085000073, -44.998942732999978 ], [ 167.226946066000096, -44.998979344999952 ], [ 167.226698900000088, -44.998906796999961 ], [ 167.226418486000057, -44.998742336999953 ], [ 167.226065617000017, -44.998453916999949 ], [ 167.225827393000031, -44.998291568999946 ], [ 167.225498838000021, -44.998184855999966 ], [ 167.225200550000068, -44.998199986999964 ], [ 167.225022863000049, -44.998281325999983 ], [ 167.22448337700007, -44.99816403799997 ], [ 167.224191049000069, -44.998119299999985 ], [ 167.223850575000029, -44.998132311999939 ], [ 167.223178570000073, -44.998068535999948 ], [ 167.222979561000102, -44.997938229999932 ], [ 167.223045597000123, -44.997700885999961 ], [ 167.223219854000035, -44.997228314999973 ], [ 167.222966290000045, -44.996794453999939 ], [ 167.22264073000008, -44.996657801999959 ], [ 167.22213450300012, -44.996632413999976 ], [ 167.221748871000045, -44.996673236999982 ], [ 167.221351308000067, -44.996833785999968 ], [ 167.220947780000074, -44.99705419999998 ], [ 167.220354196000017, -44.997054503999948 ], [ 167.220121962000121, -44.996832279999978 ], [ 167.219971116000124, -44.996644219999951 ], [ 167.219654512000034, -44.996417761999965 ], [ 167.219443588000104, -44.99640717799997 ], [ 167.219085223000093, -44.996599768999943 ], [ 167.219064340000045, -44.996809295999981 ], [ 167.219164048000039, -44.99708503599993 ], [ 167.219245436000051, -44.997119201999965 ], [ 167.219471703000067, -44.99740129199995 ], [ 167.219333213000027, -44.997514670999976 ], [ 167.219191738000063, -44.997657981999964 ], [ 167.21928846600008, -44.997963653999932 ], [ 167.219602092000059, -44.998220045999972 ], [ 167.219846263000022, -44.998322541999983 ], [ 167.220132622000051, -44.998427155999934 ], [ 167.22028049000005, -44.998645146999934 ], [ 167.220389155000021, -44.998831088999964 ], [ 167.220570266000095, -44.99914099199998 ], [ 167.220793566000111, -44.999453012999936 ], [ 167.220966168000018, -45.000273878999963 ], [ 167.221005810000065, -45.000727093999956 ], [ 167.221150707000106, -45.000975015999984 ], [ 167.221606276000102, -45.001509256999952 ], [ 167.221853446000068, -45.001581816999931 ], [ 167.222480321000035, -45.001673416999949 ], [ 167.222511030000078, -45.00221642899993 ], [ 167.222743297000079, -45.002438647999952 ], [ 167.223264934000099, -45.002735539999946 ], [ 167.223521056000095, -45.00271829899998 ], [ 167.224262593000049, -45.00293596399996 ], [ 167.224733111000091, -45.003320530999986 ], [ 167.225137134000079, -45.003521271999944 ], [ 167.225510892000102, -45.003600167999934 ], [ 167.225688594000076, -45.003518828999972 ], [ 167.225805756000113, -45.003193801999942 ], [ 167.225916956000106, -45.002928638999947 ], [ 167.226109556000097, -45.002697636999983 ], [ 167.226386535000074, -45.002470863999974 ], [ 167.226741932000095, -45.002308181999979 ], [ 167.226807956000016, -45.002070836999962 ], [ 167.226916171000084, -45.001835605999986 ], [ 167.22740409000005, -45.001619399999981 ] ], [ [ 167.674897925000096, -45.08828088599995 ], [ 167.674873191000074, -45.088550278999946 ], [ 167.674938866000048, -45.088553304999948 ], [ 167.675063339000076, -45.088559040999939 ], [ 167.675026241000069, -45.088963131999947 ], [ 167.674836091000088, -45.088954369999954 ], [ 167.674761889000024, -45.089762551999968 ], [ 167.674952041000097, -45.089771312999972 ], [ 167.674927307000075, -45.090040706999957 ], [ 167.675117460000024, -45.09004946899995 ], [ 167.675043260000052, -45.090857649999975 ], [ 167.675233416000083, -45.090866411999968 ], [ 167.675221049000015, -45.091001107999944 ], [ 167.675411206000035, -45.091009868999947 ], [ 167.675398840000071, -45.091144566999958 ], [ 167.675588995000112, -45.091153326999972 ], [ 167.675576631000013, -45.091288024999983 ], [ 167.675766787000043, -45.09129678499994 ], [ 167.675754423000058, -45.091431481999962 ], [ 167.675944580000078, -45.091440241999976 ], [ 167.675932215000103, -45.091574938999941 ], [ 167.676122373000112, -45.091583697999965 ], [ 167.676110008000023, -45.091718395999976 ], [ 167.676300168000012, -45.091727154999944 ], [ 167.676275439000051, -45.09199654899993 ], [ 167.676465599000039, -45.092005308999944 ], [ 167.676453235000054, -45.092140004999976 ], [ 167.676643395000042, -45.092148764999934 ], [ 167.676631031000056, -45.092283461999955 ], [ 167.676821193000023, -45.092292219999933 ], [ 167.676796466000042, -45.092561614999966 ], [ 167.676986628000122, -45.092570372999944 ], [ 167.676937177000013, -45.093109161999962 ], [ 167.677127340000084, -45.093117918999951 ], [ 167.677114978000077, -45.093252616999962 ], [ 167.677305141000033, -45.09326137499994 ], [ 167.67728041700002, -45.093530768999983 ], [ 167.677470582000069, -45.093539525999972 ], [ 167.677458220000062, -45.093674223999983 ], [ 167.677648386000101, -45.093682980999972 ], [ 167.677636024000094, -45.093817677999937 ], [ 167.677826191000122, -45.093826435999972 ], [ 167.677813829000115, -45.093961131999947 ], [ 167.678003996000029, -45.093969888999936 ], [ 167.677991635000012, -45.094104585999958 ], [ 167.67818180200004, -45.094113342999947 ], [ 167.678169441000023, -45.094248039999968 ], [ 167.67835960900004, -45.094256795999968 ], [ 167.678347249000012, -45.094391492999932 ], [ 167.67853741700003, -45.094400248999932 ], [ 167.678525058000105, -45.094534945999953 ], [ 167.678715226000122, -45.094543701999953 ], [ 167.678702868000073, -45.094678398999974 ], [ 167.679083205000097, -45.094695908999938 ], [ 167.679070847000048, -45.09483060599996 ], [ 167.679261016000055, -45.09483936099997 ], [ 167.679248659000109, -45.094974058999981 ], [ 167.679628998000112, -45.094991566999965 ], [ 167.679616641000052, -45.095126264999976 ], [ 167.679996983000024, -45.095143771999972 ], [ 167.679984626000078, -45.095278468999936 ], [ 167.681125655000073, -45.09533098199995 ], [ 167.681138008000062, -45.095196284999986 ], [ 167.681328179000047, -45.095205035999982 ], [ 167.681340532000036, -45.09507033899996 ], [ 167.681530702000032, -45.095079088999967 ], [ 167.681543056000123, -45.094944391999945 ], [ 167.681923396000116, -45.094961891999958 ], [ 167.681935748000114, -45.094827194999937 ], [ 167.682125918000111, -45.094835943999954 ], [ 167.682138268000017, -45.094701246999932 ], [ 167.682518608000123, -45.094718744999966 ], [ 167.682530958000029, -45.094584046999955 ], [ 167.682721127000036, -45.094592795999972 ], [ 167.682745827000076, -45.094323399999951 ], [ 167.682935994000104, -45.094332148999968 ], [ 167.682973041000082, -45.093928055999982 ], [ 167.68316320800011, -45.093936802999963 ], [ 167.683175557000027, -45.093802105999941 ], [ 167.682985390000113, -45.093793357999971 ], [ 167.68305948200009, -45.092985169999963 ], [ 167.68286931800003, -45.092976421999936 ], [ 167.682881666000071, -45.092841723999982 ], [ 167.682691502000011, -45.092832975999954 ], [ 167.682703852000031, -45.092698277999943 ], [ 167.682513689000075, -45.092689528999983 ], [ 167.682526039000095, -45.092554830999973 ], [ 167.682335876000025, -45.092546081999956 ], [ 167.682347813000092, -45.092415883999934 ], [ 167.682348226000045, -45.092411383999945 ], [ 167.682158064000078, -45.092402634999985 ], [ 167.682182765000107, -45.092133239999953 ], [ 167.681992604000015, -45.092124489999946 ], [ 167.682017305000045, -45.091855093999982 ], [ 167.681827145000057, -45.091846343999975 ], [ 167.681839496000066, -45.091711646999954 ], [ 167.681748904000074, -45.091707477999933 ], [ 167.681649337000067, -45.091702896999948 ], [ 167.681674039000086, -45.091433500999983 ], [ 167.681483880000087, -45.091424750999977 ], [ 167.681496232000086, -45.091290052999966 ], [ 167.681306074000076, -45.09128130199997 ], [ 167.681318427000065, -45.09114660399996 ], [ 167.681128269000055, -45.091137852999964 ], [ 167.681140622000044, -45.091003155999942 ], [ 167.680950465000024, -45.090994404999947 ], [ 167.680962817000022, -45.090859706999936 ], [ 167.680772660000116, -45.090850954999951 ], [ 167.680785014000094, -45.09071625699994 ], [ 167.680594858000063, -45.090707504999955 ], [ 167.680607211000051, -45.090572807999934 ], [ 167.680417056000124, -45.090564055999948 ], [ 167.680429410000102, -45.090429357999938 ], [ 167.68023925500006, -45.090420605999952 ], [ 167.680251610000028, -45.090285907999942 ], [ 167.679871300000059, -45.090268401999936 ], [ 167.679883655000026, -45.090133703999982 ], [ 167.679693502000077, -45.090124949999961 ], [ 167.679705857000044, -45.089990252999939 ], [ 167.679325551000034, -45.089972745999944 ], [ 167.679337908000093, -45.089838047999933 ], [ 167.679147754000041, -45.089829293999969 ], [ 167.679160112000091, -45.089694595999958 ], [ 167.678779807000069, -45.089677085999938 ], [ 167.678792164000015, -45.089542388999973 ], [ 167.678602013000045, -45.089533632999974 ], [ 167.678614371000094, -45.089398935999952 ], [ 167.678424219000021, -45.089390180999942 ], [ 167.67843657800006, -45.089255482999931 ], [ 167.67805627700011, -45.089237970999932 ], [ 167.678068636000035, -45.089103273999967 ], [ 167.677878486000054, -45.089094517999968 ], [ 167.677890846000082, -45.088959819999957 ], [ 167.677510546000121, -45.088942305999979 ], [ 167.677522906000036, -45.088807608999957 ], [ 167.677332758000034, -45.088798850999979 ], [ 167.677345118000062, -45.088664154999947 ], [ 167.67696482100007, -45.088646638999933 ], [ 167.676977183000076, -45.088511940999979 ], [ 167.676596887000073, -45.088494424999965 ], [ 167.67660924900008, -45.088359727999944 ], [ 167.676038808000044, -45.088333449999936 ], [ 167.67605117100004, -45.088198751999983 ], [ 167.675100438000072, -45.088154949999932 ], [ 167.675088072000108, -45.088289646999954 ], [ 167.674897925000096, -45.08828088599995 ] ], [ [ 167.459538899000108, -45.001796915999932 ], [ 167.460070167000026, -45.001498179999942 ], [ 167.45997064300002, -45.00110428499994 ], [ 167.459537245000092, -45.000856476999957 ], [ 167.459224935000066, -45.000776617999975 ], [ 167.458830878000072, -45.000595550999947 ], [ 167.458682787000043, -45.00023174599994 ], [ 167.458528276000038, -44.999990376999961 ], [ 167.458404374000111, -44.999796824999976 ], [ 167.458065066000017, -44.999521107999954 ], [ 167.457810586000051, -44.99931431899995 ], [ 167.457374130000062, -44.999098781999976 ], [ 167.456846688000041, -44.998878868999952 ], [ 167.455630676000055, -44.998690698999951 ], [ 167.454817949000017, -44.998586761999945 ], [ 167.453953566000109, -44.998545188999969 ], [ 167.453137760000118, -44.998473518999958 ], [ 167.452009670000052, -44.998321963999956 ], [ 167.451287942000022, -44.998222379999959 ], [ 167.450745106000113, -44.998163828999964 ], [ 167.450114370000051, -44.998068617999934 ], [ 167.449644007000074, -44.998208107999972 ], [ 167.449616232000039, -44.998498608999967 ], [ 167.44964321000009, -44.998694465999961 ], [ 167.449573027000042, -44.998950498999932 ], [ 167.44946660700009, -44.999107508999941 ], [ 167.448595240000031, -44.999616807999985 ], [ 167.448470295000106, -44.999967482999978 ], [ 167.448666903000117, -45.000301212999943 ], [ 167.448948329000018, -45.000703879999946 ], [ 167.449323836000076, -45.001078647999975 ], [ 167.44985435500007, -45.001266317999978 ], [ 167.450303143000042, -45.001352771999962 ], [ 167.45090076200006, -45.001316681999981 ], [ 167.451950254000053, -45.001334757999985 ], [ 167.452850923000028, -45.00147536999998 ], [ 167.453663687000017, -45.001579318999973 ], [ 167.454033824000021, -45.001532269999984 ], [ 167.4553162200001, -45.00198305899994 ], [ 167.456171410000024, -45.002121457999976 ], [ 167.456687288000012, -45.001984126999957 ], [ 167.45760954900004, -45.001898754999957 ], [ 167.458932037000068, -45.00192988699996 ], [ 167.459538899000108, -45.001796915999932 ] ], [ [ 167.474058290000016, -44.924270809999939 ], [ 167.47510795900007, -44.924275949999981 ], [ 167.476087857000039, -44.92434555799997 ], [ 167.4767616580001, -44.924287440999933 ], [ 167.476679451000109, -44.924147851999976 ], [ 167.476094663000026, -44.923938943999985 ], [ 167.475260733000027, -44.923672866999937 ], [ 167.474386981000066, -44.923156184999982 ], [ 167.473784591000026, -44.921793416999947 ], [ 167.473371377000035, -44.919444974999976 ], [ 167.472686446000012, -44.918281708999984 ], [ 167.472839230000091, -44.91767862699993 ], [ 167.472877735000111, -44.917273533999946 ], [ 167.472424839000041, -44.916347478999967 ], [ 167.471406990000105, -44.916343834999964 ], [ 167.470758531000115, -44.916470956999945 ], [ 167.470358754000017, -44.91699435299995 ], [ 167.469481709000092, -44.917517434999979 ], [ 167.468812261000039, -44.917530499999941 ], [ 167.468560567000054, -44.91783492299993 ], [ 167.468486074000111, -44.91828350399993 ], [ 167.468407300000081, -44.918777095999985 ], [ 167.468269454000051, -44.919222633999937 ], [ 167.468454786000052, -44.919615871999952 ], [ 167.46864654400008, -44.919941593999965 ], [ 167.468854996000118, -44.920426373999931 ], [ 167.47039514800008, -44.921630730999937 ], [ 167.470878015000039, -44.922241719999931 ], [ 167.471898574000079, -44.923556754999936 ], [ 167.472379747000105, -44.923851144999958 ], [ 167.472839946000022, -44.924031483999954 ], [ 167.473585252000021, -44.924225503999935 ], [ 167.474058290000016, -44.924270809999939 ] ], [ [ 167.567627439000034, -44.778196267999931 ], [ 167.56799025600003, -44.777832686999943 ], [ 167.568355785000108, -44.777439944999969 ], [ 167.568923283000117, -44.777086031999943 ], [ 167.569108758000084, -44.776860501999977 ], [ 167.569471558000032, -44.776496915999985 ], [ 167.569632382000123, -44.776094500999932 ], [ 167.569645958000024, -44.775948708999977 ], [ 167.569656818000112, -44.775832075999972 ], [ 167.569288175000111, -44.775375362999966 ], [ 167.569146151000041, -44.775134360999971 ], [ 167.56906407200006, -44.774691183999948 ], [ 167.569050288000085, -44.77439766699996 ], [ 167.569031075000112, -44.77416246699994 ], [ 167.567248913000071, -44.773873247999973 ], [ 167.566550292000102, -44.773869514999944 ], [ 167.565769801000101, -44.773861905999979 ], [ 167.565112116000023, -44.773860098999933 ], [ 167.564814699000067, -44.773963182999978 ], [ 167.564664716000038, -44.77424895799993 ], [ 167.564520169000048, -44.77447641699996 ], [ 167.564176375000102, -44.774635879999948 ], [ 167.563947234000011, -44.774888623999971 ], [ 167.563783655000066, -44.775320189999945 ], [ 167.563595611000096, -44.776014175999933 ], [ 167.563363743000082, -44.776296076999984 ], [ 167.563372061000109, -44.77664791199993 ], [ 167.563677815000119, -44.776896664999981 ], [ 167.563858041000117, -44.777168768999957 ], [ 167.563907300000096, -44.777522536999982 ], [ 167.563923777000014, -44.777786896999942 ], [ 167.563940251000076, -44.778051255999969 ], [ 167.563992230000053, -44.778375867999955 ], [ 167.564199811000094, -44.778795696999964 ], [ 167.564584739000111, -44.779077477999977 ], [ 167.564740344000029, -44.779172694999943 ], [ 167.564920581000024, -44.77944479599995 ], [ 167.565108973000065, -44.77962942299996 ], [ 167.565466559000015, -44.779763473999935 ], [ 167.565840451000099, -44.779722575999983 ], [ 167.566088807000028, -44.779705027999967 ], [ 167.56651178900006, -44.779578587999936 ], [ 167.566896546000066, -44.779421051999975 ], [ 167.567043812000065, -44.779164432999949 ], [ 167.567313897000076, -44.778913616999944 ], [ 167.567461161000097, -44.778656996999985 ], [ 167.567627439000034, -44.778196267999931 ] ], [ [ 167.654703808000022, -44.845658803999982 ], [ 167.654221491000044, -44.845267759999956 ], [ 167.653845724000121, -44.845127426999966 ], [ 167.653424154000049, -44.845015685999954 ], [ 167.652698784000108, -44.844920552999952 ], [ 167.652480981000053, -44.844941154999958 ], [ 167.6516499600001, -44.845056151999984 ], [ 167.651076932000024, -44.845183129999953 ], [ 167.649887866000086, -44.845435078999969 ], [ 167.649406445000068, -44.845504865999942 ], [ 167.648801646000038, -44.845507472999941 ], [ 167.648581326000112, -44.845470706999947 ], [ 167.64829127500002, -44.845422305999932 ], [ 167.647909901000048, -44.845343132999972 ], [ 167.647450962000107, -44.845168190999971 ], [ 167.647261259000061, -44.844882882999968 ], [ 167.647246364000011, -44.844574983999962 ], [ 167.64736327300011, -44.844242492999967 ], [ 167.647373010000024, -44.844223128999943 ], [ 167.647468941000056, -44.844032360999961 ], [ 167.647319429000049, -44.843779643999937 ], [ 167.646453851000047, -44.843800831999943 ], [ 167.646058436000089, -44.843874602999961 ], [ 167.645579836000024, -44.843913782999948 ], [ 167.644791815000076, -44.84403072799995 ], [ 167.644150007000121, -44.843958931999964 ], [ 167.64412435600002, -44.843948265999984 ], [ 167.643332595000061, -44.84372760499997 ], [ 167.642639079000105, -44.843642809999949 ], [ 167.642048615000022, -44.843641586999979 ], [ 167.641673863000051, -44.843702920999931 ], [ 167.641156905000116, -44.843705115999967 ], [ 167.640897224000014, -44.843719285999953 ], [ 167.640181392000045, -44.843475878999982 ], [ 167.639877071000114, -44.843172849999974 ], [ 167.639575157000081, -44.842843672999948 ], [ 167.639415447000033, -44.842573637999976 ], [ 167.638704448000112, -44.842277925999952 ], [ 167.637976993000052, -44.842161114999953 ], [ 167.63797179900007, -44.842217537999943 ], [ 167.637263871000073, -44.842289596999933 ], [ 167.637080495000077, -44.842313280999974 ], [ 167.637077701000067, -44.842307181999956 ], [ 167.63678849300004, -44.842241187999946 ], [ 167.636553535000075, -44.842387798999937 ], [ 167.636102873000027, -44.842471837999938 ], [ 167.635960677000071, -44.842412690999936 ], [ 167.635764233000032, -44.842140937999943 ], [ 167.63580756500005, -44.841670281999939 ], [ 167.636010584000019, -44.841469663999931 ], [ 167.636382919000084, -44.84143449499993 ], [ 167.636804691000066, -44.841664226999967 ], [ 167.637096302000032, -44.841704073999949 ], [ 167.637218593000057, -44.84157847299997 ], [ 167.637086915000054, -44.841355809999982 ], [ 167.637279411000122, -44.84131870899995 ], [ 167.637872259000119, -44.841293808999978 ], [ 167.638575360000118, -44.841274041999952 ], [ 167.638457225000025, -44.840953421999984 ], [ 167.637876414000061, -44.840847585999938 ], [ 167.63681783100003, -44.840719485999955 ], [ 167.636188238000045, -44.840742666999972 ], [ 167.635533930000065, -44.840633393999951 ], [ 167.635004324000079, -44.840372370999944 ], [ 167.63426207200007, -44.840416549999929 ], [ 167.634247624000068, -44.840573435999943 ], [ 167.634760375000042, -44.841017495999949 ], [ 167.633859067000117, -44.84118555799995 ], [ 167.633574684000109, -44.841067259999932 ], [ 167.633008955000037, -44.84119844099996 ], [ 167.632810744000039, -44.841346757999986 ], [ 167.631830487000116, -44.841169743999956 ], [ 167.631421398000043, -44.841203182999948 ], [ 167.631400392000046, -44.841231061999963 ], [ 167.631211135000058, -44.841482233999955 ], [ 167.63129007100008, -44.841827294999973 ], [ 167.631657621000045, -44.842228132999935 ], [ 167.631793173000119, -44.84237595899998 ], [ 167.631996824000112, -44.842569275999949 ], [ 167.632269166000015, -44.842818315999978 ], [ 167.632249893000107, -44.84302749699998 ], [ 167.631732942000099, -44.84302964799997 ], [ 167.631152734000011, -44.843317703999958 ], [ 167.631241309000075, -44.843558174999941 ], [ 167.631493764000084, -44.843622469999957 ], [ 167.6323686180001, -44.843742049999946 ], [ 167.632771121000019, -44.844180976999951 ], [ 167.633823161000123, -44.844781485999931 ], [ 167.634529351000083, -44.845129523999958 ], [ 167.63544580700011, -44.845198498999935 ], [ 167.636171268000112, -44.845337344999962 ], [ 167.636543628000027, -44.845302176999951 ], [ 167.63646424600006, -44.845064304999937 ], [ 167.636427903000026, -44.84495540599994 ], [ 167.635301685000059, -44.84395756899994 ], [ 167.635298638000108, -44.843589788999964 ], [ 167.636386801000072, -44.843798059999983 ], [ 167.636680182000077, -44.843417831999943 ], [ 167.637659838000104, -44.843200877999948 ], [ 167.637821290000034, -44.843050840999979 ], [ 167.637651962000064, -44.84288539399995 ], [ 167.637401910000108, -44.842794964999939 ], [ 167.637894139000082, -44.842660336999984 ], [ 167.638413492000041, -44.842632010999978 ], [ 167.638707517000057, -44.842645705999985 ], [ 167.639033483000048, -44.842713406999962 ], [ 167.63932817500006, -44.843121028999974 ], [ 167.639650003000042, -44.843634951999945 ], [ 167.639734432000068, -44.843703430999938 ], [ 167.639890440000045, -44.84382996599993 ], [ 167.640429720000043, -44.843986375999975 ], [ 167.640900307000038, -44.844087065999986 ], [ 167.641086481000116, -44.844069472999934 ], [ 167.641285130000028, -44.843983721999962 ], [ 167.641470856000069, -44.843903548999947 ], [ 167.642178799000021, -44.843831463999948 ], [ 167.642580687000077, -44.843876429999966 ], [ 167.642920771000036, -44.843958202999943 ], [ 167.643122380000023, -44.844006678999961 ], [ 167.643588165000097, -44.844159652999963 ], [ 167.643980442000043, -44.844309204999945 ], [ 167.644715527000017, -44.844343404999961 ], [ 167.644627636000109, -44.84422710399997 ], [ 167.644949749000034, -44.844191680999984 ], [ 167.645600345000048, -44.844160503999944 ], [ 167.646253751000017, -44.844098731999964 ], [ 167.646737972000096, -44.843998369999952 ], [ 167.647079147000113, -44.844044955999948 ], [ 167.647102473000018, -44.84426108599996 ], [ 167.646896755000057, -44.844620167999949 ], [ 167.646879892000015, -44.844803707999972 ], [ 167.646863029000087, -44.844987247999939 ], [ 167.646923732000118, -44.845266556999945 ], [ 167.647164863000057, -44.84546209399997 ], [ 167.647540617000118, -44.845602449999944 ], [ 167.648650171000099, -44.845746196999983 ], [ 167.649039977000029, -44.845733596999935 ], [ 167.649825204000081, -44.845647210999971 ], [ 167.65079366100008, -44.845446452999965 ], [ 167.651404077000052, -44.845382653999934 ], [ 167.651888301000099, -44.845282268999938 ], [ 167.652504327000088, -44.845157284999971 ], [ 167.65306893200011, -44.845122069999945 ], [ 167.653622308000081, -44.845209212999976 ], [ 167.654029846000071, -44.845473903999959 ], [ 167.654311198000073, -44.845702013999983 ], [ 167.65471032500011, -44.846058472999971 ], [ 167.655120681000085, -44.846292569999946 ], [ 167.655777820000026, -44.84666100499993 ], [ 167.656572387000097, -44.846943650999947 ], [ 167.657157567000013, -44.847155133999934 ], [ 167.657928778000041, -44.847221643999944 ], [ 167.658192391000057, -44.847172435999937 ], [ 167.658200805000092, -44.847080664999964 ], [ 167.657354814000087, -44.846887803999948 ], [ 167.656721025000024, -44.846735507999938 ], [ 167.655926463000014, -44.846452860999932 ], [ 167.655430101000093, -44.846214773999975 ], [ 167.655065549000028, -44.845952084999965 ], [ 167.654703808000022, -44.845658803999982 ] ], [ [ 167.28849712400006, -44.999874007999949 ], [ 167.289524167000081, -45.000351646999945 ], [ 167.289875154000015, -45.000277592999964 ], [ 167.290357389000064, -45.000179560999982 ], [ 167.290711361000035, -45.000075170999935 ], [ 167.29093110000008, -45.000025093999966 ], [ 167.291199562000088, -44.999916466999935 ], [ 167.291468023000107, -44.99980783899997 ], [ 167.291995989000043, -44.999681582999983 ], [ 167.292566706000116, -44.999557442999958 ], [ 167.292963422000071, -44.999455162999936 ], [ 167.293454596000061, -44.999266114999955 ], [ 167.293820489000041, -44.999040381999976 ], [ 167.29414362600005, -44.998812529999952 ], [ 167.294264929000065, -44.998452757999985 ], [ 167.294083979000106, -44.998108502999969 ], [ 167.294062109000038, -44.997894047999978 ], [ 167.294006436000018, -44.997586475999981 ], [ 167.293884146000096, -44.997519457999942 ], [ 167.293749923000064, -44.997573774999978 ], [ 167.293148410000072, -44.997574469999961 ], [ 167.292498179000063, -44.997633712999971 ], [ 167.292324186000087, -44.997655576999932 ], [ 167.292021938000062, -44.997671086999958 ], [ 167.291130113000122, -44.997565946999941 ], [ 167.290213452000103, -44.997276678999981 ], [ 167.290100124000105, -44.997118654999952 ], [ 167.289922188000105, -44.996744057999933 ], [ 167.289714403000062, -44.996672798999953 ], [ 167.289454910000018, -44.996690421999972 ], [ 167.289232197000047, -44.996770830999935 ], [ 167.288713211000072, -44.99680607199997 ], [ 167.288490497000112, -44.996886478999954 ], [ 167.288344326000015, -44.997062124999957 ], [ 167.28803013300012, -44.997198959999935 ], [ 167.287599631000035, -44.997208101999945 ], [ 167.286961345000122, -44.997145976999946 ], [ 167.286329035000108, -44.997023181999964 ], [ 167.285984037000048, -44.997036557999934 ], [ 167.285892559000104, -44.997092983999949 ], [ 167.285703628000078, -44.99726650599996 ], [ 167.285670765000077, -44.997600175999935 ], [ 167.285775120000039, -44.997849204999966 ], [ 167.285852589000115, -44.998371234999979 ], [ 167.285813751000092, -44.998765570999979 ], [ 167.286752257000103, -44.999269327999968 ], [ 167.286868568000045, -44.999397020999936 ], [ 167.286978906000058, -44.999585380999974 ], [ 167.28731794700002, -44.999632669999983 ], [ 167.287696753000091, -44.999712410999962 ], [ 167.28811831500002, -44.999794269999938 ], [ 167.28849712400006, -44.999874007999949 ] ], [ [ 167.366476883000018, -45.060768351999968 ], [ 167.366868055000054, -45.060193369999979 ], [ 167.366886442000123, -45.060004161999984 ], [ 167.367023330000052, -45.059630633999973 ], [ 167.367365030000087, -45.059219578999944 ], [ 167.367773466000017, -45.058811779999985 ], [ 167.368016147000048, -45.058039440999949 ], [ 167.367474146000063, -45.057751585999938 ], [ 167.367042644000094, -45.05770675499997 ], [ 167.366822849000073, -45.05755344399995 ], [ 167.366783691000023, -45.057266372999948 ], [ 167.36671346300011, -45.056954021999957 ], [ 167.366415442000061, -45.056915704999938 ], [ 167.366290052000068, -45.057170978999977 ], [ 167.366135890000123, -45.057377319999944 ], [ 167.365559421000057, -45.057444219999979 ], [ 167.36562497400007, -45.057114734999971 ], [ 167.366000038000038, -45.056705313999942 ], [ 167.365660569000056, -45.056403576999969 ], [ 167.365425806000076, -45.056059424999944 ], [ 167.364970147000122, -45.055918351999935 ], [ 167.364176210000096, -45.055808278999962 ], [ 167.363373078000109, -45.055792803999964 ], [ 167.362415774000056, -45.055983659999981 ], [ 167.361458485000071, -45.056863644999964 ], [ 167.361397510000074, -45.057145824999964 ], [ 167.362185724000028, -45.057659613999931 ], [ 167.362667858000123, -45.057873280999956 ], [ 167.363318015000118, -45.058427840999968 ], [ 167.363469939000083, -45.058934293999982 ], [ 167.36377144100004, -45.059281708999947 ], [ 167.364463015000069, -45.059410545999981 ], [ 167.365018811000027, -45.059556509999936 ], [ 167.365199524000104, -45.060111891999952 ], [ 167.365151241000035, -45.060608560999981 ], [ 167.36565758800009, -45.060918449999974 ], [ 167.366476883000018, -45.060768351999968 ] ], [ [ 167.594610373000023, -44.972794534999935 ], [ 167.593782548000036, -44.973309345999951 ], [ 167.592831542000113, -44.97357616599993 ], [ 167.592945092000036, -44.973927499999945 ], [ 167.593149302000029, -44.974352286999931 ], [ 167.593350312000098, -44.974811523999961 ], [ 167.593609475000108, -44.975169683999979 ], [ 167.593926795000016, -44.975426766999931 ], [ 167.594237706000058, -44.97575274999997 ], [ 167.594312346000038, -44.975998455999957 ], [ 167.594645696000043, -44.976083281999934 ], [ 167.594988659000023, -44.976064756999961 ], [ 167.595512955000117, -44.976193129999956 ], [ 167.59569108300002, -44.976374481999983 ], [ 167.596005214000115, -44.976666009999974 ], [ 167.596199365000075, -44.976675107999938 ], [ 167.596480980000024, -44.976792105999948 ], [ 167.59655883400012, -44.977003357999934 ], [ 167.596487872000012, -44.977242239999953 ], [ 167.596323037000047, -44.977442121999957 ], [ 167.595970453000064, -44.977564004999977 ], [ 167.595608257000094, -44.977789238999947 ], [ 167.5954370070001, -44.978058020999981 ], [ 167.595456707000039, -44.978370352999946 ], [ 167.59586472400008, -44.978700881999941 ], [ 167.595858794000037, -44.979288818999976 ], [ 167.595842773000072, -44.979461072999982 ], [ 167.596447678000118, -44.979247208999936 ], [ 167.597152863000019, -44.979003440999975 ], [ 167.597553991000041, -44.978883826999947 ], [ 167.597667085000012, -44.978716119999945 ], [ 167.597517769000092, -44.978224713999964 ], [ 167.59742660400002, -44.977632227999948 ], [ 167.597474648000116, -44.97711546599993 ], [ 167.59766830500007, -44.976605523999979 ], [ 167.597855553000045, -44.97616448399998 ], [ 167.597932462000017, -44.975932425999986 ], [ 167.597991058000048, -44.975755620999962 ], [ 167.598152180000056, -44.975071149999962 ], [ 167.597663119000117, -44.974563828999976 ], [ 167.597403933000123, -44.974205678999965 ], [ 167.596953810000059, -44.973803979999957 ], [ 167.596390610000071, -44.973569985999973 ], [ 167.595827413000052, -44.973335989999953 ], [ 167.59564608900007, -44.97318908799997 ], [ 167.595092512000065, -44.972851734999949 ], [ 167.594610373000023, -44.972794534999935 ] ], [ [ 167.640017019000084, -44.933499451999978 ], [ 167.640388775000019, -44.933473016999983 ], [ 167.640540834000035, -44.933354749999978 ], [ 167.640655452000033, -44.933259808999935 ], [ 167.640708989000018, -44.93306175999993 ], [ 167.640767126000014, -44.932813787999976 ], [ 167.640928379000115, -44.932595678999974 ], [ 167.641133970000055, -44.932279360999985 ], [ 167.641381595000098, -44.931889794999961 ], [ 167.641439727000034, -44.931641823999939 ], [ 167.641678151000065, -44.93135209899998 ], [ 167.64206927400005, -44.931320145999962 ], [ 167.642600261000098, -44.931344826999975 ], [ 167.642649884000093, -44.931146593999983 ], [ 167.643033768000123, -44.929660394999985 ], [ 167.642936889000111, -44.929179612999974 ], [ 167.642894195000054, -44.928876819999971 ], [ 167.643055430000118, -44.928658706999954 ], [ 167.643494195000017, -44.928489243999934 ], [ 167.643080713000018, -44.928384140999981 ], [ 167.642752329000018, -44.928118204999976 ], [ 167.642667606000032, -44.92788866099994 ], [ 167.64300452100008, -44.927678712999978 ], [ 167.643114528000069, -44.927633692999962 ], [ 167.643549955000026, -44.927503524999963 ], [ 167.643617930000119, -44.927531751999936 ], [ 167.643533868000077, -44.927678248999939 ], [ 167.643555215000106, -44.927829644999974 ], [ 167.643691166000053, -44.927886097999931 ], [ 167.643862253000066, -44.927944183999955 ], [ 167.644033341000068, -44.928002266999954 ], [ 167.644101317000036, -44.928030493999984 ], [ 167.644260466000105, -44.928262261999976 ], [ 167.644509173000074, -44.928199849999942 ], [ 167.645082850000108, -44.928101167999955 ], [ 167.645337998000059, -44.928012751999972 ], [ 167.645569495000018, -44.927797899999973 ], [ 167.64572544300006, -44.927253663999977 ], [ 167.645827877000102, -44.926907479999954 ], [ 167.645850358000075, -44.926863909999952 ], [ 167.645520164000118, -44.926416905999986 ], [ 167.644648661000019, -44.926301213999977 ], [ 167.644259869000052, -44.926308214999949 ], [ 167.644044459000042, -44.926348339999947 ], [ 167.643852694000088, -44.926514899999972 ], [ 167.643754846000093, -44.926811159999943 ], [ 167.64365470000007, -44.927132382999957 ], [ 167.643390360000012, -44.927320635999934 ], [ 167.643104673000039, -44.927357493999978 ], [ 167.642718173000048, -44.927339528999937 ], [ 167.642507355000021, -44.92732972999994 ], [ 167.642074225000101, -44.927434932999972 ], [ 167.641783939000106, -44.927521707999972 ], [ 167.641712020000114, -44.927919441999961 ], [ 167.641660789000071, -44.928092531999937 ], [ 167.641443071000026, -44.92815761199995 ], [ 167.64116427700003, -44.928119582999955 ], [ 167.640988593000088, -44.928111413999943 ], [ 167.640679906000059, -44.928397869999969 ], [ 167.640469729000074, -44.928764107999939 ], [ 167.640581028000042, -44.929471170999932 ], [ 167.640590870000096, -44.929747369999973 ], [ 167.640361648000066, -44.929937250999956 ], [ 167.639752804000068, -44.930034274999969 ], [ 167.63976264300004, -44.930310473999953 ], [ 167.639847358000111, -44.930540019999967 ], [ 167.63977082100007, -44.930987674999983 ], [ 167.639831898000011, -44.931090784999981 ], [ 167.639821038000036, -44.931591627999978 ], [ 167.639662082000086, -44.931784774999983 ], [ 167.639402309000047, -44.93192309899996 ], [ 167.639269288000037, -44.932217721999962 ], [ 167.639426583000045, -44.932425575999957 ], [ 167.639515901000095, -44.932605201999934 ], [ 167.639537240000095, -44.932756598999958 ], [ 167.639605856000117, -44.933160868999948 ], [ 167.639662336000015, -44.933313899999973 ], [ 167.639760855000077, -44.933393682999963 ], [ 167.639927355000054, -44.933501695999951 ], [ 167.640017019000084, -44.933499451999978 ] ], [ [ 167.71762802100011, -44.702840218999938 ], [ 167.716420415000016, -44.703066900999943 ], [ 167.716140212000028, -44.702959332999967 ], [ 167.715771851000113, -44.703126174999966 ], [ 167.715159850000077, -44.703287389999957 ], [ 167.714217317000021, -44.70343339599998 ], [ 167.713812154000038, -44.703509437999969 ], [ 167.71333909100008, -44.703718997999943 ], [ 167.713323825000089, -44.703771015999962 ], [ 167.713760979000085, -44.704075174999957 ], [ 167.714251453000088, -44.704523808999966 ], [ 167.714419924000026, -44.704862944999945 ], [ 167.714535081000122, -44.705057606999958 ], [ 167.715090303000011, -44.705380574999936 ], [ 167.715958334000106, -44.705255059999956 ], [ 167.716953345000093, -44.705206132999933 ], [ 167.717451492000123, -44.705181694999965 ], [ 167.718046088000051, -44.705516285999977 ], [ 167.718716688000086, -44.705758766999963 ], [ 167.719498512000087, -44.705865250999977 ], [ 167.720200860000091, -44.705756422999968 ], [ 167.720874503000118, -44.704870199999959 ], [ 167.721122317000095, -44.704317170999957 ], [ 167.721541779000063, -44.704054233999955 ], [ 167.721192129000087, -44.703544307999948 ], [ 167.720699539000066, -44.70352167599998 ], [ 167.719568700000082, -44.703258973999937 ], [ 167.718904474000055, -44.702946237999981 ], [ 167.718216947000087, -44.702891423999972 ], [ 167.71762802100011, -44.702840218999938 ] ], [ [ 167.702095003000068, -44.704924148999964 ], [ 167.702418807000072, -44.704732677999971 ], [ 167.702998593000075, -44.704346606999934 ], [ 167.703070858000046, -44.703924995999955 ], [ 167.703005305000033, -44.703521311999964 ], [ 167.702893789000086, -44.703249063999976 ], [ 167.702752753000027, -44.702926886999933 ], [ 167.702478796000037, -44.702756418999968 ], [ 167.702308168000059, -44.702760692999959 ], [ 167.70201338600009, -44.702819947999956 ], [ 167.701550169000029, -44.70285929299996 ], [ 167.701033898000105, -44.70292047099997 ], [ 167.700365046000115, -44.702974608999966 ], [ 167.699776071000088, -44.702898872999981 ], [ 167.699414069000113, -44.702760759999933 ], [ 167.698996820000048, -44.702668659999972 ], [ 167.698422608000101, -44.702617880999981 ], [ 167.697909628000048, -44.70264277299998 ], [ 167.697646554000016, -44.702727761999938 ], [ 167.697205172000054, -44.702901650999934 ], [ 167.69694873800006, -44.702841253999964 ], [ 167.696948113000076, -44.702848140999947 ], [ 167.696704193000073, -44.702897144999952 ], [ 167.696426390000056, -44.702987839999935 ], [ 167.69601599900011, -44.703168541999958 ], [ 167.695530660000031, -44.70337535799996 ], [ 167.695188231000088, -44.703492644999983 ], [ 167.695106966000026, -44.703550493999956 ], [ 167.694847209000045, -44.703563644999974 ], [ 167.694611911000038, -44.703586050999945 ], [ 167.694504371000107, -44.703614356999935 ], [ 167.694485236000105, -44.703696651999962 ], [ 167.694557514000053, -44.70379980499996 ], [ 167.694817129000057, -44.703894971999944 ], [ 167.695156580000116, -44.703931904999934 ], [ 167.695363891000056, -44.704066484999942 ], [ 167.695625824000103, -44.704168144999983 ], [ 167.696064050000018, -44.704298064999932 ], [ 167.696184810000091, -44.704348325999945 ], [ 167.696274104000054, -44.704368698999986 ], [ 167.696456079000086, -44.704403505999949 ], [ 167.69654610900011, -44.70441578599997 ], [ 167.696700272000044, -44.704443215999959 ], [ 167.696801848000064, -44.704459825999947 ], [ 167.696802044000037, -44.704457666999986 ], [ 167.697163654000065, -44.704672362999986 ], [ 167.697364905000086, -44.704705934999936 ], [ 167.697936942000069, -44.704780900999936 ], [ 167.698395192000021, -44.704984166999964 ], [ 167.698649999000054, -44.705178044999968 ], [ 167.699307314000066, -44.705439055999932 ], [ 167.699685785000042, -44.70539580999997 ], [ 167.7001216970001, -44.705282365999949 ], [ 167.700635796000029, -44.705245372999968 ], [ 167.701109410000072, -44.705279357999984 ], [ 167.701431533000118, -44.705294214999981 ], [ 167.701772295000069, -44.705103527999938 ], [ 167.702095003000068, -44.704924148999964 ] ], [ [ 167.746633989000088, -44.871958082999981 ], [ 167.745956646000081, -44.872381674999986 ], [ 167.745810314000096, -44.872991794999962 ], [ 167.745857511000054, -44.873480889999939 ], [ 167.746586720000096, -44.874001085999964 ], [ 167.747446518000061, -44.87459215399997 ], [ 167.747957160000055, -44.875004985999965 ], [ 167.748470722000093, -44.87538548699996 ], [ 167.748998862000121, -44.875604333999945 ], [ 167.749635428000033, -44.875633343999937 ], [ 167.750340770000093, -44.875405781999973 ], [ 167.750582682000072, -44.875254489999975 ], [ 167.750498715000049, -44.874666335999962 ], [ 167.75030748000006, -44.873748664999937 ], [ 167.750286114000119, -44.873684520999973 ], [ 167.749912225000116, -44.872561995999945 ], [ 167.74938059100009, -44.871369109999932 ], [ 167.748791857000015, -44.870303466999985 ], [ 167.748413567000057, -44.870448537999948 ], [ 167.748355282000034, -44.871095136999941 ], [ 167.746955555000113, -44.871970527999963 ], [ 167.746633989000088, -44.871958082999981 ] ], [ [ 167.666817946000037, -44.775141489999953 ], [ 167.666421959000104, -44.775241890999951 ], [ 167.666092640000102, -44.775198689999968 ], [ 167.665840134000064, -44.775173013999961 ], [ 167.665566836000039, -44.775160336999932 ], [ 167.665138640000123, -44.77512650999995 ], [ 167.66461283700005, -44.775088152999956 ], [ 167.664179556000022, -44.775109939999936 ], [ 167.663687327000048, -44.77556186399994 ], [ 167.663760771000057, -44.77583058099998 ], [ 167.663758673000075, -44.776067864999959 ], [ 167.663675945000023, -44.776329336999936 ], [ 167.663533379000114, -44.776601992999986 ], [ 167.663272023000104, -44.777315974999965 ], [ 167.663412108000102, -44.777713457999937 ], [ 167.663618393000093, -44.778030229999956 ], [ 167.663777560000085, -44.778219142999944 ], [ 167.664134494000109, -44.778389303999973 ], [ 167.664673490000041, -44.778498092999939 ], [ 167.665290579000043, -44.778610501999935 ], [ 167.665666591000104, -44.778572088999965 ], [ 167.666353690000051, -44.778562065999949 ], [ 167.666653697000015, -44.778282742999977 ], [ 167.66686925700003, -44.778069321999965 ], [ 167.667052128000023, -44.77778456599998 ], [ 167.667171346000032, -44.777552712999977 ], [ 167.667352940000114, -44.777281861999938 ], [ 167.66745009300007, -44.777076912999974 ], [ 167.667514553000046, -44.776800628999979 ], [ 167.667568847000098, -44.776635583999962 ], [ 167.667567118000079, -44.776440012999956 ], [ 167.667542053000034, -44.776285250999933 ], [ 167.667508905000091, -44.77600444199993 ], [ 167.667516531000047, -44.775921013999948 ], [ 167.66769303600006, -44.775705780999942 ], [ 167.66775795500007, -44.775638972999957 ], [ 167.667909394000048, -44.775268976999939 ], [ 167.667955133000078, -44.775205859999971 ], [ 167.667966120000074, -44.775085631999957 ], [ 167.667965436000031, -44.774999144999981 ], [ 167.66795266500003, -44.774846060999948 ], [ 167.667819978000011, -44.774687416999939 ], [ 167.66765457200006, -44.774593970999945 ], [ 167.667391563000024, -44.774543652999967 ], [ 167.667174043000045, -44.77458121899997 ], [ 167.66698868800006, -44.774706053999978 ], [ 167.666878937000092, -44.774882047999938 ], [ 167.66685128000006, -44.775033935999943 ], [ 167.666817946000037, -44.775141489999953 ] ], [ [ 167.606873566000104, -45.067199495999944 ], [ 167.606601688000069, -45.067625692999968 ], [ 167.606368348000046, -45.068053688999953 ], [ 167.606188784000096, -45.068319611999982 ], [ 167.605883431000052, -45.068689381999945 ], [ 167.605858033000118, -45.068962503999956 ], [ 167.606068973000106, -45.069191800999931 ], [ 167.605912706000026, -45.06962339699993 ], [ 167.605892388000029, -45.069841894999968 ], [ 167.606388370000104, -45.069919918999972 ], [ 167.606375673000116, -45.070056479999948 ], [ 167.606290968000053, -45.070134816999939 ], [ 167.606393899000068, -45.070276777999936 ], [ 167.606663704000084, -45.070289376999938 ], [ 167.607082604000084, -45.070363798999949 ], [ 167.607262625000089, -45.070509357999981 ], [ 167.607897556000012, -45.070758447999935 ], [ 167.608425426000053, -45.070756381999956 ], [ 167.608439708000105, -45.070756324999934 ], [ 167.608637505000047, -45.070710696999981 ], [ 167.60872474700011, -45.070605045999969 ], [ 167.609338439000112, -45.070249659999945 ], [ 167.609862347000103, -45.070027233999951 ], [ 167.610188458000039, -45.069850436999957 ], [ 167.610481100000015, -45.069617215999983 ], [ 167.610619567000072, -45.06937679999993 ], [ 167.610678411000094, -45.069160099999976 ], [ 167.610660169000084, -45.068939802999978 ], [ 167.610552152000082, -45.068852470999957 ], [ 167.610403057000099, -45.068790651999961 ], [ 167.610128578000058, -45.068257383999935 ], [ 167.609911205000117, -45.067835053999943 ], [ 167.609558781000032, -45.067462006999961 ], [ 167.609234747000073, -45.067200004999961 ], [ 167.608584620000101, -45.067114797999977 ], [ 167.608047580000061, -45.06706229599996 ], [ 167.607502923000084, -45.06709172799998 ], [ 167.607192053000063, -45.067104643999983 ], [ 167.606873566000104, -45.067199495999944 ] ], [ [ 167.540628779000031, -45.084034115999941 ], [ 167.541256921000013, -45.084542730999942 ], [ 167.541583661000118, -45.084570452999969 ], [ 167.542592644000024, -45.084716374999971 ], [ 167.542900979000024, -45.084755503999986 ], [ 167.543400296000073, -45.084791373999963 ], [ 167.54382483400002, -45.084700909999981 ], [ 167.54463248400009, -45.084407497999962 ], [ 167.545119143000079, -45.084209441999974 ], [ 167.545274455000026, -45.084032576999959 ], [ 167.545394099000077, -45.08368210499998 ], [ 167.545394097000099, -45.083497903999955 ], [ 167.54523417300004, -45.083171067999956 ], [ 167.544848759000047, -45.082661661999964 ], [ 167.544466806000059, -45.082299777999935 ], [ 167.544137775000081, -45.082112312999982 ], [ 167.543777685000123, -45.082070741999985 ], [ 167.543274938000081, -45.082071549999966 ], [ 167.542704316000027, -45.082056868999985 ], [ 167.542505291000111, -45.081961503999935 ], [ 167.542054329000052, -45.081596349999984 ], [ 167.541578051000101, -45.081500159999962 ], [ 167.541014678000124, -45.081486033999965 ], [ 167.54094142200006, -45.081813318999934 ], [ 167.540753744000085, -45.082138297999961 ], [ 167.540663364000011, -45.082542064999984 ], [ 167.540440943000021, -45.082679927999948 ], [ 167.540427947000012, -45.082669404999933 ], [ 167.540410265000105, -45.082857174999958 ], [ 167.540398741000104, -45.083163633999959 ], [ 167.540449336000052, -45.083546708999961 ], [ 167.540628779000031, -45.084034115999941 ] ], [ [ 167.655188106000082, -44.933583865999935 ], [ 167.655701894000117, -44.933640455999978 ], [ 167.655776046000028, -44.933586547999937 ], [ 167.655766303000064, -44.933692592999932 ], [ 167.655755812000052, -44.933806796999932 ], [ 167.655842684000049, -44.933991049999975 ], [ 167.655936299000018, -44.93410188699994 ], [ 167.656064369000092, -44.934214320999956 ], [ 167.656225149000079, -44.93422177399998 ], [ 167.6564041580001, -44.934156342999984 ], [ 167.656537227000058, -44.934088782999936 ], [ 167.656760672000019, -44.934041795999974 ], [ 167.656980372000021, -44.934035594999955 ], [ 167.65717311100002, -44.933946223999953 ], [ 167.657360358000119, -44.933791060999965 ], [ 167.657530126000097, -44.933700622999936 ], [ 167.657673180000074, -44.933649908999939 ], [ 167.657895874000019, -44.933611076999966 ], [ 167.658037430000036, -44.933576674999983 ], [ 167.658300818000043, -44.93359707299993 ], [ 167.658636854000065, -44.933579875999953 ], [ 167.659128926000108, -44.933496178999974 ], [ 167.659381326000016, -44.933384989999979 ], [ 167.659516638000014, -44.933292955999946 ], [ 167.659663434000095, -44.933201450999945 ], [ 167.660052883000048, -44.932727967999938 ], [ 167.660302780000052, -44.932518358999971 ], [ 167.660436338000068, -44.932319743999983 ], [ 167.660532448000026, -44.932152162999955 ], [ 167.6606185710001, -44.931967733999954 ], [ 167.660552409000047, -44.931809020999935 ], [ 167.660449550000067, -44.931673183999976 ], [ 167.66031923200012, -44.931585225999982 ], [ 167.659931526000037, -44.93141161799997 ], [ 167.659612228000015, -44.931372248999935 ], [ 167.65909471000009, -44.931356464999965 ], [ 167.658828338000035, -44.931368698999961 ], [ 167.658710503000066, -44.931396006999933 ], [ 167.658306575000097, -44.931524746999969 ], [ 167.65787393800008, -44.931463737999934 ], [ 167.657588844000088, -44.931303066999931 ], [ 167.657009170000038, -44.931210663999934 ], [ 167.656603495000013, -44.931232819999934 ], [ 167.656109190000052, -44.93134097799998 ], [ 167.655696771000066, -44.931436546999976 ], [ 167.655406922000111, -44.931578757999944 ], [ 167.655172243000038, -44.931748102999961 ], [ 167.655121810000082, -44.931794916999934 ], [ 167.654894867000053, -44.932005580999942 ], [ 167.654919575000122, -44.932113222999931 ], [ 167.655024670000103, -44.932224593999933 ], [ 167.65514199800009, -44.93232833899998 ], [ 167.655149978000054, -44.932492549999949 ], [ 167.655115768000087, -44.932613845999981 ], [ 167.655022638000105, -44.932748792999973 ], [ 167.654991426000038, -44.932837458999984 ], [ 167.65499766400012, -44.932895092999956 ], [ 167.655159431000016, -44.93301728299997 ], [ 167.655210856000053, -44.933085203999951 ], [ 167.655200363000063, -44.933199406999961 ], [ 167.65510873300002, -44.933318039999961 ], [ 167.655031584000085, -44.93340457499994 ], [ 167.655021840000018, -44.933510620999982 ], [ 167.655188106000082, -44.933583865999935 ] ], [ [ 167.778092724000089, -44.926272928999936 ], [ 167.778713233000076, -44.92638244099993 ], [ 167.778738437000015, -44.926101445999961 ], [ 167.781607222000048, -44.926387065999961 ], [ 167.782213143000035, -44.92647679099997 ], [ 167.783179610000047, -44.92645820599995 ], [ 167.784271550000085, -44.926507594999975 ], [ 167.784489937000103, -44.926517471999944 ], [ 167.784997391000047, -44.92672734599995 ], [ 167.78501278900012, -44.926753210999948 ], [ 167.785306426000034, -44.926934845999938 ], [ 167.78547986500007, -44.927318450999962 ], [ 167.785675714000035, -44.927662809999958 ], [ 167.785835988000031, -44.928193439999973 ], [ 167.786235220000094, -44.928587252999932 ], [ 167.786577151000074, -44.928777171999968 ], [ 167.786951065000039, -44.928820912999981 ], [ 167.787537938000014, -44.928807178999932 ], [ 167.787805301000049, -44.928714114999934 ], [ 167.789039380000077, -44.928284543999951 ], [ 167.790182923000089, -44.928343120999955 ], [ 167.791258402000039, -44.928398202999972 ], [ 167.792533069000115, -44.928509442999939 ], [ 167.793947820000085, -44.928533051999977 ], [ 167.794183168000018, -44.928436313999953 ], [ 167.794240610000088, -44.928425159999961 ], [ 167.794856054000093, -44.928305643999977 ], [ 167.795223107000083, -44.928214848999971 ], [ 167.79593361700006, -44.928085869999961 ], [ 167.796521674000019, -44.928058722999936 ], [ 167.797130638000112, -44.928220395999972 ], [ 167.797308938000015, -44.928550518999941 ], [ 167.798194501000012, -44.930267962999949 ], [ 167.798643725000034, -44.93116052299996 ], [ 167.799319635000074, -44.931419140999935 ], [ 167.800910053000052, -44.931168758999945 ], [ 167.80135357100005, -44.931067969999958 ], [ 167.801887587000124, -44.931011516999945 ], [ 167.801979570000071, -44.931007174999934 ], [ 167.802760296000088, -44.930970321999951 ], [ 167.803335249000042, -44.931090166999979 ], [ 167.803793726000094, -44.931245020999938 ], [ 167.804045225000095, -44.931390548999957 ], [ 167.804431478000083, -44.931931325999983 ], [ 167.804488579000122, -44.932349916999954 ], [ 167.804466766000019, -44.932489068999985 ], [ 167.804444710000098, -44.932629758999951 ], [ 167.804392490000055, -44.933003164999946 ], [ 167.804311907000056, -44.933482653999931 ], [ 167.804510272000016, -44.933800245999976 ], [ 167.804754628000069, -44.934025971999972 ], [ 167.804873765000025, -44.933749517999956 ], [ 167.80496388600011, -44.933163099999945 ], [ 167.804885579000029, -44.932770393999931 ], [ 167.80487714800006, -44.932551491999959 ], [ 167.804851407000115, -44.931883139999968 ], [ 167.804554733000032, -44.931185359999972 ], [ 167.803293393000104, -44.930712521999965 ], [ 167.80145987100002, -44.930723840999974 ], [ 167.799976401000094, -44.931046152999954 ], [ 167.799007500000016, -44.930895106999969 ], [ 167.798646991000055, -44.930489669999986 ], [ 167.797945395000056, -44.929250226999955 ], [ 167.797239348000062, -44.927849538999965 ], [ 167.796792558000107, -44.927775703999941 ], [ 167.795176527000081, -44.92789066499995 ], [ 167.794471993000116, -44.927952809999965 ], [ 167.793806284000084, -44.928003280999974 ], [ 167.793101748000026, -44.928065415999981 ], [ 167.79194205400006, -44.928147254999942 ], [ 167.790217024000071, -44.92800224399997 ], [ 167.789082126000039, -44.928018072999976 ], [ 167.788980273000107, -44.928057138999975 ], [ 167.787986584000123, -44.928438271999937 ], [ 167.787368933000039, -44.92858481899998 ], [ 167.787066319000019, -44.928571140999964 ], [ 167.786823285000082, -44.928560156999936 ], [ 167.786321594000015, -44.92825565499993 ], [ 167.78597521800009, -44.927904492999971 ], [ 167.785790143000099, -44.927439840999966 ], [ 167.785872410000025, -44.92673229299993 ], [ 167.785590529000046, -44.926504826999974 ], [ 167.78467579200003, -44.926382942999965 ], [ 167.784171390000097, -44.926319870999976 ], [ 167.783552904000089, -44.926265055999977 ], [ 167.782333548000111, -44.926169634999951 ], [ 167.780356824000023, -44.926093603999959 ], [ 167.778715538000029, -44.925858262999952 ], [ 167.77855460000012, -44.925757034999947 ], [ 167.778426865000029, -44.925496267999961 ], [ 167.778321542000072, -44.925196253999957 ], [ 167.778118551000034, -44.924932078999973 ], [ 167.777922018000027, -44.925017120999939 ], [ 167.777868431000115, -44.925403880999966 ], [ 167.777831262000063, -44.925818222999965 ], [ 167.777918968000108, -44.926104019999968 ], [ 167.778092724000089, -44.926272928999936 ] ], [ [ 167.376094105000107, -45.020245384999953 ], [ 167.376473617000102, -45.01995898499996 ], [ 167.37684777700008, -45.019727759999967 ], [ 167.377152157000069, -45.019409974999974 ], [ 167.377337167000064, -45.019114085999945 ], [ 167.377594622000061, -45.01887716799996 ], [ 167.377888300000109, -45.018669734999946 ], [ 167.378443569000069, -45.01858593299994 ], [ 167.378757429000075, -45.018573514999957 ], [ 167.379107514000111, -45.018590581999945 ], [ 167.379399990000024, -45.01879887299998 ], [ 167.379495302000123, -45.019025271999965 ], [ 167.379624170000056, -45.019308743999943 ], [ 167.37976105600012, -45.01950944999993 ], [ 167.380320489000042, -45.019786187999955 ], [ 167.381274264000012, -45.020026701999939 ], [ 167.381805495000094, -45.020191180999973 ], [ 167.382681486000024, -45.020427892999976 ], [ 167.383679523000069, -45.020615102999955 ], [ 167.384579561000123, -45.020603499999936 ], [ 167.385134841000081, -45.020519663999949 ], [ 167.385576089000097, -45.020402554999976 ], [ 167.385942205000106, -45.020254066999939 ], [ 167.386147383000093, -45.020153179999966 ], [ 167.386622188000047, -45.020093137999936 ], [ 167.387088983000012, -45.020115860999965 ], [ 167.387703370000054, -45.020228921999944 ], [ 167.388437129000067, -45.020320071999947 ], [ 167.38917088900007, -45.020411215999957 ], [ 167.389640355000097, -45.020406338999976 ], [ 167.389964896000038, -45.020283534999976 ], [ 167.390674208000064, -45.019819101999985 ], [ 167.390903382000033, -45.019469905999983 ], [ 167.391293483000027, -45.019073098999968 ], [ 167.391664911000021, -45.018869413999937 ], [ 167.392064569000013, -45.018777975999967 ], [ 167.392580920000114, -45.018692212999952 ], [ 167.393242200000032, -45.018724368999983 ], [ 167.39413154600004, -45.018823044999976 ], [ 167.395026223000059, -45.018866535999962 ], [ 167.395887332000029, -45.018852952999964 ], [ 167.396401016000027, -45.018794760999981 ], [ 167.396728195000037, -45.018644346999963 ], [ 167.397055374000047, -45.018493932999945 ], [ 167.397745959000076, -45.018222579999986 ], [ 167.398366732000113, -45.017864677999967 ], [ 167.398673648000113, -45.01751924499996 ], [ 167.398575597000104, -45.017320451999979 ], [ 167.398217523000085, -45.017386210999973 ], [ 167.397816825000064, -45.017893399999934 ], [ 167.397403863000022, -45.018122803999972 ], [ 167.396410080000123, -45.018296263999957 ], [ 167.395974200000069, -45.018358237999962 ], [ 167.395410961000039, -45.018524893999938 ], [ 167.394894615000112, -45.018610671999966 ], [ 167.394028177000109, -45.018679425999949 ], [ 167.393133503000058, -45.018635926999934 ], [ 167.392482889000121, -45.018493414999966 ], [ 167.39201077000007, -45.018525890999967 ], [ 167.39147841700003, -45.018777186999955 ], [ 167.391135219000034, -45.01909311999998 ], [ 167.390675321000117, -45.019403374999968 ], [ 167.390293216000032, -45.019717411999977 ], [ 167.390080043000012, -45.019901072999971 ], [ 167.389638809000076, -45.020018199999981 ], [ 167.389358506000121, -45.020087717999957 ], [ 167.388544282000112, -45.020020378999959 ], [ 167.387704505000102, -45.019813195999973 ], [ 167.386384594000106, -45.019721225999945 ], [ 167.385979582000118, -45.019867820999934 ], [ 167.385610800000109, -45.020043897999983 ], [ 167.384933485000033, -45.020177230999934 ], [ 167.384064341000112, -45.020273499999973 ], [ 167.382944268000074, -45.020135784999979 ], [ 167.382565957000111, -45.02000647999995 ], [ 167.381873785000039, -45.019889599999942 ], [ 167.381228529000055, -45.019691844999954 ], [ 167.38061416100004, -45.019578747999958 ], [ 167.380388783000058, -45.019484606999981 ], [ 167.380018503000088, -45.019272526999941 ], [ 167.37988963500004, -45.018989053999974 ], [ 167.37980768400007, -45.018624712999951 ], [ 167.379634574000079, -45.018394522999984 ], [ 167.379092673000059, -45.018340386999967 ], [ 167.378703691000055, -45.018321422999975 ], [ 167.378431404000025, -45.018308148999949 ], [ 167.377995506000047, -45.018370052999956 ], [ 167.377460419000045, -45.018648870999982 ], [ 167.377161392000062, -45.018911480999975 ], [ 167.376810092000028, -45.019310134999955 ], [ 167.3765083830001, -45.019600330999936 ], [ 167.376043053000103, -45.019965702999968 ], [ 167.375346994000097, -45.020292099999949 ], [ 167.374941951000096, -45.020438654999964 ], [ 167.374287456000047, -45.020739354999932 ], [ 167.373643656000013, -45.02092969499995 ], [ 167.373113877000037, -45.021153315999982 ], [ 167.372508970000013, -45.021345548999932 ], [ 167.371828933000074, -45.021506390999946 ], [ 167.371206534000066, -45.021476009999958 ], [ 167.37079076200007, -45.021732904999965 ], [ 167.370358923000026, -45.022155329999975 ], [ 167.369932432000041, -45.022522574999982 ], [ 167.369291277000116, -45.022685301999957 ], [ 167.368694375000018, -45.022794748999956 ], [ 167.367682956000067, -45.022745347999944 ], [ 167.367179926000063, -45.022693056999969 ], [ 167.366651392000108, -45.02250091999997 ], [ 167.366206023000018, -45.022257404999948 ], [ 167.365921615000047, -45.02196631399994 ], [ 167.365673433000097, -45.021704713999952 ], [ 167.365236112000048, -45.021378428999981 ], [ 167.364837695000119, -45.021054044999971 ], [ 167.364666948000036, -45.02091502299993 ], [ 167.364604299000121, -45.021042636999937 ], [ 167.364502379000101, -45.021287130999951 ], [ 167.365030894000029, -45.021479277999958 ], [ 167.365312614000118, -45.021797957999979 ], [ 167.365627878000055, -45.022173715999941 ], [ 167.365847882000025, -45.022323062999931 ], [ 167.366290571000036, -45.022594167999955 ], [ 167.366735944000084, -45.022837682999977 ], [ 167.367311419000089, -45.022948953999958 ], [ 167.367853352000111, -45.023003145999951 ], [ 167.368950612000049, -45.022973577999949 ], [ 167.369344978000072, -45.022937397999954 ], [ 167.369794309000099, -45.022737584999959 ], [ 167.370202059000121, -45.022563458999969 ], [ 167.37045420600009, -45.022381734999954 ], [ 167.370797536000055, -45.022065865999934 ], [ 167.371449388000087, -45.021792775999984 ], [ 167.372004698000069, -45.021709004999934 ], [ 167.372523781000041, -45.021595743999967 ], [ 167.373131368000031, -45.021375922999937 ], [ 167.375320245000012, -45.020567985999946 ], [ 167.376094105000107, -45.020245384999953 ] ], [ [ 167.746924780000086, -44.732583415999954 ], [ 167.746172868000031, -44.733310298999982 ], [ 167.745232218000069, -44.734219601999939 ], [ 167.744933586000116, -44.734866887999942 ], [ 167.745044491000044, -44.735924559999944 ], [ 167.745263285000078, -44.73654653899996 ], [ 167.746478813000067, -44.737923960999979 ], [ 167.746512637000023, -44.738599938999982 ], [ 167.746515643000066, -44.738660015999983 ], [ 167.746704643000044, -44.73923167199996 ], [ 167.747054588000083, -44.739541409999958 ], [ 167.747193601000049, -44.739523281999936 ], [ 167.7472848110001, -44.738890992999984 ], [ 167.746994363000113, -44.737816646999931 ], [ 167.746949778000044, -44.737651730999971 ], [ 167.746654662000083, -44.736732519999975 ], [ 167.746490065000103, -44.73628744399997 ], [ 167.746350785000118, -44.735910823999973 ], [ 167.746093394000013, -44.735336041999972 ], [ 167.746216617000073, -44.734729695999931 ], [ 167.746653356000024, -44.734455903999958 ], [ 167.747047120000047, -44.734278062999977 ], [ 167.74724969600004, -44.733552946999964 ], [ 167.748109231000058, -44.732705409999937 ], [ 167.748530906000042, -44.732289607999974 ], [ 167.749380217000066, -44.732010173999981 ], [ 167.750083952000068, -44.731822001999944 ], [ 167.750050606000059, -44.731428813999969 ], [ 167.750004115000024, -44.731181899999967 ], [ 167.750160635000043, -44.730968736999955 ], [ 167.750424135000117, -44.730711499999984 ], [ 167.74945776800007, -44.730765283999972 ], [ 167.74849843700008, -44.731504793999932 ], [ 167.746924780000086, -44.732583415999954 ] ], [ [ 167.598307422000062, -45.055599619999953 ], [ 167.598297878000039, -45.055702133999944 ], [ 167.598158202000036, -45.055837169999961 ], [ 167.598004024000033, -45.055932917999939 ], [ 167.597880040000064, -45.056094427999938 ], [ 167.597830757000111, -45.056233691999978 ], [ 167.597746691000111, -45.056551510999952 ], [ 167.597632432000069, -45.056803564999939 ], [ 167.597570022000014, -45.057083784999975 ], [ 167.597522112000092, -45.057403294999972 ], [ 167.597486134000064, -45.057594661999985 ], [ 167.597551293000038, -45.057674929999962 ], [ 167.597660965000046, -45.05766719099995 ], [ 167.597725942000011, -45.057554400999948 ], [ 167.597904169000117, -45.057395428999939 ], [ 167.598016225000038, -45.057362060999935 ], [ 167.598142782000082, -45.05736798099997 ], [ 167.598314032000076, -45.05747895199994 ], [ 167.598441967000099, -45.057665115999953 ], [ 167.598554209000099, -45.057824806999974 ], [ 167.598661679000088, -45.058035753999945 ], [ 167.598654706000048, -45.05830569799997 ], [ 167.598562105000042, -45.058520156999975 ], [ 167.598334593000118, -45.058818395999936 ], [ 167.598133510000025, -45.059027779999951 ], [ 167.597940778000066, -45.059147464999967 ], [ 167.59783725200009, -45.05928419199995 ], [ 167.597678292000069, -45.059431195999935 ], [ 167.597610926000016, -45.05956961499993 ], [ 167.597668928000076, -45.059726766999972 ], [ 167.597889654000028, -45.059891532999984 ], [ 167.598414167000101, -45.060109119999936 ], [ 167.59876522400009, -45.060434419999979 ], [ 167.599095818000023, -45.060784501999933 ], [ 167.599641562000102, -45.061749534999933 ], [ 167.599741698000116, -45.061844307999934 ], [ 167.599841833000028, -45.061939080999935 ], [ 167.600009334000106, -45.061895432999961 ], [ 167.600122591000058, -45.061849248999977 ], [ 167.60037314900012, -45.061693654999942 ], [ 167.600457399000106, -45.061568893999947 ], [ 167.600433164000037, -45.06143906099993 ], [ 167.600312561000123, -45.061369071999934 ], [ 167.600175071000081, -45.061285422999958 ], [ 167.600152029000014, -45.06114277599994 ], [ 167.600257938000027, -45.060980417999986 ], [ 167.600401392000094, -45.060999995999964 ], [ 167.600470137000116, -45.061041819999957 ], [ 167.600615975000096, -45.061035768999943 ], [ 167.600647175000063, -45.060895657999936 ], [ 167.600539691000108, -45.060684711999954 ], [ 167.600358694000079, -45.060483198999975 ], [ 167.600098221000053, -45.060355188999949 ], [ 167.599744961000056, -45.06024857999995 ], [ 167.599606281000092, -45.060177744999976 ], [ 167.599475952000034, -45.060017209999955 ], [ 167.599452912000061, -45.059874561999948 ], [ 167.599467226000115, -45.059720791999951 ], [ 167.599518893000095, -45.059555897999985 ], [ 167.599600756000086, -45.059456766999972 ], [ 167.599834418000114, -45.059287513999948 ], [ 167.599887276000118, -45.059109804999935 ], [ 167.599978680000049, -45.058908158999941 ], [ 167.600088164000113, -45.058707358999982 ], [ 167.600112017000015, -45.058451073999947 ], [ 167.600145601000122, -45.058285333999947 ], [ 167.600312900000063, -45.058048627999938 ], [ 167.600311517000023, -45.05786838299997 ], [ 167.600313712000116, -45.057649695999942 ], [ 167.600397956000052, -45.057524934999947 ], [ 167.600579753000034, -45.05732751599993 ], [ 167.60054578800009, -45.057107136999946 ], [ 167.600412887000061, -45.056779173999985 ], [ 167.600037990000033, -45.056710162999934 ], [ 167.599831773000119, -45.056584688999976 ], [ 167.599576090000028, -45.056405420999965 ], [ 167.599373453000112, -45.056241504999946 ], [ 167.599064727000041, -45.056046884999944 ], [ 167.59882712700005, -45.055868460999932 ], [ 167.598673959000052, -45.05575833599994 ], [ 167.598481054000104, -45.05568496199993 ], [ 167.598307422000062, -45.055599619999953 ] ], [ [ 167.441586001000019, -45.044988036999939 ], [ 167.441710291000049, -45.044794180999929 ], [ 167.441986125000085, -45.044857428999933 ], [ 167.44233925900005, -45.044849458999977 ], [ 167.442552092000028, -45.04483473099998 ], [ 167.442874253000014, -45.044810780999967 ], [ 167.443057438000096, -45.044709186999967 ], [ 167.443111572000021, -45.044511951999937 ], [ 167.44276757800003, -45.043321305999939 ], [ 167.442679034000093, -45.043142178999972 ], [ 167.442501945000117, -45.042783922999945 ], [ 167.44221010800004, -45.042520060999948 ], [ 167.442076962000101, -45.042438705999984 ], [ 167.441938375000063, -45.042389704999948 ], [ 167.441667993000124, -45.042294102999961 ], [ 167.44129410100004, -45.042151186999945 ], [ 167.441088046000118, -45.042130725999982 ], [ 167.440805458000114, -45.04210266399997 ], [ 167.440449959000034, -45.042135493999979 ], [ 167.440077772000109, -45.042342382999948 ], [ 167.439923176000093, -45.042484815999956 ], [ 167.43963305300008, -45.042570754999986 ], [ 167.439542135000124, -45.042416491999973 ], [ 167.439495827000087, -45.042164454999977 ], [ 167.439475057000095, -45.042013570999984 ], [ 167.439356220000036, -45.041783018999979 ], [ 167.439082788000064, -45.041694898999936 ], [ 167.438881886000104, -45.041585293999958 ], [ 167.438503236000088, -45.041492099999971 ], [ 167.438273725000045, -45.041680879999944 ], [ 167.438259419000019, -45.041830073999961 ], [ 167.438072130000023, -45.041945946999931 ], [ 167.438069160000055, -45.041947071999971 ], [ 167.437779622000107, -45.042056746999947 ], [ 167.437585180000042, -45.042247216999954 ], [ 167.43755894700007, -45.042520737999951 ], [ 167.43762193900011, -45.042598716999976 ], [ 167.438042822000057, -45.042619006999985 ], [ 167.438438168000062, -45.042538143999934 ], [ 167.438723525000114, -45.04250193799993 ], [ 167.439144407000072, -45.042522224999971 ], [ 167.439380386000039, -45.042633519999981 ], [ 167.439466536000054, -45.042837515999963 ], [ 167.439590144000022, -45.043018334999942 ], [ 167.439578224000115, -45.043142662999969 ], [ 167.43934394200005, -45.043381176999958 ], [ 167.439107273000104, -45.043644554999958 ], [ 167.439020434000099, -45.043815231999986 ], [ 167.439111353000044, -45.043969497999967 ], [ 167.439422256000057, -45.044034441999941 ], [ 167.439628558000095, -45.044057825999971 ], [ 167.439805690000071, -45.04407790199997 ], [ 167.440189126000064, -45.044121358999973 ], [ 167.440387655000109, -45.044255828999951 ], [ 167.440576653000107, -45.044489759999976 ], [ 167.440550434000102, -45.044763280999973 ], [ 167.440493906000029, -45.044985380999947 ], [ 167.440577680000047, -45.04521424099994 ], [ 167.440771447000088, -45.045398440999975 ], [ 167.441154894000078, -45.045441894999954 ], [ 167.441442646000041, -45.045380815999977 ], [ 167.441604395000013, -45.045163784999943 ], [ 167.441586001000019, -45.044988036999939 ] ], [ [ 167.7214502490001, -44.874396573999945 ], [ 167.721789467000121, -44.873905470999944 ], [ 167.722087308000027, -44.873057818999939 ], [ 167.722224681000057, -44.872354807999955 ], [ 167.722082281000098, -44.871486986999969 ], [ 167.721550173000082, -44.870854630999986 ], [ 167.721183322000115, -44.870837820999952 ], [ 167.720348812000111, -44.871103562999963 ], [ 167.720161954000105, -44.870900950999953 ], [ 167.719393228000058, -44.870956226999965 ], [ 167.718967720000023, -44.871035866999932 ], [ 167.718696779000084, -44.871717474999969 ], [ 167.71897677700008, -44.872473914999944 ], [ 167.719747263000045, -44.873203261999947 ], [ 167.720179568000049, -44.873817957999961 ], [ 167.720190826000021, -44.874462928999947 ], [ 167.720284939000067, -44.874962976999939 ], [ 167.720618671000011, -44.875126991999934 ], [ 167.7212136280001, -44.874908865999942 ], [ 167.7214502490001, -44.874396573999945 ] ], [ [ 167.422221276000073, -45.038720357999978 ], [ 167.422261677000051, -45.038764520999962 ], [ 167.422495748000074, -45.038757450999981 ], [ 167.422655901000098, -45.038710035999941 ], [ 167.422776165000073, -45.038807780999946 ], [ 167.42301727500012, -45.03872750599993 ], [ 167.423210278000056, -45.038608134999947 ], [ 167.423315288000026, -45.038594824999961 ], [ 167.423588667000104, -45.038718355999947 ], [ 167.423832714000014, -45.038877241999955 ], [ 167.424021618000097, -45.039070232999961 ], [ 167.424403530000063, -45.039143850999949 ], [ 167.424675730000104, -45.039009917999977 ], [ 167.424832363000064, -45.038999101999934 ], [ 167.425171443000067, -45.038978715999974 ], [ 167.42554864900012, -45.038831469999934 ], [ 167.425875986000051, -45.038663425999971 ], [ 167.426141145000088, -45.038602693999962 ], [ 167.426642132000097, -45.038516581999943 ], [ 167.427067438000108, -45.038408426999979 ], [ 167.427441119000036, -45.038297775999979 ], [ 167.427761414000088, -45.038202930999944 ], [ 167.428094016000045, -45.037979977999953 ], [ 167.428185518000078, -45.03783730899994 ], [ 167.427804171000048, -45.037487941999984 ], [ 167.427482681000015, -45.037325324999983 ], [ 167.427228642000046, -45.037000489999969 ], [ 167.427118926000048, -45.036792943999956 ], [ 167.426508241000079, -45.036671509999962 ], [ 167.425823642000069, -45.036509728999931 ], [ 167.424637503000099, -45.03670981199997 ], [ 167.424069071000076, -45.03695812899997 ], [ 167.423498878000032, -45.037224743999957 ], [ 167.423387583000022, -45.037281875999952 ], [ 167.423171541000102, -45.037392780999937 ], [ 167.422864735000076, -45.037616965999973 ], [ 167.422766184000011, -45.037832834999961 ], [ 167.422686403000057, -45.038123154999937 ], [ 167.422515691000058, -45.038280376999978 ], [ 167.422260504000064, -45.038507057999936 ], [ 167.422191281000096, -45.038687571999958 ], [ 167.422221276000073, -45.038720357999978 ] ], [ [ 167.745222807000118, -44.950841208999975 ], [ 167.745812562000083, -44.950962870999945 ], [ 167.746867153000039, -44.950836604999949 ], [ 167.746959705000108, -44.950825522999935 ], [ 167.747471919000077, -44.950327462999951 ], [ 167.747638965000078, -44.949955880999937 ], [ 167.747494944000096, -44.949333141999944 ], [ 167.747471088000111, -44.948858068999982 ], [ 167.746919708000064, -44.948311575999981 ], [ 167.746235397000078, -44.947759023999936 ], [ 167.745660986000075, -44.948206845999948 ], [ 167.745157304000031, -44.948610487999986 ], [ 167.7439138740001, -44.949075219999941 ], [ 167.743422966000026, -44.949337240999967 ], [ 167.743301045000067, -44.949947866999935 ], [ 167.743807253000114, -44.950255327999969 ], [ 167.744512893000092, -44.950571872999944 ], [ 167.745047318000047, -44.950774628999966 ], [ 167.745222807000118, -44.950841208999975 ] ], [ [ 167.426225402000114, -44.932079877999968 ], [ 167.426716845000101, -44.931844612999953 ], [ 167.427830568000104, -44.931639455999971 ], [ 167.428619019000053, -44.931566579999981 ], [ 167.429040937000082, -44.931512976999954 ], [ 167.429902422000055, -44.931221583999957 ], [ 167.430290130000117, -44.930981286999952 ], [ 167.430715571000064, -44.93089084099995 ], [ 167.430768166000121, -44.93058975699995 ], [ 167.430014288000052, -44.930597877999958 ], [ 167.429526401000089, -44.930796321999935 ], [ 167.428765103000046, -44.931129564999935 ], [ 167.428014391000033, -44.931352293999964 ], [ 167.426689713000087, -44.931584250999947 ], [ 167.426267790000111, -44.931637845999944 ], [ 167.425620777000063, -44.931865578999975 ], [ 167.425129331000107, -44.932100838999986 ], [ 167.424319666000088, -44.932394703999933 ], [ 167.423538267000026, -44.93239387899996 ], [ 167.421920414000056, -44.931853196999953 ], [ 167.421814906000122, -44.931795500999954 ], [ 167.421643245000041, -44.931655719999981 ], [ 167.421469073000026, -44.931542110999942 ], [ 167.421076353000103, -44.931391619999943 ], [ 167.420543795000071, -44.931155473999979 ], [ 167.420224766000047, -44.931008549999945 ], [ 167.419665424000073, -44.930665928999986 ], [ 167.41913288000012, -44.930429776999972 ], [ 167.418529169000067, -44.930163879999952 ], [ 167.418062779000024, -44.930009806999976 ], [ 167.417311706000078, -44.929736758999979 ], [ 167.416687897000088, -44.929680222999934 ], [ 167.416164562000063, -44.929733729999953 ], [ 167.415746722000108, -44.929844933999959 ], [ 167.415247651000072, -44.930031078999946 ], [ 167.414677408000102, -44.930187475999958 ], [ 167.414180847000011, -44.930347444999938 ], [ 167.413588846000039, -44.930345020999937 ], [ 167.413011941000036, -44.930185565999977 ], [ 167.412435040000105, -44.930026109999972 ], [ 167.411131359000024, -44.929726203999962 ], [ 167.410291539000013, -44.929606561999947 ], [ 167.409736388000056, -44.929605906999939 ], [ 167.408948911000039, -44.929539477999981 ], [ 167.40930676500011, -44.929916840999965 ], [ 167.409780712000043, -44.930259951999972 ], [ 167.41023364900002, -44.930208499999935 ], [ 167.411299567000015, -44.930286529999933 ], [ 167.412392268000076, -44.93047102099996 ], [ 167.413295729000083, -44.930698908999943 ], [ 167.413830766000046, -44.930908916999954 ], [ 167.414422773000069, -44.930911339999966 ], [ 167.414919338000118, -44.93075136899995 ], [ 167.415207416000044, -44.930449819999978 ], [ 167.415443561000075, -44.930303512999956 ], [ 167.415890705000038, -44.930272609999975 ], [ 167.41644334800003, -44.930299405999961 ], [ 167.416858674000082, -44.930214368999941 ], [ 167.417953905000104, -44.930372636999948 ], [ 167.419500462000087, -44.93084198899993 ], [ 167.421510105000038, -44.931885909999949 ], [ 167.423212983000099, -44.932526155999938 ], [ 167.423776352000118, -44.932627448999938 ], [ 167.424772252000025, -44.932564643999967 ], [ 167.425526525000123, -44.932305099999951 ], [ 167.426225402000114, -44.932079877999968 ] ], [ [ 167.589336040000035, -44.938136284999985 ], [ 167.589026812000043, -44.938674039999967 ], [ 167.588915395000072, -44.939175058999979 ], [ 167.58907909800007, -44.939504902999943 ], [ 167.589707216000079, -44.939718480999943 ], [ 167.590352391000124, -44.939748763999944 ], [ 167.591208166000115, -44.939604836999933 ], [ 167.591870387000085, -44.939451821999967 ], [ 167.592351837000024, -44.939152253999964 ], [ 167.592643992000035, -44.938797779999959 ], [ 167.592686600000093, -44.938339552999935 ], [ 167.59280224500003, -44.937792706999971 ], [ 167.592905106000103, -44.937383329999932 ], [ 167.592986663000033, -44.937203065999938 ], [ 167.593171077000079, -44.936613423999972 ], [ 167.592779732000054, -44.936641086999941 ], [ 167.592457762000095, -44.937316318999933 ], [ 167.592290383000091, -44.937722668999982 ], [ 167.591813207000087, -44.93797641499998 ], [ 167.591314130000114, -44.937768903999938 ], [ 167.590871048000054, -44.937656064999942 ], [ 167.590948350000076, -44.937521623999942 ], [ 167.591339113000117, -44.936803600999951 ], [ 167.590715284000112, -44.936544210999955 ], [ 167.589838237000095, -44.93691724699994 ], [ 167.589481559000092, -44.937268684999935 ], [ 167.589378675000034, -44.93767805899995 ], [ 167.589336040000035, -44.938136284999985 ] ], [ [ 167.674751240000091, -44.994910206999975 ], [ 167.674868320000087, -44.995259392999969 ], [ 167.674690906000023, -44.995568544999969 ], [ 167.674483618000068, -44.995796983999981 ], [ 167.674466723000023, -44.995981318999952 ], [ 167.674830621000069, -44.996077446999948 ], [ 167.675642301000039, -44.996167790999948 ], [ 167.675934387000098, -44.996234155999957 ], [ 167.676233712000112, -44.996221521999985 ], [ 167.676245775000098, -44.996089851999955 ], [ 167.676237613000012, -44.99577213799995 ], [ 167.676507059000073, -44.995678787999964 ], [ 167.67690324900002, -44.995829288999971 ], [ 167.677246921000119, -44.995739361999938 ], [ 167.677308156000095, -44.995477737999977 ], [ 167.677647003000061, -44.995440475999942 ], [ 167.677721230000088, -44.995443899999941 ], [ 167.677346750000083, -44.995056398999964 ], [ 167.676969864000057, -44.99469523099998 ], [ 167.676966523000033, -44.994324847999962 ], [ 167.676997882000023, -44.993982511999945 ], [ 167.677021904000071, -44.993371422999985 ], [ 167.67683834200011, -44.993369648999931 ], [ 167.676543442000025, -44.993247534999966 ], [ 167.676427282000077, -44.993295064999984 ], [ 167.674858008000115, -44.992931762999945 ], [ 167.674561114000085, -44.992918060999955 ], [ 167.674178838000103, -44.993429316999936 ], [ 167.674040952000041, -44.993713846999981 ], [ 167.674005088000058, -44.99384667299995 ], [ 167.67392810900003, -44.99413175799998 ], [ 167.674087123000049, -44.994429992999983 ], [ 167.674298498000098, -44.994622567999954 ], [ 167.674362304000056, -44.994680696999978 ], [ 167.674751240000091, -44.994910206999975 ] ], [ [ 167.622113903000013, -44.923306712999931 ], [ 167.622420873000124, -44.923488317999954 ], [ 167.623033939000038, -44.923224183999935 ], [ 167.623344317000033, -44.923050474999968 ], [ 167.62378538400003, -44.922736491999956 ], [ 167.624228372000061, -44.922401686999933 ], [ 167.624515208000048, -44.922164145999943 ], [ 167.625044179000042, -44.921854259999975 ], [ 167.625417001000073, -44.921641637999983 ], [ 167.625793668000028, -44.921387374999938 ], [ 167.626053110000043, -44.921127642999977 ], [ 167.626281323000057, -44.920887364999942 ], [ 167.626308348000066, -44.920833736999953 ], [ 167.626425464000022, -44.920601345999955 ], [ 167.626473998000051, -44.920394508999948 ], [ 167.626524454000105, -44.920166851999966 ], [ 167.626313094000011, -44.919906076999951 ], [ 167.625978749000069, -44.919702294999979 ], [ 167.62594557500006, -44.919703682999966 ], [ 167.625506033000079, -44.919722068999931 ], [ 167.625117382000099, -44.919787582999959 ], [ 167.624629276000064, -44.919973913999968 ], [ 167.624215615000026, -44.92031008899994 ], [ 167.624038311000049, -44.920636377999983 ], [ 167.623870625000109, -44.920858564999946 ], [ 167.623673632000077, -44.921079384999985 ], [ 167.623460801000078, -44.921153095999955 ], [ 167.623251816000106, -44.92118516599993 ], [ 167.623158130000093, -44.921243523999976 ], [ 167.623056745000099, -44.921385163999958 ], [ 167.623045199000103, -44.921510085999955 ], [ 167.622973119000108, -44.921653091999985 ], [ 167.622701674000041, -44.921724066999957 ], [ 167.622481581000102, -44.922194726999976 ], [ 167.622061680000115, -44.922279682999942 ], [ 167.621846918000074, -44.92237420999993 ], [ 167.621692691000021, -44.922450652999942 ], [ 167.621563920000085, -44.922570102999941 ], [ 167.621542746000046, -44.922799125999973 ], [ 167.62170125800003, -44.922994714999959 ], [ 167.622113903000013, -44.923306712999931 ] ], [ [ 167.553209408000043, -44.885947095999938 ], [ 167.553086497000095, -44.885795037999969 ], [ 167.552770199000065, -44.885877569999934 ], [ 167.552399259000026, -44.885811271999955 ], [ 167.552244488000042, -44.885633330999951 ], [ 167.552360521000082, -44.885492577999969 ], [ 167.552811084000041, -44.885440771999981 ], [ 167.553070467000111, -44.885233676999974 ], [ 167.552358189000074, -44.885151230999952 ], [ 167.55194403400003, -44.885180383999966 ], [ 167.551261347000036, -44.885148078999975 ], [ 167.550722016000122, -44.885049432999949 ], [ 167.55060138500005, -44.88487310599993 ], [ 167.550175821000039, -44.884657970999967 ], [ 167.550123462000101, -44.884484873999952 ], [ 167.550141641000096, -44.884290741999962 ], [ 167.550639965000073, -44.88409496099996 ], [ 167.551477347000059, -44.883939597999984 ], [ 167.551966575000051, -44.883840877999944 ], [ 167.552692466000053, -44.883777727999984 ], [ 167.553482079000105, -44.883766333999972 ], [ 167.554503816000079, -44.883839034999937 ], [ 167.555134192000082, -44.884063838999964 ], [ 167.555575660000045, -44.884109088999935 ], [ 167.555992077000042, -44.884055656999976 ], [ 167.556556375000014, -44.883887344999948 ], [ 167.556915869000022, -44.883709347999968 ], [ 167.55751883500011, -44.883494111999937 ], [ 167.557912455000064, -44.883317725999973 ], [ 167.558265134000067, -44.883212525999966 ], [ 167.558611006000092, -44.883180122999931 ], [ 167.559364208000034, -44.883191341999975 ], [ 167.560390478000045, -44.883215456999949 ], [ 167.561150485000098, -44.883153863999951 ], [ 167.562588625000103, -44.883173040999964 ], [ 167.562836626000035, -44.883087255999953 ], [ 167.563123296000072, -44.882954550999955 ], [ 167.563532764000115, -44.882608275999985 ], [ 167.563794362000067, -44.882376888999943 ], [ 167.564187957000058, -44.882200481999973 ], [ 167.564527021000117, -44.882240861999946 ], [ 167.564654487000098, -44.882344373999956 ], [ 167.564872594000121, -44.882423492999976 ], [ 167.565203981000082, -44.882532533999949 ], [ 167.565210744000069, -44.882534758999952 ], [ 167.565440236000086, -44.88237404299997 ], [ 167.565191027000083, -44.882171668999945 ], [ 167.564829730000042, -44.882021186999964 ], [ 167.564569891000019, -44.881932676999952 ], [ 167.564137487000039, -44.88196944799995 ], [ 167.563947093000024, -44.881998580999948 ], [ 167.563637518000064, -44.88215551299993 ], [ 167.563440032000017, -44.882260555999949 ], [ 167.563233681000042, -44.882460483999978 ], [ 167.563050476000058, -44.882699626999965 ], [ 167.562659042000064, -44.882871752999961 ], [ 167.562283563000051, -44.882873082999936 ], [ 167.561795992000043, -44.882926299999951 ], [ 167.56131374000006, -44.882922581999935 ], [ 167.56072826400009, -44.882875863999971 ], [ 167.559952386000077, -44.882858269999986 ], [ 167.559172963000037, -44.882878625999979 ], [ 167.558288540000035, -44.882874951999952 ], [ 167.557681771000034, -44.883055944999967 ], [ 167.557345480000095, -44.883211598999935 ], [ 167.556010950000086, -44.883720342999936 ], [ 167.555491347000043, -44.883829201999959 ], [ 167.555327634000037, -44.883859583999936 ], [ 167.555016189000071, -44.883749549999948 ], [ 167.554783051000072, -44.883662279999953 ], [ 167.554468056000019, -44.883590197999979 ], [ 167.55372241900011, -44.883535869999946 ], [ 167.553293549000045, -44.883534643999951 ], [ 167.552782824000019, -44.883548603999941 ], [ 167.552163548000067, -44.88357648799996 ], [ 167.551809429000059, -44.883635976999983 ], [ 167.551482001000068, -44.883696727999961 ], [ 167.55072214900008, -44.88379419599994 ], [ 167.550229230000014, -44.883904293999933 ], [ 167.549681144000033, -44.884030840999969 ], [ 167.549383959000124, -44.884054893999974 ], [ 167.549067194000031, -44.88400177699998 ], [ 167.547800108000047, -44.88350337199995 ], [ 167.547536756000113, -44.883738697999945 ], [ 167.547771662000059, -44.883807003999948 ], [ 167.548323428000117, -44.88393654999993 ], [ 167.548878694000109, -44.884230954999964 ], [ 167.549361153000063, -44.884570659999952 ], [ 167.549743489000093, -44.884881246999953 ], [ 167.550071194000111, -44.885043002999964 ], [ 167.550719794000088, -44.88543931199996 ], [ 167.551131733000034, -44.88580004399995 ], [ 167.55146172000002, -44.885937529999978 ], [ 167.552060243000028, -44.88613646899995 ], [ 167.552444875000106, -44.886422780999965 ], [ 167.552893173000029, -44.886395242999981 ], [ 167.553022835000093, -44.886108887999967 ], [ 167.553209408000043, -44.885947095999938 ] ], [ [ 167.574245148000045, -44.761905076999938 ], [ 167.573497139000096, -44.761633661999952 ], [ 167.573042634000103, -44.761769602999948 ], [ 167.572591930000044, -44.762161496999965 ], [ 167.572031235000054, -44.762548195999955 ], [ 167.571780280000098, -44.762870820999979 ], [ 167.571694301000093, -44.763201236999976 ], [ 167.571741835000012, -44.763484117999951 ], [ 167.572303017000081, -44.763485761999959 ], [ 167.573164675000044, -44.763723200999948 ], [ 167.573991556000124, -44.764037690999942 ], [ 167.574723033000055, -44.764190270999961 ], [ 167.575445234000085, -44.764145657999961 ], [ 167.575991348000116, -44.763915653999959 ], [ 167.57623482300005, -44.763376241999936 ], [ 167.576177657000017, -44.762802966999971 ], [ 167.575926375000108, -44.762535333999949 ], [ 167.574963847000049, -44.762194778999969 ], [ 167.574245148000045, -44.761905076999938 ] ], [ [ 167.316050917000098, -44.900079778999952 ], [ 167.315433141000085, -44.899760992999973 ], [ 167.315057555000067, -44.899454168999966 ], [ 167.314880411000104, -44.899330109999937 ], [ 167.313512942000102, -44.89893583099996 ], [ 167.313467758000115, -44.898568459999979 ], [ 167.313228607000042, -44.898249154999974 ], [ 167.312822397000105, -44.897979246999967 ], [ 167.312437485000032, -44.897768042999985 ], [ 167.312060062000114, -44.897480334999955 ], [ 167.311663927000041, -44.89738387999995 ], [ 167.311315994000097, -44.897347459999935 ], [ 167.310901142000034, -44.897442252999952 ], [ 167.310642121000114, -44.89760240399994 ], [ 167.310448847000089, -44.897919547999948 ], [ 167.310560924000015, -44.898155703999976 ], [ 167.310851300000081, -44.898227716999941 ], [ 167.311253057000044, -44.898266799999931 ], [ 167.311660427000106, -44.89824850499997 ], [ 167.311988492000069, -44.898764386999972 ], [ 167.312252681000018, -44.89910415099996 ], [ 167.312705951000112, -44.899722308999969 ], [ 167.313108437000096, -44.900030468999944 ], [ 167.313699292000024, -44.900347938999971 ], [ 167.314514785000028, -44.900580415999968 ], [ 167.315797832000044, -44.901008945999934 ], [ 167.316341640000019, -44.90097815699994 ], [ 167.316883579000091, -44.900966489999973 ], [ 167.317056255000011, -44.900859712999932 ], [ 167.3166268330001, -44.900550235999958 ], [ 167.316050917000098, -44.900079778999952 ] ], [ [ 167.411570881000102, -45.018025071999944 ], [ 167.411360549000051, -45.017598849999956 ], [ 167.410260224000012, -45.017278071999954 ], [ 167.409882053000047, -45.017289456999947 ], [ 167.409748396000055, -45.017372126999931 ], [ 167.409150312000065, -45.01749171299997 ], [ 167.408589280000115, -45.01722677999993 ], [ 167.407848251000019, -45.016655949999972 ], [ 167.406889110000066, -45.016609431999939 ], [ 167.406677749000096, -45.016628895999986 ], [ 167.406457834000093, -45.01673709399995 ], [ 167.406079667000085, -45.016748465999967 ], [ 167.405620946000113, -45.01672621199998 ], [ 167.405359328000031, -45.01683238499993 ], [ 167.405836937000117, -45.017093288999945 ], [ 167.406125999000096, -45.017137027999979 ], [ 167.406732639000097, -45.016928722999978 ], [ 167.407766638000112, -45.017068021999933 ], [ 167.408077450000064, -45.017320825999946 ], [ 167.408933249000029, -45.017570337999985 ], [ 167.40921091600012, -45.017732381999963 ], [ 167.409678196000073, -45.017665885999975 ], [ 167.409984363000035, -45.01753214699994 ], [ 167.410115169000051, -45.017479054999967 ], [ 167.410496190000117, -45.017438090999974 ], [ 167.410865815000079, -45.017515439999954 ], [ 167.41114063800012, -45.017707058999974 ], [ 167.411245805000021, -45.017920168999979 ], [ 167.411339575000056, -45.018251593999935 ], [ 167.411483596000039, -45.018496302999949 ], [ 167.411785886000075, -45.018837831999974 ], [ 167.412141278000036, -45.01906306799998 ], [ 167.412371562000089, -45.019282239999939 ], [ 167.412601847000019, -45.019501412999944 ], [ 167.412629308000078, -45.019651323999938 ], [ 167.41268423300005, -45.019951148999951 ], [ 167.412783712000078, -45.020223414999975 ], [ 167.412877495000089, -45.020554837999953 ], [ 167.412890716000106, -45.020852640999976 ], [ 167.412853688000041, -45.021237158999952 ], [ 167.412813811000092, -45.021651254999938 ], [ 167.412860193000029, -45.022039813999982 ], [ 167.413037391000103, -45.02237527799997 ], [ 167.414001320000011, -45.022808282999961 ], [ 167.4144543970001, -45.022889659999976 ], [ 167.416080958000066, -45.022968425999977 ], [ 167.416625993000025, -45.022965097999986 ], [ 167.417549235000024, -45.022950358999935 ], [ 167.41813882200006, -45.022919463999983 ], [ 167.418525566000085, -45.022819315999982 ], [ 167.418884828000046, -45.022569257999976 ], [ 167.419188155000029, -45.022465071999932 ], [ 167.41958627300005, -45.022246606999943 ], [ 167.420067801000073, -45.022032176999971 ], [ 167.420463070000096, -45.021843287999957 ], [ 167.420938903000092, -45.021688010999981 ], [ 167.421325633000038, -45.021587853999961 ], [ 167.42158724300009, -45.021481642999959 ], [ 167.421901934000061, -45.021259135999969 ], [ 167.422375862000081, -45.020687735999957 ], [ 167.422699074000093, -45.020376489999933 ], [ 167.422835563000035, -45.020264226999984 ], [ 167.423105693000025, -45.020069277999937 ], [ 167.423498095000014, -45.019909956999982 ], [ 167.423851632000037, -45.019719038999938 ], [ 167.42420800900004, -45.019498541999951 ], [ 167.424344492000046, -45.019386274999931 ], [ 167.424269991000074, -45.019376730999966 ], [ 167.423971993000123, -45.019338549999929 ], [ 167.423927447000096, -45.019366111999943 ], [ 167.423704711000028, -45.019503922999945 ], [ 167.42348481800002, -45.019612153999958 ], [ 167.423128438000049, -45.019832649999955 ], [ 167.422774897000068, -45.020023564999974 ], [ 167.422460216000104, -45.020246074999932 ], [ 167.422220413000105, -45.020561353999938 ], [ 167.421894353000084, -45.020902176999982 ], [ 167.421657388000085, -45.021187875999942 ], [ 167.421167341000114, -45.021491048999962 ], [ 167.420783455000105, -45.021561624999947 ], [ 167.420143643000074, -45.021679251999956 ], [ 167.419626102000052, -45.021832507999932 ], [ 167.419219451000117, -45.02213970899993 ], [ 167.418732229000057, -45.022413290999964 ], [ 167.418206141000041, -45.022655275999966 ], [ 167.417152091000048, -45.022723120999956 ], [ 167.415942600000108, -45.022664564999957 ], [ 167.414538817000107, -45.022448004999944 ], [ 167.413885756000013, -45.022267792999969 ], [ 167.413285797000071, -45.02197128399996 ], [ 167.413147456000047, -45.021667418999982 ], [ 167.413142778000065, -45.021280881999985 ], [ 167.41302539600008, -45.020324271999982 ], [ 167.413101278000113, -45.019971353999949 ], [ 167.413069137000093, -45.019434902999933 ], [ 167.412761138000064, -45.019152533999943 ], [ 167.412283481000031, -45.018891660999941 ], [ 167.41196409600002, -45.018727602999945 ], [ 167.411709206000069, -45.018328938999957 ], [ 167.411570881000102, -45.018025071999944 ] ], [ [ 167.53871670400008, -44.863410230999932 ], [ 167.539294654000059, -44.863374782999983 ], [ 167.539756718000035, -44.863396703999967 ], [ 167.539907805000098, -44.863435306999975 ], [ 167.540124900000023, -44.863477041999943 ], [ 167.540522422000095, -44.863480180999943 ], [ 167.540853937000065, -44.863480186999936 ], [ 167.541101840000124, -44.863429074999942 ], [ 167.541434826000113, -44.863177663999977 ], [ 167.541484704000027, -44.862881390999974 ], [ 167.54148590200009, -44.862804512999958 ], [ 167.541489111000033, -44.862598679999962 ], [ 167.541412842000113, -44.862233552999953 ], [ 167.541153224000027, -44.86170255199994 ], [ 167.540645709000046, -44.861458428999981 ], [ 167.540177800000038, -44.861263336999968 ], [ 167.53928450300009, -44.861362416999953 ], [ 167.53879164600005, -44.861433338999973 ], [ 167.538432270000044, -44.861494874999948 ], [ 167.538216633000047, -44.86167325599996 ], [ 167.538278219000063, -44.861959099999979 ], [ 167.53834861200005, -44.86215105399998 ], [ 167.538256162000039, -44.862665356999969 ], [ 167.538037584000108, -44.862875033999956 ], [ 167.537708991000045, -44.863079489999961 ], [ 167.537563628000044, -44.863255817999971 ], [ 167.538319522000052, -44.863475774999984 ], [ 167.538317663000043, -44.863495582999974 ], [ 167.53871670400008, -44.863410230999932 ] ], [ [ 167.635203582000031, -45.107839334999937 ], [ 167.635341875000108, -45.108072125999968 ], [ 167.635501028000022, -45.10807951299995 ], [ 167.635743670000124, -45.108048329999974 ], [ 167.63579388800008, -45.107937473999982 ], [ 167.635790941000096, -45.10775340899994 ], [ 167.635758974000055, -45.107667035999953 ], [ 167.635549266000112, -45.107558265999955 ], [ 167.635492191000026, -45.107527319999974 ], [ 167.63542695600006, -45.107368661999942 ], [ 167.635539462000111, -45.10723239999993 ], [ 167.635680022000088, -45.107224775999953 ], [ 167.635448780000047, -45.106916928999965 ], [ 167.635305274000075, -45.106740488999947 ], [ 167.635246559000052, -45.10651139099997 ], [ 167.63533622500006, -45.106190142999935 ], [ 167.635441874000094, -45.105912080999985 ], [ 167.635470554000108, -45.105602148999935 ], [ 167.635475769000095, -45.10554579899997 ], [ 167.63535636000006, -45.104677211999956 ], [ 167.635301557000048, -45.104405850999967 ], [ 167.63530382600004, -45.10416543499997 ], [ 167.635133580000115, -45.103846270999952 ], [ 167.63483649200009, -45.103818331999946 ], [ 167.634673440000029, -45.103853207999975 ], [ 167.634410923000019, -45.103883464999967 ], [ 167.634125906000122, -45.103940973999954 ], [ 167.634002638000084, -45.103977695999959 ], [ 167.633943293000016, -45.104187165999974 ], [ 167.63384024800007, -45.104437049999945 ], [ 167.633580669000025, -45.104651370999932 ], [ 167.633482840000056, -45.104844902999957 ], [ 167.633600253000054, -45.105303100999947 ], [ 167.633763643000066, -45.105480467999939 ], [ 167.633702990000074, -45.10570402299993 ], [ 167.633395793000091, -45.106001022999976 ], [ 167.633256868000103, -45.10620679699997 ], [ 167.633405913000047, -45.106539127999952 ], [ 167.633664863000035, -45.106763375999947 ], [ 167.633938825000087, -45.107257136999976 ], [ 167.634210819000032, -45.107340506999947 ], [ 167.634466833000033, -45.107380687999978 ], [ 167.635203582000031, -45.107839334999937 ] ], [ [ 167.682338758000014, -44.725647281999954 ], [ 167.682114157000115, -44.725815894999982 ], [ 167.681866820000096, -44.725774614999978 ], [ 167.681202743000085, -44.72571404699994 ], [ 167.681069604000072, -44.725797387999933 ], [ 167.680776269000035, -44.726261160999968 ], [ 167.680946762000076, -44.726686733999941 ], [ 167.6811497220001, -44.726755795999964 ], [ 167.681725051000058, -44.726871925999944 ], [ 167.682717131000118, -44.727007334999939 ], [ 167.683451052000123, -44.727220296999974 ], [ 167.683862394000016, -44.727298993999966 ], [ 167.684328933000074, -44.727231071999938 ], [ 167.684878820000108, -44.727167001999931 ], [ 167.685295571000097, -44.727186275999941 ], [ 167.685614329000032, -44.726902672999984 ], [ 167.685693849000018, -44.72648867099997 ], [ 167.685626720000073, -44.726306560999944 ], [ 167.685189929000103, -44.726047686999948 ], [ 167.685161772000015, -44.725897212999939 ], [ 167.684966920000079, -44.725739029999943 ], [ 167.684547476000034, -44.725749463999932 ], [ 167.684164298000042, -44.725821242999984 ], [ 167.683744853000121, -44.725831673999949 ], [ 167.683277219000047, -44.725452029999985 ], [ 167.683074258000033, -44.725382969999941 ], [ 167.682735460000117, -44.725426963999951 ], [ 167.682338758000014, -44.725647281999954 ] ], [ [ 167.363384687000121, -45.084293339999931 ], [ 167.363909229000114, -45.084360760999971 ], [ 167.363776500000085, -45.084589151999978 ], [ 167.363369248000026, -45.084760809999977 ], [ 167.36292074500011, -45.084738904999938 ], [ 167.362491836000117, -45.084824370999968 ], [ 167.362370174000034, -45.084839710999972 ], [ 167.362132014000053, -45.085126038999931 ], [ 167.361925812000095, -45.085392644999956 ], [ 167.361514428000078, -45.08560665899995 ], [ 167.361190681000039, -45.085846238999977 ], [ 167.360937042000046, -45.085982827999942 ], [ 167.360626691000107, -45.085776116999966 ], [ 167.360871046000057, -45.08542624599994 ], [ 167.361440180000045, -45.085134807999964 ], [ 167.361879402000113, -45.084943434999957 ], [ 167.362390786000105, -45.084627888999933 ], [ 167.362748542000077, -45.084347401999935 ], [ 167.362754726000048, -45.084283854999967 ], [ 167.362473645000023, -45.084349729999985 ], [ 167.362078374000021, -45.084442364999973 ], [ 167.360633903000121, -45.085393376999946 ], [ 167.36030603100005, -45.085675316999982 ], [ 167.360270976000038, -45.086035414999969 ], [ 167.360469973000022, -45.086151552999979 ], [ 167.360878278000087, -45.086277917999951 ], [ 167.360915102000035, -45.08626998699998 ], [ 167.361522691000118, -45.086139136999975 ], [ 167.362020679000011, -45.085652673999959 ], [ 167.36245990000009, -45.085461298999974 ], [ 167.36300841700006, -45.085381674999951 ], [ 167.363622915000064, -45.085241421999967 ], [ 167.363920869000026, -45.084958011999959 ], [ 167.364364201000058, -45.084724264999977 ], [ 167.36472204800009, -45.084469481999975 ], [ 167.364783809000073, -45.084425508999971 ], [ 167.364996173000122, -45.084095350999974 ], [ 167.365084815000046, -45.08380171899995 ], [ 167.365177998000036, -45.083707109999978 ], [ 167.365384815000084, -45.083497122999972 ], [ 167.365682750000019, -45.08321370699997 ], [ 167.365842548000046, -45.083115092999947 ], [ 167.366961112000013, -45.082424791999983 ], [ 167.367293052000036, -45.082100466999975 ], [ 167.368500197000117, -45.081116516999941 ], [ 167.368961027000068, -45.081011304999947 ], [ 167.369266188000097, -45.080962343999943 ], [ 167.369834258000083, -45.080990056999951 ], [ 167.370770432000086, -45.081248550999931 ], [ 167.370866302000081, -45.081189378999966 ], [ 167.370827083000108, -45.080974638999976 ], [ 167.370754002000012, -45.08091520499994 ], [ 167.370604359000026, -45.080793511999957 ], [ 167.370259986000065, -45.08062773499995 ], [ 167.369877482000106, -45.080545227999949 ], [ 167.36919188100012, -45.080490496999971 ], [ 167.366019821000123, -45.082527826999979 ], [ 167.365785807000066, -45.082771796999964 ], [ 167.365453854000066, -45.083096117999958 ], [ 167.365072399000042, -45.083311605999938 ], [ 167.364686822000067, -45.083569457999943 ], [ 167.364561041000115, -45.083627165999985 ], [ 167.364232145000074, -45.083611105999978 ], [ 167.364050687000031, -45.083623526999986 ], [ 167.363709426000014, -45.083734559999982 ], [ 167.363423842000088, -45.083890875999941 ], [ 167.363351151000074, -45.084024710999984 ], [ 167.363277452000034, -45.084160405999967 ], [ 167.363384687000121, -45.084293339999931 ] ], [ [ 167.706655613000066, -44.864439861999983 ], [ 167.706182997000042, -44.864292454999941 ], [ 167.705605326000068, -44.864328743999977 ], [ 167.705016275000048, -44.864490194999973 ], [ 167.704330691000109, -44.864741468999966 ], [ 167.70399994100012, -44.864977634999946 ], [ 167.704060823000077, -44.865765973999942 ], [ 167.704073532000052, -44.86611219599996 ], [ 167.704165708000119, -44.866556336999963 ], [ 167.705576571000051, -44.866589777999934 ], [ 167.706127328000093, -44.866363719999981 ], [ 167.706546078000088, -44.866131592999977 ], [ 167.706964825000114, -44.865899464999984 ], [ 167.707257256000048, -44.865598687999977 ], [ 167.707563896000124, -44.865141454999957 ], [ 167.707630638000069, -44.864893149999943 ], [ 167.706655613000066, -44.864439861999983 ] ], [ [ 167.459826227000121, -44.957979755999986 ], [ 167.460362981000117, -44.958203690999937 ], [ 167.460825949000082, -44.958225947999949 ], [ 167.46136897700012, -44.95838413599995 ], [ 167.461763716000064, -44.95863425899995 ], [ 167.462316149000117, -44.958693829999959 ], [ 167.462742222000088, -44.958615240999961 ], [ 167.463029403000064, -44.958529974999976 ], [ 167.46338167600004, -44.958249707999983 ], [ 167.463005727000109, -44.957802363999974 ], [ 167.462762409000106, -44.957427433999953 ], [ 167.462605418000066, -44.957122695999942 ], [ 167.462012970000046, -44.956995158999973 ], [ 167.461658270000044, -44.956813002999979 ], [ 167.46082565800009, -44.956277657999976 ], [ 167.460276383000064, -44.956185208999955 ], [ 167.459939781000116, -44.956301111999949 ], [ 167.459596908000094, -44.956482755999957 ], [ 167.45944548500006, -44.956607561999931 ], [ 167.459355305000031, -44.957065528999976 ], [ 167.459462847000054, -44.957400915999983 ], [ 167.459826227000121, -44.957979755999986 ] ], [ [ 167.3277471990001, -45.030108449999943 ], [ 167.32776229600006, -45.029954099999941 ], [ 167.327819088000069, -45.029759012999932 ], [ 167.327864208000051, -45.029606138999952 ], [ 167.327880564000111, -45.029516025999953 ], [ 167.327958187000036, -45.02941031499995 ], [ 167.328686207000032, -45.028804542999978 ], [ 167.3291605390001, -45.028210677999937 ], [ 167.329493157000115, -45.027905020999981 ], [ 167.329838826000014, -45.027465832999951 ], [ 167.330222151000044, -45.027028494999968 ], [ 167.330670345000044, -45.026701683999931 ], [ 167.330975727000123, -45.026287345999947 ], [ 167.331047323000121, -45.025942016999977 ], [ 167.331274773000018, -45.02555068099997 ], [ 167.331489167000086, -45.02529287599998 ], [ 167.331658073000085, -45.025113337999983 ], [ 167.332030928000108, -45.024782819999984 ], [ 167.332347851000122, -45.024637391999931 ], [ 167.332890721000012, -45.02450306999998 ], [ 167.333533516000102, -45.024507829999948 ], [ 167.334085341000105, -45.024669122999967 ], [ 167.334704660000057, -45.024914232999947 ], [ 167.335366859000032, -45.02510777699996 ], [ 167.335843379000039, -45.025265360999981 ], [ 167.336144648000072, -45.025280161999945 ], [ 167.336822504000111, -45.02531345899996 ], [ 167.337405635000096, -45.02515425799993 ], [ 167.33785377300012, -45.024827419999951 ], [ 167.338078565000046, -45.02446277599995 ], [ 167.338152722000018, -45.024090735999948 ], [ 167.33833203100005, -45.023804361999964 ], [ 167.339347622000105, -45.023478547999957 ], [ 167.340022851000072, -45.023538531999975 ], [ 167.340396822000116, -45.02358372499998 ], [ 167.341200660000027, -45.023489009999935 ], [ 167.341718868000044, -45.023219263999977 ], [ 167.342005917000051, -45.022991841999954 ], [ 167.342263122000077, -45.02268245099998 ], [ 167.343146276000084, -45.022162263999974 ], [ 167.343385239000099, -45.02203981699995 ], [ 167.343424140000025, -45.022007660999975 ], [ 167.343312600000104, -45.021976823999978 ], [ 167.343196956000043, -45.022030579999978 ], [ 167.343202165000093, -45.021977166999932 ], [ 167.343013881000047, -45.021967927999981 ], [ 167.342702208000105, -45.022059971999965 ], [ 167.342342459000065, -45.022256994999964 ], [ 167.341768369000079, -45.022711839999943 ], [ 167.341360532000067, -45.023013835999961 ], [ 167.340905325000108, -45.023219586999971 ], [ 167.340605957000093, -45.023379315999932 ], [ 167.339869030000045, -45.023369972999944 ], [ 167.339231460000065, -45.023311836999937 ], [ 167.338732790000108, -45.023381271999938 ], [ 167.338213263000057, -45.023664356999973 ], [ 167.338027436000061, -45.024017496999932 ], [ 167.337593499000036, -45.024586543999931 ], [ 167.337034992000099, -45.024881125999968 ], [ 167.336549920000039, -45.025004889999934 ], [ 167.336027918000013, -45.024925577999966 ], [ 167.335399465000023, -45.024773947999961 ], [ 167.334700915000099, -45.024565198999937 ], [ 167.333838128000025, -45.024294706999967 ], [ 167.332768794000117, -45.024201896999955 ], [ 167.331912920000036, -45.024441584999977 ], [ 167.331506883000088, -45.024918061999983 ], [ 167.331180069000084, -45.025358181999934 ], [ 167.330632521000098, -45.02573377799996 ], [ 167.330525876000024, -45.026050549999979 ], [ 167.330425004000062, -45.026501776999964 ], [ 167.330334021000112, -45.026658311999938 ], [ 167.330121673000122, -45.026701537999941 ], [ 167.329333580000025, -45.027601991999973 ], [ 167.328811151000082, -45.028300830999967 ], [ 167.328187477000029, -45.028873932999943 ], [ 167.327896426000052, -45.029141378999952 ], [ 167.327628642000036, -45.029394102999959 ], [ 167.327519247000055, -45.029508948999933 ], [ 167.327439330000061, -45.029863338999974 ], [ 167.327411303000076, -45.02999566099993 ], [ 167.327401628000075, -45.030171671999938 ], [ 167.327408005000052, -45.030337776999943 ], [ 167.327456077000079, -45.030463146999978 ], [ 167.327523543000098, -45.030621560999975 ], [ 167.327758006000067, -45.030691922999949 ], [ 167.327752668000016, -45.030515173999959 ], [ 167.327765466000074, -45.03030722799997 ], [ 167.3277471990001, -45.030108449999943 ] ], [ [ 167.659015326000031, -44.837269247999984 ], [ 167.659316998000122, -44.837417844999948 ], [ 167.659584538000104, -44.837250792999953 ], [ 167.659554500000013, -44.836890468999968 ], [ 167.659712833000071, -44.836538882999946 ], [ 167.660237080000115, -44.836181686999964 ], [ 167.660452646000067, -44.836034809999944 ], [ 167.660736548000045, -44.835689049999985 ], [ 167.660643715000106, -44.83532581299994 ], [ 167.660190528000044, -44.834766393999985 ], [ 167.659978392000085, -44.834695435999947 ], [ 167.658477504000075, -44.834193379999931 ], [ 167.658013423000057, -44.834441039999945 ], [ 167.657921967000107, -44.834750859999986 ], [ 167.657842799000036, -44.834926650999932 ], [ 167.65763395700003, -44.835141289999967 ], [ 167.657844157000113, -44.83559970999994 ], [ 167.657987476000017, -44.836099891999936 ], [ 167.658272758000066, -44.836427195999931 ], [ 167.658612645000062, -44.836846765999951 ], [ 167.659015326000031, -44.837269247999984 ] ], [ [ 167.544668438000031, -45.117354004999981 ], [ 167.544893479000052, -45.117441712999948 ], [ 167.545570309000027, -45.117398452999964 ], [ 167.545918117000042, -45.117088960999979 ], [ 167.546037968000064, -45.116944199999978 ], [ 167.546077918000037, -45.116895945999943 ], [ 167.5460708600001, -45.116594775999943 ], [ 167.545645491000073, -45.116223722999962 ], [ 167.545497432000047, -45.115915896999979 ], [ 167.545452778000026, -45.115638021999985 ], [ 167.545638429000064, -45.11554650599993 ], [ 167.545767676000082, -45.115301909999971 ], [ 167.545215418000112, -45.115150492999931 ], [ 167.54512846700004, -45.114945828999964 ], [ 167.544536266000023, -45.114466615999959 ], [ 167.544315367000081, -45.114556466999943 ], [ 167.544085066000093, -45.114746150999963 ], [ 167.543549267000117, -45.114796060999936 ], [ 167.543335417000094, -45.114811033999956 ], [ 167.543067511000118, -45.115024009999956 ], [ 167.543055539000079, -45.115342514999952 ], [ 167.543043994000072, -45.115649644999962 ], [ 167.543215535000058, -45.116083930999935 ], [ 167.543643239000062, -45.116430033999961 ], [ 167.54406154600008, -45.116875971999946 ], [ 167.5443811560001, -45.117242037999972 ], [ 167.544668438000031, -45.117354004999981 ] ], [ [ 167.614673494000044, -44.832103415999939 ], [ 167.614576211000099, -44.832221748999984 ], [ 167.614853097000037, -44.832495838999932 ], [ 167.615209723000021, -44.832374280999943 ], [ 167.615579363000052, -44.832345493999981 ], [ 167.616108236000059, -44.832462403999955 ], [ 167.616449614000089, -44.832739505999939 ], [ 167.616692002000036, -44.832919812999933 ], [ 167.616801188000068, -44.833139969999934 ], [ 167.616705319000062, -44.833243011999969 ], [ 167.616246871000044, -44.833298366999941 ], [ 167.615945948000103, -44.833284287999959 ], [ 167.615779941000028, -44.833445488999985 ], [ 167.615770048000059, -44.833552550999968 ], [ 167.615827466000042, -44.83363204099993 ], [ 167.616002249000076, -44.833609496999941 ], [ 167.616390563000095, -44.833612303999985 ], [ 167.616692901000079, -44.833611086999952 ], [ 167.616890591000015, -44.833574251999949 ], [ 167.617055181000069, -44.833428344999959 ], [ 167.617158114000063, -44.833248830999935 ], [ 167.617401617000041, -44.83318341699993 ], [ 167.617529172000104, -44.833204743999943 ], [ 167.617781453000021, -44.833277986999974 ], [ 167.617931915000099, -44.833285023999963 ], [ 167.617967122000096, -44.83327533399995 ], [ 167.618142621000061, -44.833340958999941 ], [ 167.618082986000104, -44.833752908999941 ], [ 167.617984293000063, -44.833886538999934 ], [ 167.617812640000011, -44.834108920999938 ], [ 167.617447532000028, -44.834322254999961 ], [ 167.617268509000041, -44.83439068499996 ], [ 167.617070817000013, -44.834427519999963 ], [ 167.616715594000084, -44.834533789999966 ], [ 167.616662713000096, -44.834638839999968 ], [ 167.616720132000069, -44.83471832999993 ], [ 167.616803286000049, -44.834752940999977 ], [ 167.617115520000084, -44.83464466099997 ], [ 167.617407671000024, -44.834520079999947 ], [ 167.617926069000077, -44.834283193999966 ], [ 167.618176639000012, -44.834141305999935 ], [ 167.618366960000117, -44.833950516999948 ], [ 167.618492798000034, -44.833756712999957 ], [ 167.618486841000049, -44.833587466999973 ], [ 167.61853971700009, -44.833482415999981 ], [ 167.618671508000034, -44.833457856999985 ], [ 167.619146111000077, -44.833695098999954 ], [ 167.619454408000024, -44.833863119999933 ], [ 167.619736976000013, -44.834076019999941 ], [ 167.619983617000116, -44.834210435999978 ], [ 167.6201988790001, -44.834450908999941 ], [ 167.62047721600004, -44.834709690999944 ], [ 167.620834792000096, -44.835279387999947 ], [ 167.620915443000058, -44.835575009999957 ], [ 167.621016176000012, -44.835886930999948 ], [ 167.621046460000116, -44.836026591999939 ], [ 167.620896307000066, -44.836249982999959 ], [ 167.620827902000087, -44.836523277999959 ], [ 167.620803898000077, -44.836783285999957 ], [ 167.620900396000025, -44.837141091999968 ], [ 167.621326717000102, -44.837667917999966 ], [ 167.621477190000064, -44.837674949999951 ], [ 167.621413477000033, -44.837195792999978 ], [ 167.621242285000108, -44.836711612999977 ], [ 167.621239143000025, -44.836511777999931 ], [ 167.621321985000122, -44.836315961999958 ], [ 167.621573967000018, -44.83615877099993 ], [ 167.62192919000006, -44.836052486999961 ], [ 167.622295704000067, -44.835823842999957 ], [ 167.622268508000047, -44.835813321999979 ], [ 167.622024733000103, -44.835719016999974 ], [ 167.621917256000074, -44.835713993999946 ], [ 167.621631807000085, -44.83587917899996 ], [ 167.621597967000071, -44.835898760999953 ], [ 167.621331232000102, -44.83574804899996 ], [ 167.621206178000079, -44.835465713999952 ], [ 167.621138233000124, -44.835032439999964 ], [ 167.620621402000097, -44.834317053999939 ], [ 167.619996012000115, -44.833842359999949 ], [ 167.61940091200006, -44.833507323999982 ], [ 167.618735685000047, -44.833230447999938 ], [ 167.618552122000096, -44.833114338999962 ], [ 167.61799296300012, -44.832857779999983 ], [ 167.617875299000048, -44.832729391999976 ], [ 167.617897901000106, -44.832484676999968 ], [ 167.617923329000064, -44.832209374999934 ], [ 167.617785584000103, -44.832064685999967 ], [ 167.617364181000084, -44.83195281299993 ], [ 167.617229566000105, -44.832007958999952 ], [ 167.617301414000053, -44.832164925999962 ], [ 167.617414837000069, -44.832339197999943 ], [ 167.617314734000047, -44.832488122999962 ], [ 167.616632573000061, -44.832394769999951 ], [ 167.616189378000058, -44.832051460999935 ], [ 167.615736295000033, -44.83181521299997 ], [ 167.615376553000033, -44.831736937999949 ], [ 167.61517604200003, -44.831804357999943 ], [ 167.615008624000097, -44.831980851999958 ], [ 167.614673494000044, -44.832103415999939 ] ], [ [ 167.270340211000075, -44.946136097999954 ], [ 167.270206219000102, -44.945766203999938 ], [ 167.269678622000015, -44.945497795999984 ], [ 167.269220995000069, -44.945384211999965 ], [ 167.268787148000115, -44.945029658999943 ], [ 167.268450820000112, -44.94498264799995 ], [ 167.26751774100012, -44.944936194999968 ], [ 167.267566887000044, -44.945301868999934 ], [ 167.267561728000032, -44.945785914999931 ], [ 167.267483636000065, -44.946145252999941 ], [ 167.267611665000118, -44.946575391999943 ], [ 167.26810953200004, -44.947145018999947 ], [ 167.268464505000111, -44.947435109999958 ], [ 167.269049392000056, -44.947555029999933 ], [ 167.269603755000048, -44.947552351999946 ], [ 167.269918490000123, -44.947386402999939 ], [ 167.270202697000059, -44.947097858999939 ], [ 167.270329132000029, -44.946680386999958 ], [ 167.270340211000075, -44.946136097999954 ] ], [ [ 167.505105004000029, -44.945480986999939 ], [ 167.504785715000025, -44.945347919999961 ], [ 167.503945905000023, -44.945455165999931 ], [ 167.503612753000084, -44.945468733999974 ], [ 167.502880188000063, -44.945757850999939 ], [ 167.502688698000043, -44.946004603999938 ], [ 167.502549499000111, -44.946183975999929 ], [ 167.502744583000094, -44.946753026999943 ], [ 167.502997612000058, -44.947148079999977 ], [ 167.503159727000025, -44.947627175999969 ], [ 167.503495361000091, -44.948026168999945 ], [ 167.504238744000077, -44.948061626999959 ], [ 167.5049438960001, -44.947623893999946 ], [ 167.505021242000112, -44.947244599999976 ], [ 167.505062831000032, -44.946804681999936 ], [ 167.505354980000106, -44.946347250999963 ], [ 167.505341882000039, -44.946185139999955 ], [ 167.505335863000028, -44.946110657999952 ], [ 167.505245240000022, -44.945752815999981 ], [ 167.505105004000029, -44.945480986999939 ] ], [ [ 167.640665084000034, -44.734581580999929 ], [ 167.639824160000103, -44.734455553999965 ], [ 167.639092755000092, -44.734467571999971 ], [ 167.63870556400002, -44.734449508999944 ], [ 167.638197436000041, -44.734512889999962 ], [ 167.638046334000023, -44.73480664799996 ], [ 167.638082195000038, -44.735300225999936 ], [ 167.638287685000023, -44.735714912999981 ], [ 167.638094242000079, -44.736053112999969 ], [ 167.637984286000119, -44.736366273999977 ], [ 167.638025441000082, -44.736802228999977 ], [ 167.638179197000113, -44.736896209999941 ], [ 167.638424383000029, -44.736878713999943 ], [ 167.638585255000066, -44.736753161999957 ], [ 167.638949149000041, -44.736469161999935 ], [ 167.639803328000085, -44.736451135999971 ], [ 167.639963957000077, -44.736416542999962 ], [ 167.640134648000071, -44.736379782999961 ], [ 167.640527551000105, -44.736079815999972 ], [ 167.640672624000103, -44.735826161999967 ], [ 167.640917054000056, -44.735374591999971 ], [ 167.640913655000077, -44.734969335999949 ], [ 167.640665084000034, -44.734581580999929 ] ], [ [ 167.392618749000121, -45.04046038599995 ], [ 167.392478859000107, -45.040307358999939 ], [ 167.392389120000075, -45.040168955999945 ], [ 167.392226260000029, -45.040075739999963 ], [ 167.39185460300007, -45.040008928999953 ], [ 167.391655187000083, -45.039938305999954 ], [ 167.391427422000106, -45.039805376999936 ], [ 167.391108748000079, -45.039546171999973 ], [ 167.390829667000048, -45.039410744999941 ], [ 167.390221552000071, -45.039478654999982 ], [ 167.389921543000014, -45.039914927999973 ], [ 167.389917529000058, -45.040134071999944 ], [ 167.389982256000053, -45.040524940999944 ], [ 167.390309037000065, -45.040540833999955 ], [ 167.391300379000086, -45.041347173999952 ], [ 167.391682327000012, -45.041820622999978 ], [ 167.391844267000124, -45.04204554599994 ], [ 167.392088756000021, -45.042030918999956 ], [ 167.392405586000109, -45.042131620999953 ], [ 167.392616255000121, -45.042263715999979 ], [ 167.392718900000091, -45.042268705999959 ], [ 167.392922326000075, -45.042120181999962 ], [ 167.393114508000053, -45.041910184999949 ], [ 167.393248812000024, -45.041587706999962 ], [ 167.393322896000086, -45.041177000999937 ], [ 167.393253085000083, -45.040832412999976 ], [ 167.393119056000046, -45.04061874599995 ], [ 167.392940262000025, -45.040512570999965 ], [ 167.392618749000121, -45.04046038599995 ] ], [ [ 167.626596875000018, -44.796917153999971 ], [ 167.625878122000017, -44.79647814499998 ], [ 167.625802723000106, -44.796609764999971 ], [ 167.625513528000056, -44.797001679999937 ], [ 167.625203657000043, -44.797617866999985 ], [ 167.6244817380001, -44.797899461999975 ], [ 167.623532637000039, -44.797900148999986 ], [ 167.62294083800009, -44.79814276999997 ], [ 167.622903612000073, -44.798546458999965 ], [ 167.623274292000019, -44.799329598999975 ], [ 167.624995948000105, -44.799184827999966 ], [ 167.625579479000066, -44.799031904999936 ], [ 167.625659014000121, -44.798855430999936 ], [ 167.62555782000004, -44.798580415999936 ], [ 167.625733427000114, -44.798048049999977 ], [ 167.626081489000057, -44.797703931999934 ], [ 167.626669135000043, -44.797506148999958 ], [ 167.626596875000018, -44.796917153999971 ] ], [ [ 167.74159699400002, -44.962588782999944 ], [ 167.741484233000051, -44.962856172999977 ], [ 167.741314016000047, -44.96284200499997 ], [ 167.741251954000063, -44.963139076999937 ], [ 167.741291892000049, -44.96335053599995 ], [ 167.74144002200012, -44.963671742999963 ], [ 167.741637533000016, -44.964100020999979 ], [ 167.7417373830001, -44.964628664999964 ], [ 167.742129433000059, -44.965191589999961 ], [ 167.742426506000015, -44.965498618999959 ], [ 167.742983384000013, -44.965544957999953 ], [ 167.743386456000053, -44.96533272299996 ], [ 167.743518082000037, -44.964856553999937 ], [ 167.743155429000012, -44.964294973999984 ], [ 167.743198832000076, -44.963814785999944 ], [ 167.743286737000062, -44.963168915999972 ], [ 167.743040938000036, -44.962948078999943 ], [ 167.74275630000011, -44.962830288999953 ], [ 167.742608164000103, -44.962509083999976 ], [ 167.74170786500008, -44.962342271999944 ], [ 167.741443254000046, -44.96244356099993 ], [ 167.74159699400002, -44.962588782999944 ] ], [ [ 167.332598344000075, -45.037839654999971 ], [ 167.332927021000046, -45.037603058999935 ], [ 167.333177918000047, -45.037380691999942 ], [ 167.333499568000093, -45.037215961999948 ], [ 167.33377404600003, -45.037012807999986 ], [ 167.333950670000036, -45.036768736999932 ], [ 167.333963955000058, -45.036372211999947 ], [ 167.333834736000085, -45.036131166999951 ], [ 167.333416242000112, -45.035984227999961 ], [ 167.332884093000075, -45.035958075999986 ], [ 167.332281196000054, -45.035874284999977 ], [ 167.33182858400005, -45.035815929999956 ], [ 167.33062631100006, -45.035612397999955 ], [ 167.329983281000068, -45.035418297999968 ], [ 167.329144564000103, -45.035142357999973 ], [ 167.328591624000069, -45.034808251999948 ], [ 167.328101669000034, -45.034350865999954 ], [ 167.328101956000069, -45.033827324999947 ], [ 167.328422864000117, -45.033409823999932 ], [ 167.328706127000032, -45.033116844999938 ], [ 167.328795464000109, -45.032724059999964 ], [ 167.328702157000066, -45.032376451999937 ], [ 167.328554660000123, -45.032062285999984 ], [ 167.328483179000045, -45.031751858999939 ], [ 167.328485956000122, -45.031463137999935 ], [ 167.328451096000094, -45.031298940999932 ], [ 167.328257176000079, -45.031199134999952 ], [ 167.328112179000073, -45.031119786999966 ], [ 167.328028400000107, -45.030935129999932 ], [ 167.327955901000109, -45.030895456999986 ], [ 167.327722587000039, -45.030938139999932 ], [ 167.327692709000075, -45.031243580999956 ], [ 167.327867296000022, -45.031541026999946 ], [ 167.328090803000123, -45.031858932999967 ], [ 167.328256607000071, -45.03224621499993 ], [ 167.32829396000011, -45.032645231999936 ], [ 167.328289425000094, -45.03295191999996 ], [ 167.328046292000067, -45.033355193999967 ], [ 167.327764782000031, -45.033630202999973 ], [ 167.32759941900008, -45.034019247999936 ], [ 167.327985228000102, -45.034760370999948 ], [ 167.328436807000116, -45.035089493999976 ], [ 167.32960567900011, -45.035634426999934 ], [ 167.330076599000108, -45.035765904999948 ], [ 167.330849848000071, -45.035930297999982 ], [ 167.331427404000124, -45.036012851999942 ], [ 167.332101055000066, -45.036154286999931 ], [ 167.332796537000036, -45.036332897999955 ], [ 167.333173133000059, -45.036387512999966 ], [ 167.333436076000112, -45.03656291599998 ], [ 167.333413249000046, -45.036796489999972 ], [ 167.333043433000057, -45.037193547999948 ], [ 167.332508517000065, -45.037456114999941 ], [ 167.332183350000037, -45.037656776999938 ], [ 167.331798717000083, -45.037944780999965 ], [ 167.331726958000104, -45.038157895999973 ], [ 167.331687564000049, -45.038300388999971 ], [ 167.331747781000104, -45.038465830999939 ], [ 167.331995174000099, -45.038279401999944 ], [ 167.332246076000047, -45.03805703699993 ], [ 167.332598344000075, -45.037839654999971 ] ], [ [ 167.627414926000029, -44.724439961999963 ], [ 167.627167999000108, -44.724398623999946 ], [ 167.626900599000123, -44.724579762999952 ], [ 167.626811921000012, -44.724635198999977 ], [ 167.626616488000082, -44.724715433999961 ], [ 167.625921409000057, -44.724548861999949 ], [ 167.625474953000094, -44.724632247999978 ], [ 167.625266195000108, -44.725084251999931 ], [ 167.624896453000019, -44.725469140999962 ], [ 167.624662459000092, -44.725741214999971 ], [ 167.624683914000116, -44.72618909199997 ], [ 167.624792684000113, -44.726596367999946 ], [ 167.625039946000015, -44.726861163999956 ], [ 167.625364643000012, -44.726965726999936 ], [ 167.62576131600008, -44.726969387999929 ], [ 167.62661231800007, -44.726577211999938 ], [ 167.62696398200012, -44.726161679999962 ], [ 167.627007321000065, -44.725463605999948 ], [ 167.627099761000068, -44.725140220999947 ], [ 167.6274374300001, -44.724649554999985 ], [ 167.627414926000029, -44.724439961999963 ] ], [ [ 167.420508483000049, -45.11837318299996 ], [ 167.420828569000037, -45.118575648999979 ], [ 167.420839037000064, -45.118582269999933 ], [ 167.421178852000025, -45.118695241999944 ], [ 167.421564068000066, -45.118741435999937 ], [ 167.421969408000109, -45.11880115699995 ], [ 167.422121178000111, -45.118823515999964 ], [ 167.422672998000053, -45.118960516999948 ], [ 167.42316267700005, -45.119135896999978 ], [ 167.423782821000032, -45.119372750999958 ], [ 167.42410722000011, -45.119443586999978 ], [ 167.424539162000087, -45.11940926099993 ], [ 167.424724278000099, -45.119307840999966 ], [ 167.424746750000054, -45.119074423999962 ], [ 167.424643610000089, -45.118931502999942 ], [ 167.424024342000052, -45.118280869999978 ], [ 167.423699065000051, -45.118016869999963 ], [ 167.423255675000064, -45.117967874999977 ], [ 167.422675212000058, -45.117926054999941 ], [ 167.422162185000047, -45.11779092699993 ], [ 167.421791524000014, -45.117593700999976 ], [ 167.421472430000108, -45.117467936999958 ], [ 167.421146723000106, -45.117410822999943 ], [ 167.421046472000057, -45.117431608999937 ], [ 167.420769003000032, -45.11748913699995 ], [ 167.420620027000041, -45.117619884999954 ], [ 167.420460466000122, -45.11786047399994 ], [ 167.420413293000024, -45.118147875999966 ], [ 167.420508483000049, -45.11837318299996 ] ], [ [ 167.709593526000049, -44.766656507999983 ], [ 167.709164954000016, -44.76657467299998 ], [ 167.70902022700011, -44.766568014999962 ], [ 167.708777449000081, -44.76668108299998 ], [ 167.708583213000111, -44.766899915999943 ], [ 167.708493541000053, -44.767247796999982 ], [ 167.708331986000076, -44.767426720999936 ], [ 167.708079855000051, -44.767642889999934 ], [ 167.707974321000052, -44.767845095999974 ], [ 167.707926678000035, -44.768049966999968 ], [ 167.707860337000056, -44.768461040999966 ], [ 167.70780895300004, -44.768707151999934 ], [ 167.707647393000116, -44.768886073999965 ], [ 167.707420459000105, -44.769144812999969 ], [ 167.707311179000044, -44.76938826099996 ], [ 167.707354112000075, -44.769555886999967 ], [ 167.70739517700008, -44.769744132999961 ], [ 167.707501615000069, -44.769852562999972 ], [ 167.707649598000103, -44.769895435999956 ], [ 167.707671556000037, -44.769901795999942 ], [ 167.708030138000026, -44.769794057999945 ], [ 167.708110468000086, -44.769549277999943 ], [ 167.708263114000033, -44.76939200299995 ], [ 167.708302845000048, -44.769351066999945 ], [ 167.708815503000096, -44.769146883999952 ], [ 167.709174078000046, -44.769039143999976 ], [ 167.70918779200008, -44.76902122599995 ], [ 167.709602719000031, -44.768479085999957 ], [ 167.70969612600004, -44.768089961999976 ], [ 167.709652276000043, -44.767611699999975 ], [ 167.70957200600003, -44.767214588999934 ], [ 167.709590721000041, -44.767008117999978 ], [ 167.709613126000022, -44.766760940999973 ], [ 167.709593526000049, -44.766656507999983 ] ], [ [ 167.630752384000061, -44.938056169999982 ], [ 167.631170293000082, -44.938002311999981 ], [ 167.631464907000122, -44.937979371999972 ], [ 167.631785924000042, -44.938043203999939 ], [ 167.632161706000034, -44.938072923999982 ], [ 167.63220495500002, -44.937977173999968 ], [ 167.632099630000084, -44.93781340299995 ], [ 167.631875505000039, -44.93763187899998 ], [ 167.631763443000068, -44.937541116999967 ], [ 167.631660366000119, -44.937353009999981 ], [ 167.631658958000116, -44.937181856999985 ], [ 167.631498870000087, -44.937052196999957 ], [ 167.631349879000027, -44.937079926999957 ], [ 167.631288797000025, -44.93709129399997 ], [ 167.631244424000101, -44.937199211999939 ], [ 167.631202298000062, -44.937282793999941 ], [ 167.631084622000117, -44.937252871999931 ], [ 167.630341774000044, -44.936912756999959 ], [ 167.630104178000124, -44.936877246999984 ], [ 167.629826700000081, -44.936900981999941 ], [ 167.629680658000098, -44.936991941999963 ], [ 167.629537987000049, -44.937046396999961 ], [ 167.629209114000105, -44.93706773599996 ], [ 167.629093685000043, -44.937013475999947 ], [ 167.629046785000014, -44.936962407999943 ], [ 167.628934728000104, -44.936871642999961 ], [ 167.628467678000106, -44.936898760999952 ], [ 167.628338492000012, -44.93680719799994 ], [ 167.627914696000062, -44.936738564999985 ], [ 167.627722876000121, -44.936766285999965 ], [ 167.627446522000014, -44.936777847999963 ], [ 167.62733249300004, -44.936894737999978 ], [ 167.62743105800007, -44.937131521999959 ], [ 167.627731835000077, -44.937414391999937 ], [ 167.627952574000119, -44.937632427999972 ], [ 167.628240719000019, -44.93786582599995 ], [ 167.628492081000104, -44.937938641999949 ], [ 167.628635879000058, -44.937926913999945 ], [ 167.628682780000076, -44.937923087999934 ], [ 167.629218366000032, -44.937899161999951 ], [ 167.629544998000028, -44.937902159999965 ], [ 167.629848879000065, -44.937965199999951 ], [ 167.630169894000119, -44.938029035999932 ], [ 167.630541182000115, -44.93810743399996 ], [ 167.630752384000061, -44.938056169999982 ] ], [ [ 167.362327920000098, -45.019129592999946 ], [ 167.361566050000079, -45.018926018999935 ], [ 167.361177069000064, -45.018906995999942 ], [ 167.36044069400009, -45.018843259999983 ], [ 167.360054399000092, -45.018796643999963 ], [ 167.359318024000117, -45.018732899999975 ], [ 167.358501174000025, -45.018692932999954 ], [ 167.357948559000079, -45.01874904999994 ], [ 167.35727656500012, -45.018827040999952 ], [ 167.356835273000115, -45.018944039999951 ], [ 167.356355080000071, -45.019059133999974 ], [ 167.355799774000047, -45.019142827999985 ], [ 167.355480539000041, -45.019210357999953 ], [ 167.355091561000108, -45.019191312999965 ], [ 167.354583204000051, -45.019194141999947 ], [ 167.354163384000117, -45.019090424999945 ], [ 167.353468596000084, -45.019000960999961 ], [ 167.353084992000049, -45.018926732999944 ], [ 167.352468003000013, -45.01884107199993 ], [ 167.351956964000124, -45.018871476999948 ], [ 167.351601514000095, -45.018909502999975 ], [ 167.351352010000028, -45.019063595999967 ], [ 167.35116955400008, -45.019331853999972 ], [ 167.35146193200012, -45.019540215999939 ], [ 167.351630955000019, -45.019409898999982 ], [ 167.351880459000085, -45.019255803999954 ], [ 167.352441144000068, -45.01911695299998 ], [ 167.352983025000071, -45.019171215999961 ], [ 167.353675129000067, -45.019288271999983 ], [ 167.354203589000122, -45.019480468999973 ], [ 167.354848746000016, -45.019678377999981 ], [ 167.355406743000117, -45.019567098999971 ], [ 167.355811830000107, -45.019420612999966 ], [ 167.356575047000092, -45.019208497999955 ], [ 167.357249729000046, -45.019102923999981 ], [ 167.358308022000074, -45.019071555999972 ], [ 167.359047081000085, -45.01910771699994 ], [ 167.359786142000075, -45.019143874999941 ], [ 167.360680796000111, -45.019187637999948 ], [ 167.361194515000079, -45.019129604999932 ], [ 167.362042228000064, -45.019254219999937 ], [ 167.362458065000055, -45.019801221999955 ], [ 167.362580444000059, -45.01998075399996 ], [ 167.36271694900006, -45.019952476999947 ], [ 167.362908282000035, -45.020045001999961 ], [ 167.363012055000013, -45.02013322099998 ], [ 167.36298519200011, -45.019605239999976 ], [ 167.362845685000025, -45.019432101999939 ], [ 167.362631062000105, -45.019227572999966 ], [ 167.362327920000098, -45.019129592999946 ] ], [ [ 167.64903915900004, -44.807193914999971 ], [ 167.649474361000102, -44.807259021999982 ], [ 167.650067870000044, -44.806972556999938 ], [ 167.650649080000107, -44.806820116999972 ], [ 167.650971062000053, -44.806745353999986 ], [ 167.6512971410001, -44.806625915999973 ], [ 167.651103490000082, -44.80598877999995 ], [ 167.650692887000105, -44.80565562299995 ], [ 167.650077626000098, -44.805492412999968 ], [ 167.648982086000046, -44.805755527999963 ], [ 167.648078903000055, -44.805982714999971 ], [ 167.648582204000036, -44.806679126999938 ], [ 167.648808630000076, -44.806958858999963 ], [ 167.64903915900004, -44.807193914999971 ] ], [ [ 167.351411054000096, -45.086006515999941 ], [ 167.350123370000119, -45.085347558999956 ], [ 167.349538852000023, -45.084871996999937 ], [ 167.349191476000101, -45.084429325999963 ], [ 167.349268893000044, -45.083943603999955 ], [ 167.349428722000084, -45.083845013999962 ], [ 167.349708146000012, -45.083752278999953 ], [ 167.349581374000081, -45.083511956999985 ], [ 167.349377301000118, -45.083140152999931 ], [ 167.34933718700006, -45.082627392999939 ], [ 167.349398076000057, -45.082311126999969 ], [ 167.349999308000065, -45.081382822999956 ], [ 167.349710766000044, -45.080645067999967 ], [ 167.348929413000064, -45.080032164999977 ], [ 167.348360169000102, -45.079857689999983 ], [ 167.348475579000024, -45.079965286999936 ], [ 167.34854142800009, -45.080291400999954 ], [ 167.34849908800004, -45.080424508999954 ], [ 167.349140644000045, -45.080638435999958 ], [ 167.349448860000052, -45.08086635899997 ], [ 167.349433310000109, -45.08133382799997 ], [ 167.349334261000081, -45.081733356999962 ], [ 167.348892958000079, -45.081945863999977 ], [ 167.348999063000065, -45.082398004999959 ], [ 167.349015472000019, -45.082845753999948 ], [ 167.348978283000065, -45.083227030999979 ], [ 167.348819429000059, -45.083623631999956 ], [ 167.348572942000033, -45.083994658999984 ], [ 167.348895517000074, -45.084691515999964 ], [ 167.349432625000077, -45.08503706099998 ], [ 167.349937772000089, -45.085402321999936 ], [ 167.350413026000069, -45.085766117999981 ], [ 167.350969725000027, -45.086219029999938 ], [ 167.351532629000076, -45.086608392999949 ], [ 167.352118258000019, -45.086764750999976 ], [ 167.352134127000113, -45.08676275199997 ], [ 167.352361595000048, -45.086734091999972 ], [ 167.352284282000028, -45.086602609999943 ], [ 167.352031830000101, -45.086435576999975 ], [ 167.351832715000114, -45.086303831999942 ], [ 167.351411054000096, -45.086006515999941 ] ], [ [ 167.348474370000076, -45.005484355999954 ], [ 167.3482104200001, -45.005647397999951 ], [ 167.347964, -45.005780244999983 ], [ 167.347478247000026, -45.005673608999984 ], [ 167.346762136000052, -45.00553496699996 ], [ 167.346171177000087, -45.00560950199997 ], [ 167.346070919000113, -45.006039371999975 ], [ 167.346354286000064, -45.006425945999979 ], [ 167.346716811000078, -45.006761476999941 ], [ 167.346755852000115, -45.006797610999968 ], [ 167.347184463000076, -45.007191305999982 ], [ 167.347650154000121, -45.007504000999973 ], [ 167.347963649000121, -45.007581484999946 ], [ 167.348147967000045, -45.007487002999937 ], [ 167.348138994000124, -45.00727952099993 ], [ 167.348165087000098, -45.007011646999956 ], [ 167.348432528000103, -45.006962647999956 ], [ 167.34860385200011, -45.006701894999935 ], [ 167.348610933000032, -45.006329567999956 ], [ 167.348691102000089, -45.006105752999986 ], [ 167.34883538400004, -45.00582296999994 ], [ 167.348552003000123, -45.00543640199993 ], [ 167.348474370000076, -45.005484355999954 ] ], [ [ 167.533050225000011, -45.030870945999936 ], [ 167.532849175000024, -45.031020508999973 ], [ 167.532633202000056, -45.031328452999958 ], [ 167.533121970000025, -45.032094020999978 ], [ 167.533278264000046, -45.032419600999958 ], [ 167.533394847000068, -45.032769815999984 ], [ 167.533449408000024, -45.032984518999967 ], [ 167.533350123000105, -45.033046100999968 ], [ 167.533441948000018, -45.033063708999975 ], [ 167.533225899000058, -45.033769370999948 ], [ 167.533196057000055, -45.034086133999949 ], [ 167.533302695000089, -45.034541935999982 ], [ 167.533476332000077, -45.035080454999957 ], [ 167.533687201000021, -45.035620737999977 ], [ 167.533875764000072, -45.036000874999957 ], [ 167.534076762000041, -45.03624902599995 ], [ 167.534396910000055, -45.036423277999972 ], [ 167.534727004000047, -45.036491940999952 ], [ 167.535206018000054, -45.036567652999963 ], [ 167.53561306000006, -45.036613440999986 ], [ 167.535895984000035, -45.036785925999936 ], [ 167.536064735000082, -45.036979517999953 ], [ 167.536048553000114, -45.037349956999947 ], [ 167.536191286000076, -45.037224140999967 ], [ 167.536605789000077, -45.037190734999967 ], [ 167.536310484000069, -45.036752520999983 ], [ 167.535851352000122, -45.036465635999946 ], [ 167.535166362000041, -45.036194569999964 ], [ 167.534630296000046, -45.035930550999979 ], [ 167.534181126000021, -45.03553807399993 ], [ 167.533769189000054, -45.035147355999982 ], [ 167.533730361000039, -45.035058507999963 ], [ 167.533615372000099, -45.034795378999945 ], [ 167.533575726000095, -45.034422295999946 ], [ 167.533543541000085, -45.033970021999949 ], [ 167.533536153000114, -45.033651494999958 ], [ 167.533677674000046, -45.033340022999937 ], [ 167.533958158000019, -45.033141189999981 ], [ 167.533952363000026, -45.033119641999974 ], [ 167.533791982000025, -45.032523481999931 ], [ 167.533489264000082, -45.032164450999971 ], [ 167.533234688000107, -45.03185012299997 ], [ 167.533221289000039, -45.031833578999965 ], [ 167.533027772000082, -45.031506234999938 ], [ 167.53308986400009, -45.031244028999936 ], [ 167.533338086000072, -45.030990641999949 ], [ 167.533695498000043, -45.030768939999973 ], [ 167.533961120000072, -45.030330772999946 ], [ 167.534070378000024, -45.029964742999937 ], [ 167.534214373000054, -45.029626871999938 ], [ 167.534102764000068, -45.029223864999949 ], [ 167.534110223000084, -45.029144674999941 ], [ 167.533857039000054, -45.029450857999961 ], [ 167.533861943000034, -45.029795780999962 ], [ 167.533752684000092, -45.03016181199996 ], [ 167.533372898000039, -45.030621083999961 ], [ 167.533050225000011, -45.030870945999936 ] ], [ [ 167.683182585000054, -44.92220210399995 ], [ 167.68366505500012, -44.922592465999969 ], [ 167.683970842000122, -44.922338853999975 ], [ 167.68391965100011, -44.921867989999953 ], [ 167.683408547000113, -44.921275520999984 ], [ 167.682619077000027, -44.920636743999978 ], [ 167.681920385000012, -44.920035612999982 ], [ 167.680947597000113, -44.919856867999954 ], [ 167.68069480500003, -44.920045988999959 ], [ 167.681525060000013, -44.920753591999983 ], [ 167.681839385000103, -44.921437384999933 ], [ 167.683182585000054, -44.92220210399995 ] ], [ [ 167.370772317000046, -45.053825295999957 ], [ 167.371086400000081, -45.053698040999961 ], [ 167.371552318000113, -45.053388089999942 ], [ 167.371675380000056, -45.053156461999947 ], [ 167.371824919000119, -45.052997414999936 ], [ 167.372048080000013, -45.052770671999951 ], [ 167.371810996000022, -45.052450183999952 ], [ 167.371896096000114, -45.052264229999935 ], [ 167.3718212550001, -45.051999184999943 ], [ 167.371103277000088, -45.051797811999961 ], [ 167.370544265000035, -45.051868381999952 ], [ 167.370424476000039, -45.051883503999932 ], [ 167.370111613000063, -45.052343499999949 ], [ 167.369980570000052, -45.053002473999982 ], [ 167.369952778000084, -45.053288650999946 ], [ 167.369932336000034, -45.053499146999968 ], [ 167.370164819000024, -45.053866939999978 ], [ 167.370772317000046, -45.053825295999957 ] ], [ [ 167.720810457000084, -44.766717008999933 ], [ 167.720266293000122, -44.767106388999935 ], [ 167.719930008000119, -44.767608899999971 ], [ 167.719824728000049, -44.767659845999958 ], [ 167.720336453000073, -44.767938327999957 ], [ 167.720824641000036, -44.768167916999971 ], [ 167.721544049000045, -44.768252730999961 ], [ 167.722277452000071, -44.768182798999931 ], [ 167.722508464000043, -44.768113351999943 ], [ 167.722237693000011, -44.767818409999961 ], [ 167.722319429000095, -44.767718570999932 ], [ 167.722288997000078, -44.767251020999936 ], [ 167.721543187000066, -44.766438608999977 ], [ 167.720844697000075, -44.766458789999945 ], [ 167.720810457000084, -44.766717008999933 ] ], [ [ 167.610489396000048, -44.973828786999945 ], [ 167.610640311000111, -44.973951006999982 ], [ 167.610879094000097, -44.974000553999986 ], [ 167.611080318000063, -44.97416351399994 ], [ 167.610938602000033, -44.974233669999933 ], [ 167.610640652000029, -44.974238940999953 ], [ 167.610427023000057, -44.974209763999966 ], [ 167.610272560000112, -44.974125766999975 ], [ 167.610205965000091, -44.973969097999941 ], [ 167.610135823000064, -44.973850652999943 ], [ 167.609909788000095, -44.973955255999954 ], [ 167.609678433000113, -44.974117193999973 ], [ 167.609436106000089, -44.974105866999935 ], [ 167.609086079000122, -44.974089505999984 ], [ 167.60878635600011, -44.974113882999973 ], [ 167.608686078000119, -44.974320335999948 ], [ 167.60885505300007, -44.974539375999939 ], [ 167.609160429000099, -44.974745596999981 ], [ 167.609772625000119, -44.974850989999936 ], [ 167.60987501000011, -44.97491335999996 ], [ 167.610244878000117, -44.975007423999955 ], [ 167.61068100600005, -44.974970221999968 ], [ 167.610933971000122, -44.974866874999975 ], [ 167.611405882000099, -44.974735369999962 ], [ 167.611529533000066, -44.974568395999938 ], [ 167.61164963900012, -44.974439644999961 ], [ 167.611870358000033, -44.974392373999933 ], [ 167.612188147000097, -44.974464803999979 ], [ 167.612423388000025, -44.974552571999936 ], [ 167.612638793000087, -44.974562633999938 ], [ 167.612803890000123, -44.974531956999954 ], [ 167.612809204000087, -44.974474621999946 ], [ 167.612819834000106, -44.97435995099994 ], [ 167.61261860400009, -44.974196994999943 ], [ 167.612417375000064, -44.974034037999957 ], [ 167.612079749000031, -44.973883902999944 ], [ 167.611684732000072, -44.973769474999983 ], [ 167.61146933100008, -44.973759410999946 ], [ 167.611227005000046, -44.973748087999979 ], [ 167.610823130000085, -44.973729214999935 ], [ 167.610632881000015, -44.973739518999935 ], [ 167.610548562000076, -44.973773967999932 ], [ 167.610489396000048, -44.973828786999945 ] ], [ [ 167.63307903000009, -44.914356153999961 ], [ 167.633274540000116, -44.914469809999957 ], [ 167.633414329000061, -44.914549503999979 ], [ 167.633635304000109, -44.914706164999984 ], [ 167.633819297000059, -44.914944741999932 ], [ 167.633890883000049, -44.915125810999939 ], [ 167.634183951000068, -44.915777208999941 ], [ 167.634189004000064, -44.915881992999971 ], [ 167.634368203000122, -44.916172621999976 ], [ 167.634474855000121, -44.91629259299998 ], [ 167.634746513000096, -44.916378424999948 ], [ 167.634925210000119, -44.91635537999997 ], [ 167.63495041900012, -44.916241548999949 ], [ 167.634862257000123, -44.916080620999935 ], [ 167.634716452000021, -44.915906552999957 ], [ 167.634527651000099, -44.915720028999942 ], [ 167.634317229000089, -44.915448856999944 ], [ 167.634335468000017, -44.915251061999982 ], [ 167.634538665000036, -44.915281433999951 ], [ 167.634719532000076, -44.915394403999983 ], [ 167.634779349000041, -44.915543557999968 ], [ 167.634817796000107, -44.915764902999967 ], [ 167.634889388000033, -44.915945969999939 ], [ 167.63533807400006, -44.916186412999934 ], [ 167.635574415000065, -44.916176505999942 ], [ 167.635709159000044, -44.916151413999955 ], [ 167.635746138000059, -44.916069494999931 ], [ 167.635732192000091, -44.915901566999935 ], [ 167.635667316000081, -44.915647628999977 ], [ 167.635587790000045, -44.915393007999967 ], [ 167.635498412000061, -44.915085654999984 ], [ 167.635433541000111, -44.914831715999981 ], [ 167.635099898000021, -44.914460713999972 ], [ 167.634691590000102, -44.914420794999955 ], [ 167.634296975000098, -44.914391963999947 ], [ 167.634030127000074, -44.914254078999932 ], [ 167.633778892000123, -44.914106465999964 ], [ 167.633562009000116, -44.914065 ], [ 167.633328555000048, -44.914043672999981 ], [ 167.633135215000038, -44.914066032999983 ], [ 167.633004565000078, -44.91420631699998 ], [ 167.63307903000009, -44.914356153999961 ] ], [ [ 167.678858247000107, -44.936681045999933 ], [ 167.678612427000076, -44.936353251999947 ], [ 167.678389456000104, -44.936685001999933 ], [ 167.678364323000096, -44.936851949999948 ], [ 167.678297623000049, -44.937295003999964 ], [ 167.678219774000013, -44.937752090999936 ], [ 167.678397765000113, -44.938169798999979 ], [ 167.678709051000055, -44.938312132999954 ], [ 167.679173195000089, -44.938359147999961 ], [ 167.679491477000056, -44.938425021999933 ], [ 167.679903423000042, -44.938648777999958 ], [ 167.680255258000102, -44.938741791999973 ], [ 167.680405781000104, -44.938671957999929 ], [ 167.680559931000062, -44.938377798999966 ], [ 167.680409517000044, -44.938237042999958 ], [ 167.68000689500002, -44.937911346999954 ], [ 167.679797672000063, -44.937441012999955 ], [ 167.679628996000019, -44.936921363999943 ], [ 167.678858247000107, -44.936681045999933 ] ], [ [ 167.345013613000106, -44.943779149999955 ], [ 167.344479289000105, -44.943852742999979 ], [ 167.344285057000093, -44.944042873999933 ], [ 167.344463166000082, -44.944018342999982 ], [ 167.344819383000072, -44.943969280999966 ], [ 167.345822914000109, -44.943768973999966 ], [ 167.346315007000044, -44.943768176999981 ], [ 167.346764870000015, -44.943840180999985 ], [ 167.347118193000028, -44.944181988999958 ], [ 167.347207343000036, -44.944710498999939 ], [ 167.347455739000111, -44.94504715599993 ], [ 167.347918841000023, -44.945344431999956 ], [ 167.348263786000075, -44.945411279999973 ], [ 167.348935614000084, -44.945369374999984 ], [ 167.349365014000114, -44.945290611999951 ], [ 167.350016359000051, -44.945097941999961 ], [ 167.350597744000083, -44.944901837999964 ], [ 167.351594024000065, -44.944776 ], [ 167.351969118000056, -44.944894232999957 ], [ 167.352412426000114, -44.944915973999969 ], [ 167.352255059000072, -44.94488548399994 ], [ 167.352388475000112, -44.944634062999967 ], [ 167.352555445000121, -44.944628345999945 ], [ 167.351793063000059, -44.944536176999975 ], [ 167.351018731000067, -44.94454811099996 ], [ 167.35026004700012, -44.944760477999978 ], [ 167.349536336000028, -44.944974553999941 ], [ 167.348884991000091, -44.945167220999963 ], [ 167.347892389000094, -44.94489387699997 ], [ 167.347616263000077, -44.944480984999984 ], [ 167.347221987000012, -44.943837662999954 ], [ 167.346941036000089, -44.943474447999961 ], [ 167.346701034000034, -44.943412748999947 ], [ 167.346239086000082, -44.94346494499996 ], [ 167.345686714000067, -44.943362944999933 ], [ 167.345277793000037, -44.943592452999951 ], [ 167.345013613000106, -44.943779149999955 ] ], [ [ 167.730854064000027, -44.85328151899995 ], [ 167.730770816000017, -44.853086326999971 ], [ 167.73026841300009, -44.853063338999959 ], [ 167.729070283000055, -44.853295585999945 ], [ 167.728784107000024, -44.853856639999947 ], [ 167.728713975000119, -44.854260121999971 ], [ 167.728877407000027, -44.854535540999962 ], [ 167.729005820000111, -44.854751939999971 ], [ 167.729267310000068, -44.854835676999983 ], [ 167.729871192000019, -44.854480542999966 ], [ 167.730372428000123, -44.854144632999976 ], [ 167.730741838000085, -44.853778767999984 ], [ 167.730854064000027, -44.85328151899995 ] ], [ [ 167.495830562000037, -45.103974928999946 ], [ 167.495505097000091, -45.103740522999942 ], [ 167.495197397000084, -45.10372586099993 ], [ 167.494797600000084, -45.10346054799993 ], [ 167.494456614000114, -45.103389571999969 ], [ 167.49379276500008, -45.103056944999935 ], [ 167.493405556000084, -45.103065848999961 ], [ 167.49317441300002, -45.103465264999954 ], [ 167.493448461000071, -45.103834036999956 ], [ 167.493804613000066, -45.104152 ], [ 167.49418821800009, -45.104319185999941 ], [ 167.494509526000115, -45.104459220999956 ], [ 167.494801702000018, -45.104637317999959 ], [ 167.494934696000087, -45.104643655999951 ], [ 167.495570968000038, -45.104673975999958 ], [ 167.495688946000087, -45.104652236999982 ], [ 167.495830562000037, -45.103974928999946 ] ], [ [ 167.589797998000108, -44.678490084999964 ], [ 167.589374423000095, -44.678716348999956 ], [ 167.589554312000018, -44.679258320999963 ], [ 167.5901080860001, -44.679489609999962 ], [ 167.590333379000072, -44.679541264999955 ], [ 167.591062746000034, -44.679739784999981 ], [ 167.591345311000055, -44.679794134999952 ], [ 167.591688927000064, -44.679810323999959 ], [ 167.592227039000022, -44.679589445999966 ], [ 167.592215146000058, -44.679096429999959 ], [ 167.591371245000119, -44.678892522999945 ], [ 167.590699155000038, -44.678696703999947 ], [ 167.590252359000033, -44.678552534999938 ], [ 167.589797998000108, -44.678490084999964 ] ], [ [ 167.321977810000021, -44.901410166999938 ], [ 167.321608538000078, -44.901315072999978 ], [ 167.321222454000122, -44.901392107999982 ], [ 167.320733581000013, -44.901137366999933 ], [ 167.320642002000113, -44.900690839999982 ], [ 167.320558652000045, -44.900436895999974 ], [ 167.31973753200009, -44.900261838999938 ], [ 167.319351452000092, -44.900338866999959 ], [ 167.319006109000043, -44.900552427999969 ], [ 167.318956771000103, -44.900780605999955 ], [ 167.319113369000092, -44.901115036999954 ], [ 167.319709876000047, -44.901375099999939 ], [ 167.320414031000041, -44.90164047199994 ], [ 167.32091038100009, -44.901818711999965 ], [ 167.321068584000045, -44.901816312999983 ], [ 167.321506146000047, -44.901809679999985 ], [ 167.321684618000063, -44.901765442999931 ], [ 167.321894102000101, -44.901713518999941 ], [ 167.321977810000021, -44.901410166999938 ] ], [ [ 167.724853708000069, -44.995425891999957 ], [ 167.725484258000051, -44.995716912999967 ], [ 167.726399647000108, -44.995583938999971 ], [ 167.726722735000067, -44.995190826999931 ], [ 167.726511615000049, -44.99480244199998 ], [ 167.726391578000062, -44.994767822999961 ], [ 167.726241182000081, -44.994615281999984 ], [ 167.725858611000035, -44.994306463999976 ], [ 167.724577868000097, -44.994393600999956 ], [ 167.724461853000093, -44.994767037999964 ], [ 167.724473775000092, -44.99508805499994 ], [ 167.724853708000069, -44.995425891999957 ] ], [ [ 167.507973322000112, -45.074956051999948 ], [ 167.507937028000015, -45.074857289999954 ], [ 167.506949487000043, -45.074862763999931 ], [ 167.506200997000064, -45.074949539999977 ], [ 167.50588807500003, -45.075126973999943 ], [ 167.505907516000093, -45.075442610999971 ], [ 167.50608589400008, -45.075643420999938 ], [ 167.506243006000091, -45.075808251999945 ], [ 167.506305157000043, -45.07593359699996 ], [ 167.506427810000105, -45.076201690999937 ], [ 167.506712700000094, -45.076320148999969 ], [ 167.507323539000026, -45.076384175999976 ], [ 167.507521712000084, -45.076376118999974 ], [ 167.50760695200006, -45.076257785999985 ], [ 167.507471101000078, -45.076128936999964 ], [ 167.507404, -45.076055808999968 ], [ 167.507684282000014, -45.075701979999963 ], [ 167.507748904000096, -45.07558568099995 ], [ 167.507892512000012, -45.075327238999932 ], [ 167.507976265000025, -45.074964059999957 ], [ 167.507973322000112, -45.074956051999948 ] ], [ [ 167.560120952000034, -45.12156896099998 ], [ 167.560186878000081, -45.121998244999929 ], [ 167.559879057000103, -45.122259520999933 ], [ 167.559641746000011, -45.12252411299994 ], [ 167.559677100000044, -45.122901820999971 ], [ 167.559935707000022, -45.123164686999985 ], [ 167.560281233000069, -45.123256158999936 ], [ 167.560676077000039, -45.123199532999934 ], [ 167.560936924000089, -45.123061392999944 ], [ 167.561120016000018, -45.122242716999949 ], [ 167.561009457000068, -45.121911611999963 ], [ 167.560722625000039, -45.121572208999964 ], [ 167.560400543000014, -45.121231148999982 ], [ 167.56006909000007, -45.120989921999978 ], [ 167.559765864000042, -45.120825231999959 ], [ 167.559657757000082, -45.120845212999939 ], [ 167.559603754000022, -45.121043226999973 ], [ 167.5597894980001, -45.121327733999976 ], [ 167.560120952000034, -45.12156896099998 ] ], [ [ 167.636221324000076, -44.786263291999944 ], [ 167.636286496000025, -44.786298823999971 ], [ 167.636366743000053, -44.786294442999974 ], [ 167.636650483000039, -44.786185830999955 ], [ 167.636830518000124, -44.786088627999959 ], [ 167.637239733000115, -44.785855897999966 ], [ 167.637634612000056, -44.785654989999955 ], [ 167.637887915000078, -44.785504212999967 ], [ 167.638153473000102, -44.785346138999955 ], [ 167.638564909000024, -44.785089139999968 ], [ 167.639057330000014, -44.784819667999955 ], [ 167.639558871000077, -44.784574987999974 ], [ 167.639900664000038, -44.784330983999951 ], [ 167.640401664000024, -44.784216242999946 ], [ 167.641098176000014, -44.784208085999978 ], [ 167.641728033000049, -44.784180573999947 ], [ 167.642019395000034, -44.784112918999938 ], [ 167.642649990000109, -44.784077312999955 ], [ 167.643039854000108, -44.78405485899998 ], [ 167.642870765000112, -44.783908891999943 ], [ 167.642337716000043, -44.783875937999937 ], [ 167.641463950000116, -44.783827103999954 ], [ 167.640040044000102, -44.783931329999973 ], [ 167.639332053000089, -44.784312602999933 ], [ 167.636296707000042, -44.786063731999946 ], [ 167.636170486000083, -44.786195936999945 ], [ 167.636221324000076, -44.786263291999944 ] ], [ [ 167.326776599000027, -45.053896873999975 ], [ 167.326319947000115, -45.05416070299998 ], [ 167.326359025000102, -45.054154444999938 ], [ 167.326443501000085, -45.054436711999983 ], [ 167.326703069000018, -45.054648129999975 ], [ 167.327081142000111, -45.054507803999968 ], [ 167.327191905000063, -45.054235140999936 ], [ 167.327560301000062, -45.054193663999968 ], [ 167.327705700000024, -45.054342548999955 ], [ 167.328088308000019, -45.054239494999933 ], [ 167.32850587400003, -45.053981915999941 ], [ 167.329003241000123, -45.053767989999983 ], [ 167.329121730000111, -45.053416244999937 ], [ 167.328938097000105, -45.053288025999962 ], [ 167.32863903100008, -45.053193861999944 ], [ 167.328053315000034, -45.053165059999969 ], [ 167.327593515000103, -45.053281504999973 ], [ 167.32708840600003, -45.053574503999982 ], [ 167.326776599000027, -45.053896873999975 ] ], [ [ 167.332311589000028, -45.04910902599994 ], [ 167.332430540000018, -45.048934335999945 ], [ 167.332411466000053, -45.048608434999949 ], [ 167.332388880000053, -45.048318467999934 ], [ 167.332390497000119, -45.04828901999997 ], [ 167.332421501000113, -45.047724303999985 ], [ 167.33233417200006, -45.047575584999947 ], [ 167.331918105000113, -45.047663458999978 ], [ 167.331702632000088, -45.047769202999973 ], [ 167.331516841000052, -45.047860380999964 ], [ 167.331193368000072, -45.048043070999938 ], [ 167.330994864000104, -45.048249956999939 ], [ 167.33078656400005, -45.048817431999964 ], [ 167.330870376000121, -45.049002086999963 ], [ 167.331221583000115, -45.049205018999942 ], [ 167.331280176000064, -45.049238872999979 ], [ 167.331528366000043, -45.049305230999948 ], [ 167.331761753000023, -45.049262539999972 ], [ 167.332311589000028, -45.04910902599994 ] ], [ [ 167.824508245000061, -44.863430828999981 ], [ 167.824593666000055, -44.863444939999965 ], [ 167.825206238000078, -44.863418202999981 ], [ 167.825776412000096, -44.863009838999972 ], [ 167.825947539000026, -44.862800538999977 ], [ 167.825971519000063, -44.862530385999946 ], [ 167.824632830000041, -44.86214479399996 ], [ 167.824105836000058, -44.862066876999961 ], [ 167.824024101000077, -44.862346504999948 ], [ 167.823886725000079, -44.862816479999935 ], [ 167.824142632000076, -44.863370434999979 ], [ 167.824508245000061, -44.863430828999981 ] ], [ [ 167.633462696000038, -45.001474981999934 ], [ 167.63311164400011, -45.001149641999973 ], [ 167.632833481000034, -45.001213956999948 ], [ 167.63237846800007, -45.001424549999967 ], [ 167.631862132000037, -45.001709540999968 ], [ 167.631728829000053, -45.001973723999981 ], [ 167.631801710000104, -45.002363378999974 ], [ 167.63216697900009, -45.002534877999949 ], [ 167.632817529000022, -45.002565139999945 ], [ 167.633146357000101, -45.002541807999933 ], [ 167.633503609000059, -45.002210785999978 ], [ 167.633687566000049, -45.001987582999959 ], [ 167.633770201000061, -45.001682414999948 ], [ 167.633838624000077, -45.001531090999947 ], [ 167.633462696000038, -45.001474981999934 ] ], [ [ 167.634091292000107, -44.786107064999953 ], [ 167.634436877000098, -44.786318141999971 ], [ 167.634555663000015, -44.786266822999949 ], [ 167.634546804000024, -44.786243724999963 ], [ 167.634463664000123, -44.786026963999973 ], [ 167.634171499000104, -44.785607179999943 ], [ 167.633970393000027, -44.785313491999943 ], [ 167.633423521000054, -44.784686868999984 ], [ 167.633394464000048, -44.784506806999957 ], [ 167.633557737000046, -44.784343842999931 ], [ 167.633543948000124, -44.784275185999945 ], [ 167.633526448000111, -44.784188044999951 ], [ 167.632615443000077, -44.784048052999935 ], [ 167.631715056000075, -44.783916670999986 ], [ 167.630864012000075, -44.783868816999984 ], [ 167.630620480000061, -44.783540647999985 ], [ 167.630458126000121, -44.783321868999963 ], [ 167.63035181500004, -44.783113826999966 ], [ 167.630251649000115, -44.782962935999933 ], [ 167.630032512000071, -44.782741503999944 ], [ 167.629920246000097, -44.782598169999972 ], [ 167.629692967000096, -44.782729604999986 ], [ 167.629853264000076, -44.782849742999986 ], [ 167.629751043000056, -44.783159789999957 ], [ 167.629734005000046, -44.783166439999945 ], [ 167.630042758000059, -44.78349742499995 ], [ 167.630271952000044, -44.783857417999968 ], [ 167.630694032000065, -44.784104570999943 ], [ 167.631640592000053, -44.78422999299994 ], [ 167.632843718000117, -44.784294274999979 ], [ 167.633878437000021, -44.785569137999971 ], [ 167.634091292000107, -44.786107064999953 ] ], [ [ 167.456259126000077, -45.08054038399996 ], [ 167.45569630500006, -45.079866980999952 ], [ 167.455579361000105, -45.079688758999964 ], [ 167.455358645000047, -45.079678158999968 ], [ 167.454865464000022, -45.079809257999955 ], [ 167.45471735600006, -45.079945672999941 ], [ 167.454716561000055, -45.08045220899993 ], [ 167.454907504000062, -45.080739995999977 ], [ 167.455350581000062, -45.081132762999971 ], [ 167.455941838000058, -45.081346899999971 ], [ 167.456654497000045, -45.081256426999971 ], [ 167.456647826000108, -45.081245821999971 ], [ 167.456259126000077, -45.08054038399996 ] ], [ [ 167.311055570000121, -44.896969446999947 ], [ 167.311479777000045, -44.896779025999933 ], [ 167.311752598000112, -44.896754079999937 ], [ 167.31225449100009, -44.896874980999939 ], [ 167.312765739000042, -44.896900253999945 ], [ 167.313047916000073, -44.896779677999973 ], [ 167.313116701000013, -44.896629335999933 ], [ 167.312612939000019, -44.896527563999939 ], [ 167.312235523000027, -44.896239856999955 ], [ 167.311712345000046, -44.896060249999948 ], [ 167.311231754000119, -44.895998051999982 ], [ 167.310816211000088, -44.895823760999974 ], [ 167.310485835000122, -44.895884295999963 ], [ 167.310278763000042, -44.896066232999942 ], [ 167.310300753000092, -44.896394021999981 ], [ 167.31044160700003, -44.89661238399998 ], [ 167.310613113000045, -44.896793824999975 ], [ 167.311055570000121, -44.896969446999947 ] ], [ [ 167.521540113000015, -45.046067185999959 ], [ 167.521638773000063, -45.045930086999931 ], [ 167.521881557000029, -45.045779574999983 ], [ 167.522021871000106, -45.045806488999972 ], [ 167.521949752000069, -45.045965101999968 ], [ 167.522200035000083, -45.046037744999978 ], [ 167.522494107000057, -45.045646610999938 ], [ 167.522727368000119, -45.045596915999965 ], [ 167.522856372000092, -45.045441001999961 ], [ 167.522782464000102, -45.045315967999954 ], [ 167.5226820150001, -45.045169418999933 ], [ 167.522615723000058, -45.044963726999981 ], [ 167.522566451000102, -45.044880370999977 ], [ 167.5217245770001, -45.044718885999941 ], [ 167.521457161000058, -45.044827719999944 ], [ 167.521244729000045, -45.044959417999962 ], [ 167.521041694000019, -45.045294106999961 ], [ 167.520980878000046, -45.04563554799995 ], [ 167.521132375000093, -45.046149104999984 ], [ 167.521268883000062, -45.046216347999973 ], [ 167.521540113000015, -45.046067185999959 ] ], [ [ 167.545900471000095, -44.88434381899998 ], [ 167.545721030000095, -44.884259199999974 ], [ 167.545427890000042, -44.884245312999951 ], [ 167.540751894000095, -44.883871451999937 ], [ 167.540556468000091, -44.883957333999945 ], [ 167.540540471000099, -44.884127841999941 ], [ 167.540796296000053, -44.884254150999936 ], [ 167.541963520000081, -44.88436657799997 ], [ 167.545109889000059, -44.884496661999947 ], [ 167.545564700000114, -44.884499178999931 ], [ 167.545809871000074, -44.884453703999952 ], [ 167.545900471000095, -44.88434381899998 ] ], [ [ 167.687266903000022, -45.040186540999969 ], [ 167.687876693000021, -45.040350897999986 ], [ 167.688406284000052, -45.040341179999984 ], [ 167.688903535000122, -45.040159591999952 ], [ 167.688841955000044, -45.039781920999985 ], [ 167.688704579000046, -45.039707448999934 ], [ 167.68803321900009, -45.039165424999965 ], [ 167.687452673000053, -45.039206872999955 ], [ 167.687095907000071, -45.03942899499998 ], [ 167.6867621560001, -45.039924784999982 ], [ 167.687036908000096, -45.04007373099995 ], [ 167.687266903000022, -45.040186540999969 ] ], [ [ 167.544041218000075, -45.07490011699997 ], [ 167.543994328000053, -45.075156259999972 ], [ 167.544151636000038, -45.075422049999986 ], [ 167.544340709000039, -45.075592456999971 ], [ 167.544668942000044, -45.075737142999969 ], [ 167.544917006000105, -45.075765007999962 ], [ 167.545411626000032, -45.075836813999956 ], [ 167.545523676000016, -45.075845437999931 ], [ 167.545954646000041, -45.075878608999972 ], [ 167.545984895000061, -45.075799300999961 ], [ 167.545815481000091, -45.075662119999947 ], [ 167.545469095000044, -45.075468138999952 ], [ 167.545481192000011, -45.075339529999951 ], [ 167.545508412000117, -45.075050162999958 ], [ 167.545407067000042, -45.074916195999947 ], [ 167.545178665000094, -45.074679343999946 ], [ 167.545000179000112, -45.074396406999938 ], [ 167.544758170000023, -45.074304237999968 ], [ 167.544661366000014, -45.074364254999978 ], [ 167.544511624000052, -45.074502507999966 ], [ 167.544348269000011, -45.07454323199994 ], [ 167.544128948000093, -45.074694344999955 ], [ 167.544041218000075, -45.07490011699997 ] ], [ [ 167.722166108000124, -45.000605384999972 ], [ 167.722610672000087, -45.000683978999973 ], [ 167.723059130000024, -45.000267473999941 ], [ 167.723297847000026, -44.999899648999985 ], [ 167.723332095000046, -44.999522475999981 ], [ 167.723192233000077, -44.99925387899998 ], [ 167.722398087000101, -44.998955366999951 ], [ 167.722057770000106, -44.999085474999958 ], [ 167.721985257000028, -44.999431763999951 ], [ 167.722122478000074, -44.999729376999937 ], [ 167.721947097000111, -45.000304032999964 ], [ 167.722166108000124, -45.000605384999972 ] ], [ [ 167.680108760000053, -44.831884659999957 ], [ 167.680731145000095, -44.831934667999974 ], [ 167.680782110000109, -44.831703339999933 ], [ 167.680601034000119, -44.831397557999935 ], [ 167.680275176000123, -44.831042595999975 ], [ 167.680130395000106, -44.830993415999956 ], [ 167.679458218000036, -44.830834883999955 ], [ 167.679222319000019, -44.830802734999963 ], [ 167.678679478000049, -44.830862615999933 ], [ 167.678622710000013, -44.831157406999978 ], [ 167.6787759770001, -44.831440663999956 ], [ 167.679137350000019, -44.831733540999949 ], [ 167.679636953000113, -44.831820365999931 ], [ 167.680108760000053, -44.831884659999957 ] ], [ [ 167.722305844000061, -44.78081764999996 ], [ 167.722264311000117, -44.782121382999946 ], [ 167.722371225000074, -44.782179547999931 ], [ 167.722720749000018, -44.782035801999939 ], [ 167.722986206000087, -44.781994718999954 ], [ 167.723435449000021, -44.781988694999939 ], [ 167.723805420000076, -44.782032294999965 ], [ 167.72401685300008, -44.782175141999971 ], [ 167.724258331000101, -44.782399256999952 ], [ 167.724754829000062, -44.782422025999949 ], [ 167.724468494000121, -44.782142594999982 ], [ 167.72406241300007, -44.781671260999985 ], [ 167.723162670000079, -44.781283800999972 ], [ 167.722305844000061, -44.78081764999996 ] ], [ [ 167.336678972000072, -44.944916982999985 ], [ 167.337091704000045, -44.944288350999955 ], [ 167.337197980000042, -44.943919193999932 ], [ 167.337247485000034, -44.943771873999935 ], [ 167.337383891000059, -44.943454116999931 ], [ 167.337585406000017, -44.943189477999965 ], [ 167.337769972000046, -44.943098718999977 ], [ 167.338126997000018, -44.943041397999934 ], [ 167.338287352000066, -44.943199035999953 ], [ 167.338485104000029, -44.943333553999935 ], [ 167.33875523100005, -44.943446670999947 ], [ 167.339067597000053, -44.943486985999982 ], [ 167.339121937000073, -44.943289987999947 ], [ 167.33876624800007, -44.942972993999945 ], [ 167.338361062000104, -44.94280331799996 ], [ 167.338048700000058, -44.942763 ], [ 167.337906375000102, -44.942780960999983 ], [ 167.337675280000099, -44.942874686999971 ], [ 167.337577064000016, -44.942914520999977 ], [ 167.337200670000016, -44.943170557999963 ], [ 167.337066684000092, -44.943463475999977 ], [ 167.3369302750001, -44.943781233999971 ], [ 167.336873505000085, -44.944003070999941 ], [ 167.33673951500009, -44.944295987999965 ], [ 167.336647766000056, -44.94451610599998 ], [ 167.336563282000043, -44.94466170499993 ], [ 167.335881764000078, -44.944802893999963 ], [ 167.335576659000026, -44.944688051999947 ], [ 167.335263456000121, -44.944652196999982 ], [ 167.335194334000107, -44.944644282999946 ], [ 167.33505200500008, -44.944662240999946 ], [ 167.334957827000039, -44.944907196999964 ], [ 167.33529790800003, -44.945023761999948 ], [ 167.335612704000027, -44.945039247999944 ], [ 167.336678972000072, -44.944916982999985 ] ], [ [ 167.730707310000071, -44.850069123999958 ], [ 167.730544159000033, -44.850013812999975 ], [ 167.730202779000024, -44.850069960999974 ], [ 167.730203956000082, -44.850428859999965 ], [ 167.730366132000086, -44.850866894999967 ], [ 167.729916828000114, -44.851372640999955 ], [ 167.730114650000019, -44.851788383999974 ], [ 167.73069695300012, -44.851671489999944 ], [ 167.731041467000068, -44.851208792999955 ], [ 167.731155840000042, -44.850687719999939 ], [ 167.731110394000098, -44.85044641099995 ], [ 167.730707310000071, -44.850069123999958 ] ], [ [ 167.727345641000056, -45.003260184999931 ], [ 167.727708441000118, -45.003335022999977 ], [ 167.728461580000044, -45.002728477999938 ], [ 167.728615850000097, -45.002385918999948 ], [ 167.727946949000057, -45.002064034999933 ], [ 167.727097454000045, -45.00237483799998 ], [ 167.726902280000104, -45.002715526999964 ], [ 167.727047432000063, -45.002926092999985 ], [ 167.727195220000112, -45.003107645999933 ], [ 167.727345641000056, -45.003260184999931 ] ], [ [ 167.625216860000023, -44.933903399999963 ], [ 167.625379316000021, -44.933836954999947 ], [ 167.625500104000025, -44.933657533999963 ], [ 167.625617485000021, -44.933514965999962 ], [ 167.625849247000019, -44.933544276999953 ], [ 167.626027427000054, -44.933589594999944 ], [ 167.626153723000016, -44.933632493999937 ], [ 167.626321690000054, -44.933788367999966 ], [ 167.626494764000086, -44.933888962999958 ], [ 167.626671241000054, -44.933952705999957 ], [ 167.626749064000023, -44.933956333999959 ], [ 167.626848953000035, -44.933904686999938 ], [ 167.626913218000027, -44.933871459999978 ], [ 167.626906, -44.933667564999951 ], [ 167.626748246000034, -44.933401136999976 ], [ 167.626685744000042, -44.933231675999934 ], [ 167.626469304000011, -44.933036532999949 ], [ 167.62632047000011, -44.932955573999948 ], [ 167.625682583000071, -44.933092379999948 ], [ 167.625459336000063, -44.932970937999983 ], [ 167.625070233000088, -44.93295279299997 ], [ 167.624949445000084, -44.933132212999965 ], [ 167.624930716000108, -44.933334897999941 ], [ 167.624969612000086, -44.933523382999965 ], [ 167.624984699000038, -44.933596488999967 ], [ 167.624993611000036, -44.93378195799994 ], [ 167.625088860000119, -44.933878926999967 ], [ 167.625216860000023, -44.933903399999963 ] ], [ [ 167.429085357000076, -45.018010723999964 ], [ 167.428662639000095, -45.018049734999977 ], [ 167.427986860000033, -45.018106233999958 ], [ 167.427525279000065, -45.018113645999961 ], [ 167.42702767600008, -45.018059885999946 ], [ 167.426747115000012, -45.017927463999968 ], [ 167.426583142000027, -45.017889823999951 ], [ 167.42633292000005, -45.017877729999952 ], [ 167.426371783000036, -45.017909323999959 ], [ 167.426310190000095, -45.018114358999981 ], [ 167.426259886000025, -45.018134786999951 ], [ 167.426513027000055, -45.018183593999936 ], [ 167.427096880000022, -45.018211809999968 ], [ 167.427969819000054, -45.018283705999977 ], [ 167.428509127000098, -45.018339477999973 ], [ 167.428720488000067, -45.018319971999972 ], [ 167.429860690000055, -45.018226469999945 ], [ 167.430283406000058, -45.018187453999985 ], [ 167.430778176000103, -45.018270779999966 ], [ 167.430928683000047, -45.018310891999931 ], [ 167.431186699000023, -45.018379654999933 ], [ 167.431267268000056, -45.018413260999978 ], [ 167.431428407000112, -45.018480473999944 ], [ 167.431892830000038, -45.018443465999951 ], [ 167.43183212800011, -45.018202806999966 ], [ 167.431334520000064, -45.018149064999932 ], [ 167.430711802000019, -45.01808927999997 ], [ 167.430264417000103, -45.01794880999995 ], [ 167.42938580100008, -45.017936088999932 ], [ 167.429085357000076, -45.018010723999964 ] ], [ [ 167.552314805000037, -44.973720561999983 ], [ 167.552608931000123, -44.973861724999949 ], [ 167.552952317000063, -44.973750681999945 ], [ 167.552976112000124, -44.973731028999964 ], [ 167.553118893000033, -44.973613105999959 ], [ 167.553242954000098, -44.97338261699997 ], [ 167.553496210000048, -44.973140050999973 ], [ 167.553669571000114, -44.972930070999951 ], [ 167.553587931000038, -44.97270804599998 ], [ 167.553084718000036, -44.972611551999933 ], [ 167.5527124460001, -44.972757589999958 ], [ 167.552341869000088, -44.972885527999949 ], [ 167.55227886900002, -44.972882550999941 ], [ 167.552239870000108, -44.97288070899998 ], [ 167.552143003000083, -44.973094299999957 ], [ 167.552115850000064, -44.973383908999949 ], [ 167.552314805000037, -44.973720561999983 ] ], [ [ 167.720743768000034, -44.997277351999969 ], [ 167.720717412000113, -44.99756748599998 ], [ 167.720691057000067, -44.997857619999934 ], [ 167.721117149000065, -44.998139312999967 ], [ 167.721180486000094, -44.99834614599996 ], [ 167.721344056000021, -44.998353626999972 ], [ 167.721533977000036, -44.998070973999972 ], [ 167.721925721000048, -44.997826682999971 ], [ 167.722148625000045, -44.997632937999981 ], [ 167.72215799300011, -44.997529779999979 ], [ 167.722180243000025, -44.997284777999937 ], [ 167.722106364000069, -44.997193997999943 ], [ 167.721370318000027, -44.997160338999947 ], [ 167.720743768000034, -44.997277351999969 ] ], [ [ 167.486077630000068, -45.122395604999952 ], [ 167.486125993000087, -45.122684293999953 ], [ 167.486461385000098, -45.122879286999932 ], [ 167.486540099000081, -45.122880107999947 ], [ 167.486941278000018, -45.122884286999977 ], [ 167.487209920000055, -45.12271811599993 ], [ 167.487446878000014, -45.122353545999943 ], [ 167.487419503000069, -45.121907047999969 ], [ 167.487417161000053, -45.12186885999995 ], [ 167.486845088000109, -45.121769969999946 ], [ 167.486428834000094, -45.121893297999975 ], [ 167.486077630000068, -45.122395604999952 ] ], [ [ 167.484052947000123, -45.131928454999979 ], [ 167.484619877000114, -45.132004780999978 ], [ 167.484724311000036, -45.131995798999981 ], [ 167.484988294000118, -45.131973096999957 ], [ 167.485219502000064, -45.131737802999965 ], [ 167.485230010000123, -45.131627455999933 ], [ 167.484753581000064, -45.13114901299997 ], [ 167.484498632000054, -45.130902832999936 ], [ 167.484260327000015, -45.130882009999937 ], [ 167.484188024000105, -45.130875690999972 ], [ 167.483955647000016, -45.131123244999969 ], [ 167.483873319000054, -45.131439540999963 ], [ 167.483825631000059, -45.131757490999973 ], [ 167.484052947000123, -45.131928454999979 ] ], [ [ 167.310455908000108, -44.956406537999953 ], [ 167.310253833000047, -44.956354524999938 ], [ 167.309866840000041, -44.956377431999954 ], [ 167.309519546000047, -44.956297227999983 ], [ 167.309085942000024, -44.956191744999956 ], [ 167.308738651000112, -44.956111538999949 ], [ 167.308075575000089, -44.955931667999948 ], [ 167.307698833000018, -44.955850002999966 ], [ 167.307172777000119, -44.955781968999986 ], [ 167.306701528000076, -44.955758671999945 ], [ 167.306228229000112, -44.95575628499995 ], [ 167.305601513000056, -44.95580935199996 ], [ 167.305257021000102, -44.956002458999933 ], [ 167.305517997000038, -44.95605739299998 ], [ 167.306024854000043, -44.956019412999979 ], [ 167.3063234870001, -44.955992150999975 ], [ 167.306590616000108, -44.955984343999944 ], [ 167.3071228230001, -44.955989641999963 ], [ 167.307737241000041, -44.956062043999964 ], [ 167.308229747000041, -44.956170443999952 ], [ 167.308608540000023, -44.95623119399994 ], [ 167.30903804400009, -44.956378503999986 ], [ 167.309501102000013, -44.956485444999942 ], [ 167.309816894000051, -44.956585103999942 ], [ 167.310109381000075, -44.956620570999974 ], [ 167.310433370000055, -44.956636578999962 ], [ 167.310517633000018, -44.956682769999929 ], [ 167.310455908000108, -44.956406537999953 ] ], [ [ 167.673972029000083, -44.918938585999967 ], [ 167.674389350000069, -44.919242506999979 ], [ 167.674982260000093, -44.919200150999984 ], [ 167.675392364000118, -44.919009844999948 ], [ 167.675968166000075, -44.918617937999954 ], [ 167.675306101000047, -44.918343225999934 ], [ 167.674456090000035, -44.918513206999933 ], [ 167.674374193000062, -44.918574467999974 ], [ 167.673929157000089, -44.918907363999949 ], [ 167.673972029000083, -44.918938585999967 ] ], [ [ 167.722246386000052, -44.819428663999986 ], [ 167.722440850000112, -44.819586128999958 ], [ 167.72306775200002, -44.819577733999949 ], [ 167.72294867800008, -44.819163767999953 ], [ 167.721969683000111, -44.818450411999947 ], [ 167.721758488000091, -44.818477864999977 ], [ 167.721338204000062, -44.818773675999978 ], [ 167.721545691000074, -44.819099436999977 ], [ 167.721601559000078, -44.819183298999974 ], [ 167.722246386000052, -44.819428663999986 ] ], [ [ 167.692242273000033, -44.756791373999931 ], [ 167.692382646000056, -44.756819678999932 ], [ 167.692495932000043, -44.756771894999986 ], [ 167.692688048000036, -44.756717375999983 ], [ 167.692865695000023, -44.756616449999967 ], [ 167.693020744000023, -44.756427180999935 ], [ 167.693042479000042, -44.756188108999936 ], [ 167.693098668000061, -44.755906976999938 ], [ 167.693115463000026, -44.755722238999965 ], [ 167.69314948400006, -44.755516471999954 ], [ 167.693005372000016, -44.755299712999943 ], [ 167.69293502000005, -44.755324759999951 ], [ 167.692600983000034, -44.755366144999982 ], [ 167.69241433500008, -44.755540111999949 ], [ 167.692400167000073, -44.755758558999958 ], [ 167.692420918000039, -44.756031361999931 ], [ 167.692383419000066, -44.75616764199998 ], [ 167.692292338000016, -44.756240782999953 ], [ 167.692247056000042, -44.756289617999983 ], [ 167.69219716200007, -44.756389164999973 ], [ 167.692167604000019, -44.756489650999981 ], [ 167.692158381000013, -44.75659107599995 ], [ 167.69216262100008, -44.756656745999976 ], [ 167.692204896000021, -44.756753272999958 ], [ 167.692242273000033, -44.756791373999931 ] ], [ [ 167.571246888000019, -45.070703508999941 ], [ 167.571345046000033, -45.070917491999978 ], [ 167.571243136000021, -45.07105925999997 ], [ 167.571345196000038, -45.071231551999972 ], [ 167.571574682000119, -45.071305148999954 ], [ 167.571927693000021, -45.071321740999963 ], [ 167.572204156000112, -45.071209114999931 ], [ 167.57225113100003, -45.071022890999984 ], [ 167.572266738000053, -45.070856128999935 ], [ 167.572292099000038, -45.07058514299996 ], [ 167.571846633000064, -45.069977973999983 ], [ 167.571758383000088, -45.069973825999966 ], [ 167.571613401000036, -45.070260126999983 ], [ 167.571511492000013, -45.070401893999986 ], [ 167.57129972000007, -45.070454749999953 ], [ 167.571246888000019, -45.070703508999941 ] ], [ [ 167.561860703000093, -44.974625698999944 ], [ 167.561585362000073, -44.974830878999967 ], [ 167.56158206200007, -44.975139793999972 ], [ 167.561896638000121, -44.975336436999953 ], [ 167.562037787000122, -44.975470357999939 ], [ 167.562082105000059, -44.975817878999976 ], [ 167.562131505000025, -44.976111097999933 ], [ 167.562663655000051, -44.976172553999959 ], [ 167.562695837000092, -44.975828640999964 ], [ 167.562592045000088, -44.975569217999976 ], [ 167.562546123000061, -44.975512510999977 ], [ 167.562345407000066, -44.975193974999968 ], [ 167.562358867000057, -44.974776456999962 ], [ 167.562243219000038, -44.97464373899993 ], [ 167.561860703000093, -44.974625698999944 ] ], [ [ 167.627192360000095, -44.943346033999944 ], [ 167.627058517000023, -44.94325919299996 ], [ 167.626118789000088, -44.943295992999936 ], [ 167.625740390000033, -44.943399255999964 ], [ 167.625614404000089, -44.943534437999972 ], [ 167.625686179000013, -44.943678837999983 ], [ 167.625929323000037, -44.943811076999964 ], [ 167.626178029000016, -44.943883123999967 ], [ 167.626507785000058, -44.943999247999955 ], [ 167.626769471000102, -44.943930842999976 ], [ 167.626972797000121, -44.943879867999954 ], [ 167.627181686000085, -44.943768699999964 ], [ 167.62723032700012, -44.943549308999934 ], [ 167.627213198000049, -44.943427607999979 ], [ 167.627192360000095, -44.943346033999944 ] ], [ [ 167.489950954000051, -45.130884962999971 ], [ 167.490879776000043, -45.131127420999974 ], [ 167.491277467000032, -45.131067107999968 ], [ 167.491574937000109, -45.130883111999935 ], [ 167.491497233000018, -45.130522693999978 ], [ 167.490612898000109, -45.130401266999968 ], [ 167.490084960000104, -45.130653541999948 ], [ 167.489950954000051, -45.130884962999971 ] ], [ [ 167.553482736000092, -44.973830281999938 ], [ 167.553353554000068, -44.973933263999982 ], [ 167.553288961000021, -44.973984754999947 ], [ 167.553338315000019, -44.974277977999975 ], [ 167.553646021000077, -44.974274331999936 ], [ 167.553686817000084, -44.974248987999943 ], [ 167.554189965000091, -44.973936409999965 ], [ 167.554314022000085, -44.973705919999929 ], [ 167.5543768980001, -44.973581623999962 ], [ 167.55459277600005, -44.973464554999964 ], [ 167.554720222000014, -44.973197863999985 ], [ 167.554533183000103, -44.973007222999968 ], [ 167.554458379000039, -44.972985509999944 ], [ 167.554164305000086, -44.973117066999976 ], [ 167.553912749000119, -44.973341532999939 ], [ 167.553788691000022, -44.973572022999974 ], [ 167.553482736000092, -44.973830281999938 ] ], [ [ 167.528810035000106, -45.106315117999941 ], [ 167.528797889000089, -45.106684033999954 ], [ 167.529097462000095, -45.106874932999972 ], [ 167.529693720000068, -45.106806777999964 ], [ 167.529979833000084, -45.106659676999982 ], [ 167.53026443300007, -45.106528567999931 ], [ 167.530296075000024, -45.106433677999973 ], [ 167.529955860000086, -45.106192662999945 ], [ 167.529528269000025, -45.106156351999971 ], [ 167.529070543000103, -45.106198936999931 ], [ 167.528810035000106, -45.106315117999941 ] ], [ [ 167.635540411000079, -44.860130419999962 ], [ 167.635691876000124, -44.860335766999981 ], [ 167.636024847000044, -44.860252134999939 ], [ 167.63630420800007, -44.860077874999945 ], [ 167.636749174000101, -44.85995539399994 ], [ 167.636946368000054, -44.859832385999937 ], [ 167.637103351000064, -44.859641408999948 ], [ 167.6370927050001, -44.859420590999946 ], [ 167.637022662000049, -44.859340214999975 ], [ 167.636708152000097, -44.85939166199995 ], [ 167.636322858000085, -44.859538954999948 ], [ 167.635951976000115, -44.859697933999939 ], [ 167.635656184000027, -44.859882442999947 ], [ 167.635540411000079, -44.860130419999962 ] ], [ [ 167.497251063000022, -44.903596437999965 ], [ 167.496852999000112, -44.903447223999933 ], [ 167.496381757000108, -44.903587440999956 ], [ 167.496044222000023, -44.903766592999943 ], [ 167.495837330000086, -44.904017085999953 ], [ 167.495867592000081, -44.904181269999981 ], [ 167.496186735000038, -44.904196524999975 ], [ 167.496521207000114, -44.90404977299994 ], [ 167.496803954000029, -44.903965643999982 ], [ 167.49708363600007, -44.903913913999929 ], [ 167.497360252000021, -44.903894585999979 ], [ 167.497591277000083, -44.903873077999947 ], [ 167.497606602000019, -44.903711071999965 ], [ 167.497251063000022, -44.903596437999965 ] ], [ [ 167.45919509600003, -45.133208048999961 ], [ 167.459483449000118, -45.133253751999973 ], [ 167.459783948000108, -45.133172529999968 ], [ 167.459888787000068, -45.133018171999936 ], [ 167.459916111000098, -45.132732589999932 ], [ 167.45990164300008, -45.132413128999985 ], [ 167.459861369000123, -45.132363381999937 ], [ 167.459456393000096, -45.132359903999941 ], [ 167.459366736000106, -45.13235560499993 ], [ 167.459071954000024, -45.132612421999966 ], [ 167.459029803000021, -45.132817599999953 ], [ 167.459027923000122, -45.133072525999978 ], [ 167.45919509600003, -45.133208048999961 ] ], [ [ 167.2713920650001, -45.006645220999985 ], [ 167.270895721000102, -45.006398924999985 ], [ 167.270538283000064, -45.00666322099994 ], [ 167.270317347000059, -45.006887289999952 ], [ 167.270228299000109, -45.00711791699996 ], [ 167.270285, -45.007214757999975 ], [ 167.270837144000097, -45.00711399599993 ], [ 167.271094810000022, -45.007066972999951 ], [ 167.27135858500003, -45.007080084999984 ], [ 167.271527433000074, -45.00671239199994 ], [ 167.2713920650001, -45.006645220999985 ] ], [ [ 167.484977849000074, -45.118280075999962 ], [ 167.484709505000069, -45.118177772999957 ], [ 167.48412380700006, -45.11832782099998 ], [ 167.484061688000111, -45.11834373399995 ], [ 167.483979117000104, -45.118679869999937 ], [ 167.484136617000104, -45.118884277999939 ], [ 167.484431827000094, -45.118969965999952 ], [ 167.484660021000082, -45.118962960999966 ], [ 167.484926955000105, -45.118814612999984 ], [ 167.484986869000068, -45.118587206999962 ], [ 167.48500612700002, -45.118514110999968 ], [ 167.484977849000074, -45.118280075999962 ] ], [ [ 167.634504323000101, -44.860280429999932 ], [ 167.634519481000098, -44.860115894999979 ], [ 167.634423647000062, -44.859979234999969 ], [ 167.63410684400003, -44.85988735799998 ], [ 167.63395639700002, -44.859671038999977 ], [ 167.633732131000102, -44.85958347299993 ], [ 167.633467927000083, -44.859593190999931 ], [ 167.63334885200004, -44.859708818999934 ], [ 167.633414846000051, -44.859833071999958 ], [ 167.633590824000066, -44.85994041999993 ], [ 167.633584011000039, -44.860182456999951 ], [ 167.633695266000018, -44.860319836999963 ], [ 167.633885655000086, -44.860438871999975 ], [ 167.63409854300005, -44.860481842999945 ], [ 167.634350361000088, -44.860438497999951 ], [ 167.634504323000101, -44.860280429999932 ] ], [ [ 167.716229423000073, -44.778568830999973 ], [ 167.716745904000049, -44.778645813999958 ], [ 167.717020954000077, -44.778498664999972 ], [ 167.717167491000055, -44.778532024999947 ], [ 167.717209527000023, -44.778480694999985 ], [ 167.7172587660001, -44.778349806999984 ], [ 167.71731636700008, -44.778258712999957 ], [ 167.717238337000026, -44.778162455999961 ], [ 167.716880400000036, -44.777986235999947 ], [ 167.716582526000025, -44.777972553999973 ], [ 167.716539920000059, -44.777985356999977 ], [ 167.716351917000111, -44.778041851999944 ], [ 167.716216202000055, -44.778301920999979 ], [ 167.716229423000073, -44.778568830999973 ] ], [ [ 167.629632751000031, -45.11168364599996 ], [ 167.629796146000103, -45.111861018999946 ], [ 167.630094577000023, -45.111874882999984 ], [ 167.630424651000112, -45.111762880999947 ], [ 167.630559365000067, -45.111387129999969 ], [ 167.630506204000085, -45.111313917999951 ], [ 167.630067205000046, -45.111307672999942 ], [ 167.629632751000031, -45.11168364599996 ] ], [ [ 167.558521693000102, -44.974177280999982 ], [ 167.558775006000019, -44.974207414999967 ], [ 167.558907594000061, -44.974159129999975 ], [ 167.55910305000009, -44.973986546999981 ], [ 167.559072387000015, -44.973766932999979 ], [ 167.558747660000108, -44.973678886999949 ], [ 167.558671158000038, -44.973675276999984 ], [ 167.558354980000104, -44.973769438999966 ], [ 167.55821052500005, -44.973944427999982 ], [ 167.558302356000013, -44.974057845999937 ], [ 167.558521693000102, -44.974177280999982 ] ], [ [ 167.662481073000095, -44.933790700999964 ], [ 167.662299827000083, -44.933880612999985 ], [ 167.662217939000016, -44.933893206999983 ], [ 167.661969283000076, -44.933980314999985 ], [ 167.661908121000124, -44.934001740999975 ], [ 167.661864685000069, -44.934098033999931 ], [ 167.661915371000077, -44.934174108999969 ], [ 167.662060925000105, -44.93422180999994 ], [ 167.662289863000069, -44.934240601999932 ], [ 167.66238248600007, -44.934236698999939 ], [ 167.662546260000113, -44.93421151299998 ], [ 167.662642625000103, -44.934166822999941 ], [ 167.662721261000115, -44.934063966999986 ], [ 167.662730241000077, -44.933966078999958 ], [ 167.662690292000093, -44.933898692999946 ], [ 167.662481073000095, -44.933790700999964 ] ] ], [ [ [ 167.813131168000041, -44.816748814999983 ], [ 167.811714007000091, -44.816693980999958 ], [ 167.811143242000071, -44.815811658999962 ], [ 167.810461651000082, -44.813896402999944 ], [ 167.810317740000073, -44.812880003999965 ], [ 167.809627664000118, -44.811544585999968 ], [ 167.811364475000119, -44.813680089999934 ], [ 167.813690677000068, -44.816632267999978 ], [ 167.813131168000041, -44.816748814999983 ] ] ], [ [ [ 167.597501197000042, -44.740764380999963 ], [ 167.597518678000029, -44.740771672999983 ], [ 167.597748048000085, -44.740760752999961 ], [ 167.597995302000072, -44.740748980999967 ], [ 167.598064961000091, -44.740705479999974 ], [ 167.598129600000107, -44.740665109999952 ], [ 167.598170731000096, -44.740384761999962 ], [ 167.598302195000088, -44.740153758999952 ], [ 167.598436492000019, -44.740069888999983 ], [ 167.59862755000006, -44.740056314999947 ], [ 167.598712924000097, -44.740173066999944 ], [ 167.598525503000019, -44.740530860999968 ], [ 167.598482395000019, -44.740613156999984 ], [ 167.598500901000079, -44.740625213999976 ], [ 167.598631571000055, -44.740710350999962 ], [ 167.598695243000066, -44.740709073999938 ], [ 167.598806515000092, -44.740706841999952 ], [ 167.598986853000042, -44.740543424999942 ], [ 167.599184969000021, -44.740363896999952 ], [ 167.599366144000101, -44.740293041999962 ], [ 167.599744118000103, -44.740310805999968 ], [ 167.599972667000088, -44.740411729999948 ], [ 167.600361689000124, -44.740474200999984 ], [ 167.60080438600005, -44.74013426199997 ], [ 167.601040244000046, -44.740156165999963 ], [ 167.601239206000059, -44.740221427999984 ], [ 167.601847930000076, -44.740836224999953 ], [ 167.601842937000015, -44.740847304999932 ], [ 167.60183596100012, -44.740862781999965 ], [ 167.601808129000119, -44.740924537999945 ], [ 167.601642604000062, -44.740861245999952 ], [ 167.601472030000082, -44.740796020999937 ], [ 167.601314461000015, -44.740789519999964 ], [ 167.601247314000034, -44.740831456999956 ], [ 167.601257866000083, -44.740858190999973 ], [ 167.601324188000035, -44.741026277999936 ], [ 167.601276605000066, -44.741122116999975 ], [ 167.601209122000114, -44.741258039999934 ], [ 167.601110674000097, -44.741319526999973 ], [ 167.601041254000052, -44.741362882999965 ], [ 167.600935875000118, -44.741357930999982 ], [ 167.600631776000114, -44.741343641999947 ], [ 167.599962772000026, -44.74109201999994 ], [ 167.599743986000021, -44.741009729999973 ], [ 167.599613843000043, -44.741048704999969 ], [ 167.599539630000095, -44.741196283999955 ], [ 167.599536309000086, -44.741202889999954 ], [ 167.599516185000084, -44.741213409999943 ], [ 167.599336856000036, -44.741307147999976 ], [ 167.598957837000057, -44.741282970999976 ], [ 167.598692774000028, -44.741266060999976 ], [ 167.598611211000048, -44.741238340999985 ], [ 167.598384838000015, -44.741161402999978 ], [ 167.598101351000082, -44.741148077999981 ], [ 167.597703356000011, -44.741272412999933 ], [ 167.5976296340001, -44.741295443999945 ], [ 167.597541570000089, -44.741310761999955 ], [ 167.597066318000088, -44.741393421999931 ], [ 167.596292008000091, -44.741392191999978 ], [ 167.596217246000037, -44.741331380999952 ], [ 167.596070767000015, -44.741212232999942 ], [ 167.596024377000049, -44.741143173999944 ], [ 167.596017843000027, -44.741133444999946 ], [ 167.596000706000041, -44.741107931999977 ], [ 167.596024400000033, -44.741029684999944 ], [ 167.596141242000044, -44.740956719999986 ], [ 167.596494040000039, -44.740904771999965 ], [ 167.596587125000042, -44.740866592999964 ], [ 167.596592688000101, -44.740864310999939 ], [ 167.59659992100012, -44.740786191999973 ], [ 167.596296481000081, -44.740505685999949 ], [ 167.596278202000121, -44.740488787999936 ], [ 167.596413658000074, -44.740119083999957 ], [ 167.596510076000072, -44.739856673999952 ], [ 167.596601655000086, -44.739714874999947 ], [ 167.596737749000113, -44.739641744999972 ], [ 167.596834681000018, -44.739589655999964 ], [ 167.59693957200011, -44.739481858999966 ], [ 167.596935518000123, -44.739417429999946 ], [ 167.596926766000024, -44.739278334999938 ], [ 167.597092571000076, -44.739195946999985 ], [ 167.59795628400002, -44.739269915999955 ], [ 167.598090170000091, -44.739354669999955 ], [ 167.5980950820001, -44.739379661999976 ], [ 167.598098024000024, -44.739394630999982 ], [ 167.59811253700002, -44.739468458999966 ], [ 167.598024038000062, -44.739537453999958 ], [ 167.597976163000112, -44.739574777999962 ], [ 167.597556227000041, -44.739668665999943 ], [ 167.597222549000094, -44.739855898999963 ], [ 167.59711385300011, -44.740346805999934 ], [ 167.597129059000054, -44.740371269999969 ], [ 167.597133611000118, -44.740378590999967 ], [ 167.597280155000021, -44.740614353999945 ], [ 167.597396846000038, -44.74072085499995 ], [ 167.597501197000042, -44.740764380999963 ] ] ], [ [ [ 167.385081874000093, -44.985513307999952 ], [ 167.384724947000109, -44.986146210999948 ], [ 167.384750653000083, -44.986142593999944 ], [ 167.385882080000101, -44.985983394999948 ], [ 167.386067496000123, -44.986037516999943 ], [ 167.386060687000054, -44.986056141999939 ], [ 167.385937903000013, -44.98639200599996 ], [ 167.385516165000013, -44.986823369999968 ], [ 167.385328897000022, -44.987103377999972 ], [ 167.385070405000079, -44.987489881999977 ], [ 167.384789106000085, -44.987704278999956 ], [ 167.384694422000052, -44.987776442999973 ], [ 167.384577830000012, -44.987996256999963 ], [ 167.384595008000019, -44.988008494999974 ], [ 167.38481566300004, -44.98816568999996 ], [ 167.384865714000057, -44.988303772999984 ], [ 167.384752748000096, -44.988500876999979 ], [ 167.383993598000075, -44.988908883999954 ], [ 167.383981803000097, -44.988915221999946 ], [ 167.383882361000019, -44.988786804999961 ], [ 167.383723669000119, -44.987785972999973 ], [ 167.383761947000039, -44.987070485999936 ], [ 167.383764580000047, -44.987021265999942 ], [ 167.383742236000103, -44.986914054999943 ], [ 167.383709884000041, -44.986758818999931 ], [ 167.38343042300005, -44.986362760999953 ], [ 167.383473813000023, -44.986229568999931 ], [ 167.383764152000026, -44.985938568999984 ], [ 167.383860871000024, -44.985841629999982 ], [ 167.384045724000089, -44.985549011999979 ], [ 167.384234561000085, -44.985250081999936 ], [ 167.384901807000119, -44.984921793999945 ], [ 167.385091558000113, -44.984931038999946 ], [ 167.3851800220001, -44.98500209599996 ], [ 167.385219238000104, -44.985172347999935 ], [ 167.385224779000055, -44.98519639899996 ], [ 167.385172178000062, -44.985341740999957 ], [ 167.385160619000089, -44.985373676999984 ], [ 167.385081874000093, -44.985513307999952 ] ] ], [ [ [ 167.630909036000048, -44.644704574999935 ], [ 167.630900792000034, -44.644794370999932 ], [ 167.630951034000077, -44.644787772999962 ], [ 167.63141225600009, -44.644727215999978 ], [ 167.631864599000096, -44.644973829999969 ], [ 167.631956875000014, -44.64500069199994 ], [ 167.632491542000025, -44.645024798999941 ], [ 167.632583818000057, -44.645051660999968 ], [ 167.632820960000117, -44.645220568999946 ], [ 167.63286603500012, -44.645343326999978 ], [ 167.632896768000023, -44.645427021999978 ], [ 167.63295679600003, -44.645474920999959 ], [ 167.633021752000104, -44.645493826999939 ], [ 167.633233628000085, -44.645555501999979 ], [ 167.633351182000069, -44.645651188999977 ], [ 167.633374388000107, -44.645742455999937 ], [ 167.633368208000093, -44.645809801999974 ], [ 167.633361261000118, -44.645821962999946 ], [ 167.633330582000099, -44.645875678999971 ], [ 167.633129533000101, -44.646001547999958 ], [ 167.632964793000042, -44.646043085999963 ], [ 167.632903231000114, -44.646058607999976 ], [ 167.632853882000063, -44.646050489999936 ], [ 167.632604563000086, -44.646009468999978 ], [ 167.632524535000016, -44.645890294999958 ], [ 167.632513050000057, -44.645891560999985 ], [ 167.632491717000107, -44.645893202999957 ], [ 167.63235274900012, -44.645903902999976 ], [ 167.632366137000076, -44.645806153999956 ], [ 167.632371896000109, -44.645764106999934 ], [ 167.632384487000081, -44.645668202999957 ], [ 167.632113383000046, -44.645662736999952 ], [ 167.631736386000057, -44.645710040999973 ], [ 167.631365971000037, -44.645630486999949 ], [ 167.631351124000048, -44.64562708699998 ], [ 167.631287323000038, -44.645579011999985 ], [ 167.631115902000033, -44.645451041999934 ], [ 167.630553543000019, -44.645522134999965 ], [ 167.630545421000079, -44.645523149999974 ], [ 167.630513458000109, -44.645527148999975 ], [ 167.63045386500005, -44.645534604999966 ], [ 167.630447906000086, -44.645530718999964 ], [ 167.630367824000018, -44.645480978999956 ], [ 167.630441949000101, -44.645375328999933 ], [ 167.630460395000114, -44.645347908999952 ], [ 167.630320327000049, -44.645241579999947 ], [ 167.630342562000124, -44.645169948999978 ], [ 167.630352614000117, -44.645137570999964 ], [ 167.630361790000052, -44.645106436999981 ], [ 167.630318962000047, -44.645092802999955 ], [ 167.630305331000045, -44.645088462999979 ], [ 167.630127401000095, -44.645031438999979 ], [ 167.630135736000057, -44.644974783999942 ], [ 167.63014084200006, -44.644940083999984 ], [ 167.630155272000025, -44.644837953999968 ], [ 167.629894779000097, -44.644904611999948 ], [ 167.629762001000017, -44.644938587999945 ], [ 167.629702493000082, -44.644953838999982 ], [ 167.629597742000101, -44.644884006999973 ], [ 167.629628999000033, -44.644763724999962 ], [ 167.630182798000078, -44.644538026999953 ], [ 167.630437501000074, -44.644405655999947 ], [ 167.630875803000094, -44.644364831999951 ], [ 167.631097177000015, -44.644375189999948 ], [ 167.631187472000079, -44.64442360299995 ], [ 167.631246241000099, -44.644471442999929 ], [ 167.631234165000023, -44.644486185999938 ], [ 167.631210674000044, -44.644514869999966 ], [ 167.630944604000092, -44.644661148999944 ], [ 167.630909036000048, -44.644704574999935 ] ] ], [ [ [ 167.425126467000041, -44.976903404999973 ], [ 167.425101586000096, -44.976914313999941 ], [ 167.425093970000034, -44.976908116999937 ], [ 167.424895301000106, -44.976746491999961 ], [ 167.424829564000106, -44.976597194999954 ], [ 167.424834647000012, -44.97621320099995 ], [ 167.424986414000045, -44.975611705999938 ], [ 167.425085335000063, -44.975401826999985 ], [ 167.425427404000061, -44.97514777899994 ], [ 167.425648765000119, -44.975158485999941 ], [ 167.425798254000028, -44.975255911999966 ], [ 167.425795527000105, -44.97526346799998 ], [ 167.425674243000117, -44.975599605999946 ], [ 167.425218326000049, -44.976863136999953 ], [ 167.425126467000041, -44.976903404999973 ] ] ], [ [ [ 167.600053235000019, -44.739038841999957 ], [ 167.600140277000037, -44.73906502799997 ], [ 167.600403918000097, -44.739073809999979 ], [ 167.600857863000101, -44.73930977699996 ], [ 167.601224673000047, -44.739502877999939 ], [ 167.601413044000083, -44.739573052999958 ], [ 167.60136969600012, -44.739577787999963 ], [ 167.601281439000104, -44.739587427999936 ], [ 167.601066639000123, -44.739610886999969 ], [ 167.600875056000064, -44.739569445999962 ], [ 167.600739709000095, -44.739540164999937 ], [ 167.600539412000103, -44.739496832999976 ], [ 167.600282544000038, -44.73935301399996 ], [ 167.599967956000114, -44.73917688399996 ], [ 167.599655270000085, -44.739088246999984 ], [ 167.599321328000087, -44.738993586999982 ], [ 167.598991617000024, -44.738900126999965 ], [ 167.59897872800002, -44.738896472999954 ], [ 167.598127056000067, -44.738655047999941 ], [ 167.597591948000058, -44.738503353999931 ], [ 167.597558821000121, -44.73846231999994 ], [ 167.597556180000083, -44.73845904999996 ], [ 167.597535190000031, -44.738433046999944 ], [ 167.597667406000028, -44.738371625999946 ], [ 167.597874656000045, -44.738347100999931 ], [ 167.598253878000037, -44.738364919999981 ], [ 167.598824560000025, -44.738515297999982 ], [ 167.598886506000099, -44.738547068999935 ], [ 167.599022925000099, -44.738617028999954 ], [ 167.599550578000049, -44.738887619999957 ], [ 167.599687027000073, -44.738928671999986 ], [ 167.600053235000019, -44.739038841999957 ] ] ], [ [ [ 167.366583643000013, -45.05863487299996 ], [ 167.365949618000059, -45.058603911999967 ], [ 167.365636611000014, -45.058374756999967 ], [ 167.365557193000086, -45.058157008999956 ], [ 167.365909278000117, -45.057984097999963 ], [ 167.366559385000073, -45.057849500999964 ], [ 167.366927640000085, -45.058200167999985 ], [ 167.366844813000057, -45.058362466999938 ], [ 167.366583643000013, -45.05863487299996 ] ] ], [ [ [ 167.620308523000062, -44.751409205999948 ], [ 167.619741366000085, -44.751383558999976 ], [ 167.619717236000042, -44.751373501999979 ], [ 167.619680429000027, -44.751358159999938 ], [ 167.619595275000052, -44.75124522599998 ], [ 167.619551078000086, -44.75118661199997 ], [ 167.619539457000087, -44.751171196999962 ], [ 167.619545665000032, -44.751103850999982 ], [ 167.619561235000106, -44.751073771999984 ], [ 167.619659612000078, -44.750883721999969 ], [ 167.619665820000023, -44.750816375999932 ], [ 167.619602169000018, -44.750618982999981 ], [ 167.619592007000051, -44.750587464999967 ], [ 167.619897122000111, -44.75035283699998 ], [ 167.620055895000064, -44.750360268999941 ], [ 167.620463508000057, -44.751100811999947 ], [ 167.62046293700007, -44.751107 ], [ 167.620458131000078, -44.751159131999941 ], [ 167.620446953000055, -44.751280410999982 ], [ 167.620409242000051, -44.751346282999975 ], [ 167.620343405000085, -44.751387411999985 ], [ 167.620308523000062, -44.751409205999948 ] ] ], [ [ [ 167.257278536000058, -44.883042099999955 ], [ 167.257270955000081, -44.883043293999947 ], [ 167.257151347000104, -44.882969675999959 ], [ 167.25704156300003, -44.882783771999982 ], [ 167.257193974000074, -44.882204127999955 ], [ 167.25743138200005, -44.882035558999974 ], [ 167.257558913000025, -44.882041925999943 ], [ 167.257576784000094, -44.882064225999954 ], [ 167.257602819000113, -44.882096712999953 ], [ 167.257728347000011, -44.882253349999985 ], [ 167.257899590000079, -44.882671000999949 ], [ 167.257959435000089, -44.882816960999946 ], [ 167.257918493000034, -44.882857699999931 ], [ 167.257818725000106, -44.882956971999931 ], [ 167.257430257000124, -44.883018190999962 ], [ 167.257278536000058, -44.883042099999955 ] ] ], [ [ [ 167.133796731000075, -44.992113622999966 ], [ 167.133746983000037, -44.992133663999937 ], [ 167.133697328000039, -44.992153667999958 ], [ 167.132958211000073, -44.992082642999947 ], [ 167.132621117000099, -44.992110417999982 ], [ 167.132227443000033, -44.992142850999983 ], [ 167.132116067000084, -44.992074927999965 ], [ 167.132122879000121, -44.992007612999942 ], [ 167.132328589000053, -44.991859314999942 ], [ 167.132734569000036, -44.991767220999975 ], [ 167.132954361000088, -44.991643086999943 ], [ 167.133269142000017, -44.991623028999982 ], [ 167.133473935000097, -44.991672254999969 ], [ 167.133831435000047, -44.991995567999936 ], [ 167.133839689000069, -44.992003033999936 ], [ 167.13381822100007, -44.992058301999975 ], [ 167.133796731000075, -44.992113622999966 ] ] ], [ [ [ 167.195870567000043, -44.960086988999933 ], [ 167.195760109000048, -44.960141087999943 ], [ 167.195154292000097, -44.959998690999953 ], [ 167.194664645000103, -44.959963505999951 ], [ 167.194649686000048, -44.959962430999951 ], [ 167.194458243000099, -44.959805732999939 ], [ 167.194501071000104, -44.959695118999946 ], [ 167.194934382000042, -44.959491431999936 ], [ 167.195169709000083, -44.959514122999963 ], [ 167.195916671000077, -44.959833231999937 ], [ 167.196035392000113, -44.959929427999953 ], [ 167.196033431000046, -44.959931779999977 ], [ 167.195963756000083, -44.960015344999931 ], [ 167.19592711100006, -44.960059294999951 ], [ 167.195870567000043, -44.960086988999933 ] ] ], [ [ [ 167.17637602700006, -44.957667605999973 ], [ 167.176367286000072, -44.957667164999975 ], [ 167.176158308000026, -44.957521272999941 ], [ 167.176080327000022, -44.957387555999958 ], [ 167.17607699600012, -44.957381841999961 ], [ 167.176056650000078, -44.957377625999982 ], [ 167.17571977700004, -44.957307836999973 ], [ 167.17548995900006, -44.957217723999975 ], [ 167.175345442000093, -44.957075091999968 ], [ 167.175447008000106, -44.95701257199994 ], [ 167.17563671500011, -44.957021268999938 ], [ 167.17566871300005, -44.957037582999931 ], [ 167.176029553000035, -44.957221560999983 ], [ 167.176450014000011, -44.957252774999972 ], [ 167.176487349000013, -44.957255545999942 ], [ 167.176497538000035, -44.957265863999964 ], [ 167.17652338500011, -44.957292038999981 ], [ 167.17673302500009, -44.957504330999939 ], [ 167.176698287000022, -44.957580339999936 ], [ 167.17669232500009, -44.957593386999974 ], [ 167.176621365000074, -44.957628122999949 ], [ 167.176525303000062, -44.957675148999954 ], [ 167.176434394000012, -44.957670555999982 ], [ 167.17637602700006, -44.957667605999973 ] ] ], [ [ [ 167.136498134000021, -44.991097274999959 ], [ 167.136418795000054, -44.991127525999957 ], [ 167.135501679000072, -44.991048680999938 ], [ 167.135492404000047, -44.991047882999965 ], [ 167.135347917000104, -44.990905201999965 ], [ 167.13544958600005, -44.990842717999953 ], [ 167.136722134000024, -44.990830806999952 ], [ 167.136720940000032, -44.990843453999958 ], [ 167.136704430000123, -44.991018465999957 ], [ 167.136498134000021, -44.991097274999959 ] ] ], [ [ [ 167.191628579000053, -44.954816445999938 ], [ 167.191674383000077, -44.954839844999981 ], [ 167.191828263000048, -44.954847608999955 ], [ 167.191927201000112, -44.954852599999981 ], [ 167.19194888200002, -44.954866433999939 ], [ 167.192195904000073, -44.955024027999968 ], [ 167.192189474000088, -44.955088362999959 ], [ 167.192183612000122, -44.955146995999939 ], [ 167.192175709000026, -44.955225982999934 ], [ 167.192112443000042, -44.955222791999972 ], [ 167.192083431000015, -44.955221328999983 ], [ 167.192024656000058, -44.955218362999972 ], [ 167.192017698000086, -44.955218011999932 ], [ 167.192014770000014, -44.955216293999968 ], [ 167.19180769400009, -44.955094661999965 ], [ 167.191527148000091, -44.955103452999936 ], [ 167.191520937000064, -44.95510364699993 ], [ 167.191103195000096, -44.95483448799996 ], [ 167.191081557000075, -44.954720631999976 ], [ 167.191149253000049, -44.95467894199993 ], [ 167.191431427000111, -44.954715723999982 ], [ 167.191628579000053, -44.954816445999938 ] ] ], [ [ [ 167.368361289000063, -44.868136284999935 ], [ 167.368329718000041, -44.868159928999944 ], [ 167.368057497000109, -44.867853454999931 ], [ 167.367696087000013, -44.867582951999964 ], [ 167.367671930000029, -44.867564869999967 ], [ 167.36768938900002, -44.867384425999944 ], [ 167.367824332000055, -44.867300833999934 ], [ 167.368101853000098, -44.867382071999941 ], [ 167.36811187100011, -44.86739956699995 ], [ 167.368387219000056, -44.867880412999966 ], [ 167.368397381000023, -44.867960865999976 ], [ 167.368414506000022, -44.86809642999998 ], [ 167.368361289000063, -44.868136284999935 ] ] ], [ [ [ 167.32563377800011, -44.845020191999936 ], [ 167.325614192000103, -44.845027977999962 ], [ 167.325526118000084, -44.844955979999952 ], [ 167.325557685000035, -44.844619271999932 ], [ 167.325728634000029, -44.844491504999951 ], [ 167.325994133000108, -44.844369295999968 ], [ 167.326242138000111, -44.84442663699997 ], [ 167.326240597000037, -44.844442438999977 ], [ 167.326235275000045, -44.844497019999949 ], [ 167.326231197000084, -44.844538849999935 ], [ 167.326126073000069, -44.844671552999955 ], [ 167.32594924700004, -44.844894771999975 ], [ 167.32563377800011, -44.845020191999936 ] ] ], [ [ [ 167.559607712000115, -44.71546121199998 ], [ 167.559549355000058, -44.715488304999951 ], [ 167.559144176000018, -44.715424919999975 ], [ 167.559129108000093, -44.715412646999937 ], [ 167.558967824000092, -44.715281284999946 ], [ 167.558946802000037, -44.715167556999972 ], [ 167.559048355000073, -44.715082182999936 ], [ 167.559430416000055, -44.71505428699993 ], [ 167.559711674000027, -44.715090148999934 ], [ 167.559800015000064, -44.715173696999955 ], [ 167.559791005000079, -44.715192958999978 ], [ 167.559747708000032, -44.715285516999984 ], [ 167.559681558000079, -44.715426927999943 ], [ 167.559607712000115, -44.71546121199998 ] ] ], [ [ [ 167.184171637000077, -44.955751546999977 ], [ 167.184149344000048, -44.955752795999956 ], [ 167.184149073000071, -44.955552502999979 ], [ 167.184512650000102, -44.955296617999977 ], [ 167.184736128000054, -44.955285344999936 ], [ 167.184751670000082, -44.955299513999933 ], [ 167.184998066000048, -44.955524116999982 ], [ 167.184996026000022, -44.955544499999974 ], [ 167.184989087000076, -44.955613873999937 ], [ 167.184581196000067, -44.955728595999972 ], [ 167.184242159000064, -44.955747595999981 ], [ 167.184171637000077, -44.955751546999977 ] ] ], [ [ [ 167.562416538000093, -44.703511056999957 ], [ 167.561801769000112, -44.703662322999946 ], [ 167.561766319000071, -44.703654187999973 ], [ 167.56167795600004, -44.70363391199993 ], [ 167.561618045000046, -44.703550639999946 ], [ 167.561612297000124, -44.703542649999974 ], [ 167.56159398300008, -44.703517193999971 ], [ 167.561964037000052, -44.703264162999972 ], [ 167.562157081000123, -44.703228211999942 ], [ 167.562503395000022, -44.703243701999952 ], [ 167.562591564000058, -44.703315514999986 ], [ 167.562569742000051, -44.703339893999953 ], [ 167.562416538000093, -44.703511056999957 ] ] ], [ [ [ 167.395368590000089, -44.929080003999957 ], [ 167.395344839000018, -44.929097061999983 ], [ 167.395258701000103, -44.929002671999967 ], [ 167.395393418000026, -44.928579880999962 ], [ 167.395562212000073, -44.928475349999985 ], [ 167.395787714000107, -44.928441226999951 ], [ 167.395945687000108, -44.928448915999979 ], [ 167.395961838000062, -44.928468969999983 ], [ 167.395965045000025, -44.928472949999957 ], [ 167.396002397000075, -44.928519323999978 ], [ 167.395928679000122, -44.928641738999943 ], [ 167.395890525000027, -44.928705097999966 ], [ 167.395368590000089, -44.929080003999957 ] ] ], [ [ [ 167.174403486000074, -44.96139175899998 ], [ 167.174395479000054, -44.961401541999976 ], [ 167.174178268000105, -44.961223655999959 ], [ 167.174112727000079, -44.960927138999978 ], [ 167.174161076000019, -44.960749159999978 ], [ 167.174296507000122, -44.960665791999929 ], [ 167.174513236000053, -44.960721865999972 ], [ 167.174515339000095, -44.96073021199993 ], [ 167.174582297000029, -44.960996008999984 ], [ 167.174587765000069, -44.961045078999973 ], [ 167.17459968300011, -44.961152052999978 ], [ 167.174459637000041, -44.961323155999935 ], [ 167.174403486000074, -44.96139175899998 ] ] ], [ [ [ 167.596470409000062, -44.739064694999968 ], [ 167.596374610000112, -44.739433648999977 ], [ 167.596294678000049, -44.739421763999985 ], [ 167.596234330000016, -44.739412791999939 ], [ 167.596046346000094, -44.739384841999936 ], [ 167.59593484100003, -44.739321239999981 ], [ 167.595874216000084, -44.739286659999948 ], [ 167.595851632000063, -44.739273776999937 ], [ 167.595835503000103, -44.739092651999954 ], [ 167.596017320000101, -44.738960209999959 ], [ 167.596039029000053, -44.73894439399993 ], [ 167.596200678000059, -44.738906903999975 ], [ 167.596326662000024, -44.738912828999958 ], [ 167.596472932000097, -44.73905498299996 ], [ 167.596470409000062, -44.739064694999968 ] ] ], [ [ [ 167.36614148700005, -44.818316129999971 ], [ 167.365846833000091, -44.818414434999966 ], [ 167.365668526000036, -44.81832985099993 ], [ 167.365634778000071, -44.818313839999973 ], [ 167.365641293000067, -44.818246509999938 ], [ 167.366281688000072, -44.817849437999939 ], [ 167.366468711000039, -44.817881154999952 ], [ 167.366474544000084, -44.817900675999965 ], [ 167.366516589000071, -44.818041358999949 ], [ 167.36614148700005, -44.818316129999971 ] ] ], [ [ [ 167.209557548000021, -44.929326705999983 ], [ 167.209552570000028, -44.929330624999977 ], [ 167.209424364000029, -44.92917713199995 ], [ 167.209494285000119, -44.928628544999981 ], [ 167.209564263000061, -44.928563506999978 ], [ 167.209659027000043, -44.928568274999975 ], [ 167.209716566000111, -44.928628002999972 ], [ 167.209933022000087, -44.928984473999947 ], [ 167.209952187000113, -44.929016034999961 ], [ 167.209557548000021, -44.929326705999983 ] ] ], [ [ [ 167.532420430000116, -44.880082712999979 ], [ 167.532362616000114, -44.880098696999937 ], [ 167.532785667000098, -44.879740891999973 ], [ 167.533706184000039, -44.879569948999972 ], [ 167.533813804000033, -44.879575058999933 ], [ 167.533759136000072, -44.87962969299997 ], [ 167.533617311000057, -44.879771433999963 ], [ 167.533495669000104, -44.879785427999934 ], [ 167.532420430000116, -44.880082712999979 ] ] ], [ [ [ 167.172011495000106, -44.965314686999932 ], [ 167.171989072000088, -44.965323197999965 ], [ 167.171901012000035, -44.965251080999963 ], [ 167.171921795000117, -44.964879544999974 ], [ 167.172010368000088, -44.964782087999936 ], [ 167.172216447000096, -44.964792519999946 ], [ 167.172477715000014, -44.964873395999973 ], [ 167.172492263000095, -44.964885308999953 ], [ 167.172565789000032, -44.964945513999965 ], [ 167.172448002000124, -44.965050065999947 ], [ 167.172253291000061, -44.965222895999943 ], [ 167.172088580000036, -44.965285423999944 ], [ 167.172011495000106, -44.965314686999932 ] ] ], [ [ [ 167.326056911000023, -44.845505356999979 ], [ 167.325943701000028, -44.845562909999956 ], [ 167.325807463000046, -44.845542216999945 ], [ 167.325746891000108, -44.845533015999933 ], [ 167.325723788000118, -44.845529505999934 ], [ 167.325665073000096, -44.845481506999931 ], [ 167.325716317000115, -44.845281073999956 ], [ 167.326003017000062, -44.844915464999985 ], [ 167.326095534000046, -44.844902891999936 ], [ 167.326117171000078, -44.844926504999933 ], [ 167.326119423000023, -44.844928962999973 ], [ 167.326215875000116, -44.845034211999973 ], [ 167.326144215000113, -44.845383496999943 ], [ 167.326126469000087, -44.845469994999974 ], [ 167.326056911000023, -44.845505356999979 ] ] ], [ [ [ 167.470584169000063, -44.773311956999976 ], [ 167.470481524000093, -44.773355529999947 ], [ 167.47035444900007, -44.773292552999976 ], [ 167.470330355000101, -44.773280610999961 ], [ 167.470432944000095, -44.773026687999959 ], [ 167.470558613000094, -44.77286317599993 ], [ 167.470791963000124, -44.772739116999958 ], [ 167.470915891000118, -44.77276762799994 ], [ 167.471028866000097, -44.772908680999933 ], [ 167.470868788000075, -44.773079558999939 ], [ 167.47069525400002, -44.773264799999936 ], [ 167.470584169000063, -44.773311956999976 ] ] ], [ [ [ 167.139080818000025, -44.994818227999986 ], [ 167.13883708600008, -44.994824992999952 ], [ 167.138717400000019, -44.994751239999971 ], [ 167.138737801000048, -44.994549285999938 ], [ 167.138873364000119, -44.994465969999965 ], [ 167.13906763500006, -44.994430748999946 ], [ 167.139320615000088, -44.994443613999977 ], [ 167.139438125000083, -44.994538906999935 ], [ 167.139439739000068, -44.994547959999977 ], [ 167.139442587000076, -44.994563926999945 ], [ 167.139458422000075, -44.994652708999979 ], [ 167.139272609000045, -44.994767758999956 ], [ 167.139176218000102, -44.994799708999949 ], [ 167.13912396000012, -44.994817030999968 ], [ 167.139080818000025, -44.994818227999986 ] ] ], [ [ [ 167.183258573000103, -44.955629863999945 ], [ 167.183250617000112, -44.955630716999963 ], [ 167.183134176000067, -44.955512067999962 ], [ 167.183538230000067, -44.955283489999943 ], [ 167.184012264000103, -44.955307430999937 ], [ 167.184016968000037, -44.95532034699994 ], [ 167.184096971000031, -44.955539947999966 ], [ 167.183258573000103, -44.955629863999945 ] ] ], [ [ [ 167.301477113000033, -44.861861826999984 ], [ 167.301523678000081, -44.86223924899997 ], [ 167.301004935000037, -44.862017464999951 ], [ 167.300981952000029, -44.862007637999966 ], [ 167.300950758000113, -44.861678653999945 ], [ 167.301113997000016, -44.861630817999981 ], [ 167.30147631400007, -44.861855340999966 ], [ 167.301477113000033, -44.861861826999984 ] ] ], [ [ [ 167.393700315000046, -44.80500723199998 ], [ 167.393609296000022, -44.805018792999931 ], [ 167.393503563000081, -44.804949631999932 ], [ 167.393486632000076, -44.804938556999957 ], [ 167.393460293000089, -44.804921326999931 ], [ 167.39340548600012, -44.804490207999947 ], [ 167.393508704000055, -44.804405045999943 ], [ 167.393632661000083, -44.804433641999935 ], [ 167.393891748000101, -44.804716871999972 ], [ 167.393891160000067, -44.804718582999953 ], [ 167.393826686000011, -44.804905828999949 ], [ 167.39373756100008, -44.805002500999933 ], [ 167.393700315000046, -44.80500723199998 ] ] ], [ [ [ 167.36689049000006, -44.864536811999983 ], [ 167.366880717000072, -44.864548609999986 ], [ 167.366878816000053, -44.864548515999957 ], [ 167.366786042000058, -44.864543972999968 ], [ 167.366581328000052, -44.864326487999961 ], [ 167.366382420000036, -44.864114690999941 ], [ 167.366358063000121, -44.863711209999963 ], [ 167.36652454700004, -44.863629156999934 ], [ 167.366644259000054, -44.863702669999952 ], [ 167.366620822000073, -44.863840602999971 ], [ 167.366576466000083, -44.864101646999984 ], [ 167.366807766000079, -44.864323241999955 ], [ 167.366952526000091, -44.864461926999979 ], [ 167.36689049000006, -44.864536811999983 ] ] ], [ [ [ 167.185421123000083, -44.956242589999931 ], [ 167.18540371500012, -44.956243756999982 ], [ 167.185307119000072, -44.956091823999941 ], [ 167.185306517000072, -44.955945649999933 ], [ 167.185582880000084, -44.95571061499993 ], [ 167.185709290000091, -44.955717 ], [ 167.185728404000088, -44.955732649999959 ], [ 167.185732583000117, -44.955736070999933 ], [ 167.185797366000088, -44.95578910699993 ], [ 167.185778449000054, -44.955987278999942 ], [ 167.185771656000043, -44.95605844499994 ], [ 167.185719003000031, -44.956110011999954 ], [ 167.185595582000019, -44.956230885999958 ], [ 167.185461038000085, -44.956239911999944 ], [ 167.185421123000083, -44.956242589999931 ] ] ], [ [ [ 167.136824560000036, -44.985459893999973 ], [ 167.136772613000062, -44.98586602499995 ], [ 167.136641797000038, -44.985858585999949 ], [ 167.136469251000108, -44.98584877299993 ], [ 167.136309721000089, -44.985816521999936 ], [ 167.136209978000011, -44.985796357999959 ], [ 167.136188956000069, -44.985792107999941 ], [ 167.136201395000057, -44.985656505999941 ], [ 167.136498386000085, -44.985548034999965 ], [ 167.136705138000025, -44.985388948999969 ], [ 167.136827071000084, -44.985440265999955 ], [ 167.136824560000036, -44.985459893999973 ] ] ], [ [ [ 167.268317618000083, -44.880411740999932 ], [ 167.268265668000026, -44.880412624999963 ], [ 167.268215427000086, -44.880399967999949 ], [ 167.268106239000076, -44.880372457999954 ], [ 167.26809606300003, -44.880369894999944 ], [ 167.267828544000054, -44.880187878999948 ], [ 167.267837194000094, -44.880087278999952 ], [ 167.268006161000017, -44.879982039999959 ], [ 167.268227105000051, -44.879993040999977 ], [ 167.268244831000061, -44.880014180999979 ], [ 167.268267291000029, -44.880040962999942 ], [ 167.268483675000084, -44.880298995999965 ], [ 167.268447731000037, -44.880392320999931 ], [ 167.268441062000079, -44.880409638999936 ], [ 167.268317618000083, -44.880411740999932 ] ] ], [ [ [ 167.599101231000077, -44.664762375999942 ], [ 167.598836754000104, -44.664805100999956 ], [ 167.598715035000055, -44.664758547999952 ], [ 167.598679197000024, -44.664744838999979 ], [ 167.59863779300008, -44.664729002999934 ], [ 167.598841128000117, -44.664579848999949 ], [ 167.59923312300009, -44.664440464999984 ], [ 167.599453308000079, -44.66445082599995 ], [ 167.599511088000099, -44.664509457999941 ], [ 167.599501685000064, -44.664532483999949 ], [ 167.599483145000022, -44.66457788699995 ], [ 167.5994702590001, -44.66460944399995 ], [ 167.59940675100006, -44.664649160999943 ], [ 167.599269069000115, -44.664735261999965 ], [ 167.599101231000077, -44.664762375999942 ] ] ], [ [ [ 167.394327196000063, -44.803654827999935 ], [ 167.394308237000018, -44.80365390299994 ], [ 167.394187316000057, -44.803264657999932 ], [ 167.394229641000038, -44.803153975999976 ], [ 167.39443175100007, -44.803028529999949 ], [ 167.394553546000111, -44.803079568999976 ], [ 167.394607957000062, -44.803172428999972 ], [ 167.394573681000111, -44.803392988999974 ], [ 167.394568031000063, -44.803429348999941 ], [ 167.394536746000085, -44.803502011999967 ], [ 167.394506031000105, -44.80357335399998 ], [ 167.394404075000011, -44.803658577999954 ], [ 167.394358176000082, -44.803656338999986 ], [ 167.394327196000063, -44.803654827999935 ] ] ], [ [ [ 167.174629330000016, -44.962638234999986 ], [ 167.174504534000107, -44.96269532499997 ], [ 167.174314664000121, -44.962605848999942 ], [ 167.174292212000069, -44.962595268999962 ], [ 167.174295463000021, -44.962233671999968 ], [ 167.174397026000065, -44.962171151999939 ], [ 167.17452121000008, -44.96219997999998 ], [ 167.174797776000105, -44.962471811999933 ], [ 167.174811513000122, -44.96248531699996 ], [ 167.174792479000075, -44.96252663599995 ], [ 167.17477089800002, -44.962573472999964 ], [ 167.174629330000016, -44.962638234999986 ] ] ], [ [ [ 167.138953278000031, -44.995407887999932 ], [ 167.138860665000038, -44.995547932999955 ], [ 167.138858114000072, -44.995547801999976 ], [ 167.13876579500004, -44.995543103999978 ], [ 167.138618930000121, -44.995423762999962 ], [ 167.138548999000022, -44.995172102999959 ], [ 167.13871954800004, -44.995044557999961 ], [ 167.138973797000062, -44.995057487999929 ], [ 167.139061862000062, -44.995129630999941 ], [ 167.139061226000081, -44.995135922999964 ], [ 167.139055139000106, -44.99519614999997 ], [ 167.139048253000055, -44.99526426999995 ], [ 167.138953278000031, -44.995407887999932 ] ] ], [ [ [ 167.269306850000021, -44.872962024999936 ], [ 167.26928922400009, -44.87296196099993 ], [ 167.269201181000085, -44.872889919999977 ], [ 167.269212228000015, -44.872777712999948 ], [ 167.269475849000059, -44.872677180999972 ], [ 167.269915480000122, -44.872721627999965 ], [ 167.270003524000117, -44.872793668999975 ], [ 167.269997768000053, -44.872806232999949 ], [ 167.269973644000061, -44.872858891999954 ], [ 167.269963117000088, -44.872881869999958 ], [ 167.269919691000041, -44.872903214999951 ], [ 167.269796475000021, -44.87296377399997 ], [ 167.269306850000021, -44.872962024999936 ] ] ], [ [ [ 167.148747570000069, -44.97481976399996 ], [ 167.14854334600011, -44.974869977999958 ], [ 167.148326990000101, -44.974757993999958 ], [ 167.148322141000108, -44.974755483999957 ], [ 167.148301754000045, -44.974744931999965 ], [ 167.148184362000052, -44.974648750999961 ], [ 167.148111972000038, -44.974408699999969 ], [ 167.14818316100002, -44.974332928999956 ], [ 167.148338956000089, -44.974363401999938 ], [ 167.148689065000099, -44.974685217999934 ], [ 167.148765161000028, -44.974804118999941 ], [ 167.148771421000106, -44.974813899999958 ], [ 167.148747570000069, -44.97481976399996 ] ] ], [ [ [ 167.57306062400005, -44.682961008999939 ], [ 167.573051624000072, -44.682961855999963 ], [ 167.572979591000035, -44.682879988999957 ], [ 167.572986688000015, -44.682639595999945 ], [ 167.572987249000107, -44.682620619999966 ], [ 167.572780463000072, -44.682493898999951 ], [ 167.572748035000018, -44.682474022999941 ], [ 167.573012271000039, -44.682351237999967 ], [ 167.573192716000108, -44.682449953999935 ], [ 167.573296897000091, -44.682702886999948 ], [ 167.57329603800008, -44.682712140999968 ], [ 167.573288147000085, -44.682797083999958 ], [ 167.573280216000057, -44.682882477999954 ], [ 167.573247314000014, -44.682913088999953 ], [ 167.573211032000017, -44.682946846999982 ], [ 167.57306062400005, -44.682961008999939 ] ] ], [ [ [ 167.562804780000079, -44.707587012999966 ], [ 167.562802023000017, -44.707588621999946 ], [ 167.562650905000055, -44.707513826999957 ], [ 167.562671722000118, -44.707290250999961 ], [ 167.56268225700012, -44.70717710699995 ], [ 167.562810341000045, -44.707159723999951 ], [ 167.563292354000055, -44.707225833999985 ], [ 167.563309815000025, -44.707228464999957 ], [ 167.563307498000086, -44.707253342999934 ], [ 167.563306001000115, -44.707269424999936 ], [ 167.563303545000053, -44.70729580699998 ], [ 167.56310699200003, -44.707410565999965 ], [ 167.562804780000079, -44.707587012999966 ] ] ], [ [ [ 167.364511057000072, -44.819856512999934 ], [ 167.364248758000031, -44.819893861999958 ], [ 167.364030108000065, -44.819861492999962 ], [ 167.363973558000112, -44.819791069999951 ], [ 167.364174619000096, -44.819664727999964 ], [ 167.365045823000059, -44.81956762599998 ], [ 167.364978814000096, -44.819609299999968 ], [ 167.364602157000036, -44.819843539999965 ], [ 167.364511057000072, -44.819856512999934 ] ] ], [ [ [ 167.18901664800012, -44.950255527999957 ], [ 167.188948182000104, -44.95026011899995 ], [ 167.188764665000122, -44.950184172999968 ], [ 167.188649488000124, -44.950065584999948 ], [ 167.188919081000108, -44.949897869999972 ], [ 167.189203476000102, -44.949912217999952 ], [ 167.189220457000033, -44.949925983999947 ], [ 167.189234849000059, -44.94993765199996 ], [ 167.189322153000035, -44.950008419999961 ], [ 167.189338804000045, -44.950075646999949 ], [ 167.189344780000056, -44.950099774999956 ], [ 167.189270866000015, -44.950152878999972 ], [ 167.189139458000113, -44.950247288999947 ], [ 167.18901664800012, -44.950255527999957 ] ] ], [ [ [ 167.560241774000019, -44.715944083999943 ], [ 167.560234975000071, -44.715949172999956 ], [ 167.560179644000073, -44.715946550999945 ], [ 167.560046082000099, -44.71594022499994 ], [ 167.560026096000115, -44.715923946999965 ], [ 167.559973285000069, -44.715880932999937 ], [ 167.559946, -44.715858709999964 ], [ 167.559928519000096, -44.715844470999969 ], [ 167.559857900000111, -44.715570559999946 ], [ 167.55999220700005, -44.715486735999946 ], [ 167.560179007000102, -44.715518129999964 ], [ 167.560381819000099, -44.715730653999969 ], [ 167.560380276000046, -44.715747231999956 ], [ 167.560376374000043, -44.71578915799995 ], [ 167.560371374000056, -44.715842891999955 ], [ 167.560309086000075, -44.71589152699994 ], [ 167.560241774000019, -44.715944083999943 ] ] ], [ [ [ 167.20753138300006, -44.92856441999993 ], [ 167.207432968000035, -44.928593401999933 ], [ 167.206803340000079, -44.928540065999982 ], [ 167.206717529000116, -44.92844553599997 ], [ 167.206983664000063, -44.928323607999971 ], [ 167.207421511000121, -44.92838984399998 ], [ 167.207441366000012, -44.928406097999982 ], [ 167.207447981000087, -44.928411514999937 ], [ 167.207568273000106, -44.928509992999977 ], [ 167.207564604000027, -44.928546783999934 ], [ 167.207563797000034, -44.928554873999985 ], [ 167.20753138300006, -44.92856441999993 ] ] ], [ [ [ 167.136519849000024, -44.991505260999929 ], [ 167.13633832000005, -44.991496025999936 ], [ 167.136162210000066, -44.991351735999956 ], [ 167.136171274000048, -44.991261971999961 ], [ 167.136334029000068, -44.991173729999957 ], [ 167.13674499800004, -44.991246067999953 ], [ 167.13675240200007, -44.991255322999962 ], [ 167.136766568000098, -44.991273028999956 ], [ 167.136801433000073, -44.991316602999973 ], [ 167.136776291000047, -44.991371063999964 ], [ 167.136760736000042, -44.991404756999941 ], [ 167.13652804600008, -44.991505677999953 ], [ 167.136519849000024, -44.991505260999929 ] ] ], [ [ [ 167.184169385000018, -44.955147959999977 ], [ 167.183922095000071, -44.955154928999946 ], [ 167.183773066000072, -44.955057186999966 ], [ 167.183605942000099, -44.954823202999933 ], [ 167.183678127000121, -44.954736638999975 ], [ 167.183958060000123, -44.954795887999978 ], [ 167.183969163000029, -44.954807321999965 ], [ 167.184005358000036, -44.954844587999958 ], [ 167.18418840400011, -44.955033055999934 ], [ 167.184204589000046, -44.955123514999968 ], [ 167.184208764000118, -44.955146849999949 ], [ 167.184169385000018, -44.955147959999977 ] ] ], [ [ [ 167.136952582000049, -44.985054125999966 ], [ 167.136629210000024, -44.985058494999976 ], [ 167.136388619000058, -44.984910919999948 ], [ 167.136521894000111, -44.984850045999963 ], [ 167.136791457000072, -44.984863763999954 ], [ 167.136806449000119, -44.984864526999957 ], [ 167.136814645000072, -44.984860192999975 ], [ 167.13704146900011, -44.984740267999939 ], [ 167.137163402000056, -44.984791582999947 ], [ 167.137161995000042, -44.984806699999979 ], [ 167.137159030000021, -44.984838590999971 ], [ 167.137148788000104, -44.984948715999963 ], [ 167.137029961000053, -44.985022352999977 ], [ 167.136979269000108, -44.985053765999965 ], [ 167.136952582000049, -44.985054125999966 ] ] ], [ [ [ 167.389320434000069, -44.806231313999945 ], [ 167.389312360000076, -44.806234268999958 ], [ 167.389161198000124, -44.806159241999978 ], [ 167.389061936000076, -44.805861252999932 ], [ 167.389230379000082, -44.805756721999956 ], [ 167.389356485000121, -44.805762877999939 ], [ 167.389482747000102, -44.805977727999959 ], [ 167.38946739000005, -44.806062353999948 ], [ 167.389445002000116, -44.806185723999931 ], [ 167.38936642900012, -44.806214480999984 ], [ 167.389320434000069, -44.806231313999945 ] ] ], [ [ [ 167.541629888000102, -44.808542102999979 ], [ 167.541626902000075, -44.808543191999945 ], [ 167.541538612000068, -44.808471360999931 ], [ 167.541483284000037, -44.808209896999983 ], [ 167.541679460000069, -44.807982007999954 ], [ 167.541832918000068, -44.808034384999985 ], [ 167.541831141000102, -44.808053359999974 ], [ 167.541790884000079, -44.808483335999938 ], [ 167.541629888000102, -44.808542102999979 ] ] ], [ [ [ 167.53239007500008, -44.808871439999962 ], [ 167.532361709000043, -44.808894062999968 ], [ 167.532315553000103, -44.808845871999949 ], [ 167.532511971000076, -44.808413281999947 ], [ 167.532680832000096, -44.808328406999976 ], [ 167.532775428000036, -44.808332905999976 ], [ 167.532888935000074, -44.808473583999955 ], [ 167.532885351000118, -44.808476441999971 ], [ 167.53239007500008, -44.808871439999962 ] ] ], [ [ [ 167.27107812600002, -44.871084751999945 ], [ 167.271052128000065, -44.871085950999941 ], [ 167.271054450000065, -44.870791986999961 ], [ 167.271137137000096, -44.870751003999942 ], [ 167.271342895000089, -44.870761252999955 ], [ 167.271367069000121, -44.870781033999947 ], [ 167.271548327000119, -44.870929346999958 ], [ 167.271475216000113, -44.871066424999981 ], [ 167.27107812600002, -44.871084751999945 ] ] ], [ [ [ 167.304732146000106, -44.860258432999956 ], [ 167.304707008000037, -44.860298781999973 ], [ 167.304702694000071, -44.860298567999962 ], [ 167.304580779000048, -44.860292528999935 ], [ 167.3043525060001, -44.860033161999979 ], [ 167.304393786000105, -44.859922443999949 ], [ 167.304528791000052, -44.859838927999931 ], [ 167.30471499500004, -44.859893252999939 ], [ 167.304718541000057, -44.859908271999984 ], [ 167.30473746600012, -44.859988408999982 ], [ 167.304782246000059, -44.860178026999961 ], [ 167.304732146000106, -44.860258432999956 ] ] ], [ [ [ 167.14365409100003, -44.978317340999979 ], [ 167.143523684000115, -44.978364233999969 ], [ 167.143327181000018, -44.978318551999962 ], [ 167.143287150000106, -44.97830924699997 ], [ 167.143275306000078, -44.978306492999934 ], [ 167.143074388000059, -44.978093288999958 ], [ 167.143178292000016, -44.978008350999971 ], [ 167.143609555000012, -44.978143054999975 ], [ 167.143616784000073, -44.978151026999967 ], [ 167.143641560000106, -44.978178339999943 ], [ 167.143695347000062, -44.978237633999981 ], [ 167.143691084000011, -44.978279851999957 ], [ 167.143688551000082, -44.978304949999938 ], [ 167.14365409100003, -44.978317340999979 ] ] ], [ [ [ 167.306199744000082, -44.859727297999939 ], [ 167.30586766700003, -44.859817733999932 ], [ 167.305543277000083, -44.859655639999971 ], [ 167.305517008000038, -44.859642511999937 ], [ 167.305560362000051, -44.859497626999939 ], [ 167.305704988000116, -44.859471405999955 ], [ 167.306220795000058, -44.859721563999983 ], [ 167.306199744000082, -44.859727297999939 ] ] ], [ [ [ 167.270552322000071, -44.876274225999964 ], [ 167.270453835000012, -44.876335089999941 ], [ 167.270226928000056, -44.876290899999958 ], [ 167.270161697000049, -44.876278194999941 ], [ 167.270142646000068, -44.876274484999954 ], [ 167.270056796000063, -44.876180001999955 ], [ 167.270065643000066, -44.876090236999971 ], [ 167.270263855000053, -44.876009905999979 ], [ 167.270390101000089, -44.876016186999948 ], [ 167.270408004000046, -44.876037384999961 ], [ 167.270588926000073, -44.876251605999983 ], [ 167.270552322000071, -44.876274225999964 ] ] ], [ [ [ 167.143604328000038, -44.977961630999971 ], [ 167.143596065000111, -44.977961939999943 ], [ 167.143354472000055, -44.977836882999952 ], [ 167.143335187000048, -44.977700569999968 ], [ 167.14350231700007, -44.977618856999982 ], [ 167.143686465000087, -44.977695884999946 ], [ 167.143696350000027, -44.97770823899998 ], [ 167.143752002000042, -44.977777791999983 ], [ 167.143855770000073, -44.977907479999942 ], [ 167.14385299200012, -44.977934997999967 ], [ 167.143851239000014, -44.977952356999936 ], [ 167.143604328000038, -44.977961630999971 ] ] ], [ [ [ 167.489573233000101, -44.777806280999982 ], [ 167.489553716000046, -44.777814328999966 ], [ 167.489563940000039, -44.777572196999984 ], [ 167.489898273000108, -44.777384387999973 ], [ 167.490047358000083, -44.77748173599997 ], [ 167.49004151400004, -44.777490906999958 ], [ 167.489935843000012, -44.777656770999954 ], [ 167.489573233000101, -44.777806280999982 ] ] ], [ [ [ 167.271495080000022, -44.871157919999973 ], [ 167.271161386000017, -44.871496426999954 ], [ 167.270951991000061, -44.871409686999982 ], [ 167.270921283000121, -44.871396965999963 ], [ 167.271093476000033, -44.871155664999947 ], [ 167.271516552000094, -44.87113613799994 ], [ 167.271495080000022, -44.871157919999973 ] ] ], [ [ [ 167.565368634000038, -44.721037015999968 ], [ 167.564972003000094, -44.721221173999936 ], [ 167.564885475000096, -44.721210453999959 ], [ 167.564861164000035, -44.721207441999979 ], [ 167.564830679000124, -44.721203663999972 ], [ 167.56479352700012, -44.721099996999953 ], [ 167.564997067000036, -44.720951793999973 ], [ 167.565190170000051, -44.720915838999986 ], [ 167.565379082000049, -44.720924777999983 ], [ 167.565376456000081, -44.720952978999946 ], [ 167.565375694000068, -44.720961169999953 ], [ 167.565368634000038, -44.721037015999968 ] ] ], [ [ [ 167.171507525000038, -44.965682735999962 ], [ 167.171440541000038, -44.965723958999945 ], [ 167.171424593000097, -44.965723150999963 ], [ 167.171314111000015, -44.965717556999948 ], [ 167.171164998000108, -44.965620697999952 ], [ 167.17111529500005, -44.965482861999931 ], [ 167.171250830000076, -44.965398608999976 ], [ 167.171438223000109, -44.965430639999965 ], [ 167.171585003000018, -44.965550837999956 ], [ 167.171584673000098, -44.965554124999983 ], [ 167.171580543000118, -44.965595242999939 ], [ 167.171575987000097, -44.96564060299994 ], [ 167.171507525000038, -44.965682735999962 ] ] ], [ [ [ 167.136307817000102, -44.987715267999931 ], [ 167.136265919000039, -44.987747420999938 ], [ 167.136246627000105, -44.98774541399996 ], [ 167.136062106000054, -44.987726215999942 ], [ 167.135958795000079, -44.987641564999933 ], [ 167.136006295000016, -44.987486106999938 ], [ 167.136202814000058, -44.987428443999931 ], [ 167.136385719000032, -44.987505419999934 ], [ 167.136386154000093, -44.987508712999954 ], [ 167.13639119700008, -44.987546871999939 ], [ 167.136403724000047, -44.987641667999981 ], [ 167.136307817000102, -44.987715267999931 ] ] ], [ [ [ 167.184046882000075, -44.956005379999965 ], [ 167.183959851000054, -44.956058973999973 ], [ 167.183505572000058, -44.956002642999977 ], [ 167.18337172400004, -44.955905667999957 ], [ 167.183571504000042, -44.955813822999971 ], [ 167.18400719400006, -44.955903484999965 ], [ 167.18406140500008, -44.955996435999964 ], [ 167.184055865000119, -44.955999847999976 ], [ 167.184046882000075, -44.956005379999965 ] ] ], [ [ [ 167.608620913000095, -44.662307177999935 ], [ 167.608494539000048, -44.662319121999985 ], [ 167.608255247000102, -44.662173508999956 ], [ 167.608234145000097, -44.662059788999954 ], [ 167.608334802000059, -44.661995969999964 ], [ 167.608554980000122, -44.662006312999949 ], [ 167.608679512000094, -44.662204260999943 ], [ 167.608654784000123, -44.662300542999958 ], [ 167.60865388000002, -44.662304061999976 ], [ 167.608620913000095, -44.662307177999935 ] ] ], [ [ [ 167.598238019000064, -44.664521974999957 ], [ 167.598182548000068, -44.664527211999939 ], [ 167.59813516600002, -44.664451932999953 ], [ 167.598517955000034, -44.664248088999955 ], [ 167.598841604000086, -44.664219128999946 ], [ 167.598830163000116, -44.664250379999942 ], [ 167.598825846000068, -44.664262172999941 ], [ 167.598801035000065, -44.664329949999967 ], [ 167.598341898000058, -44.664512164999962 ], [ 167.598278158000085, -44.664518183999974 ], [ 167.598238019000064, -44.664521974999957 ] ] ], [ [ [ 167.489118175000044, -44.776851298999929 ], [ 167.488628158000097, -44.777076370999964 ], [ 167.488473354000121, -44.777031953999938 ], [ 167.488443222000114, -44.777023307999968 ], [ 167.488451710000049, -44.776933523999958 ], [ 167.488588474000039, -44.776826433999986 ], [ 167.489172230000122, -44.776826469999946 ], [ 167.489118175000044, -44.776851298999929 ] ] ], [ [ [ 167.507129537000083, -44.771657336999965 ], [ 167.507048519000023, -44.771717844999955 ], [ 167.506863569000075, -44.771620513999949 ], [ 167.506837401000098, -44.771606740999971 ], [ 167.50688143900004, -44.771461836999947 ], [ 167.507083206000061, -44.771336197999972 ], [ 167.507263815000101, -44.771435019999956 ], [ 167.507259674000011, -44.771449330999985 ], [ 167.507242377000011, -44.771509099999946 ], [ 167.507218763000083, -44.771590696999965 ], [ 167.507129537000083, -44.771657336999965 ] ] ], [ [ [ 167.597657967000032, -44.664175590999946 ], [ 167.597644130000049, -44.664186227999949 ], [ 167.597553914000059, -44.664136889999952 ], [ 167.597639647000051, -44.663892912999984 ], [ 167.597935188000065, -44.663771548999932 ], [ 167.59808625200003, -44.663846295999974 ], [ 167.59806900500007, -44.663859556999967 ], [ 167.597657967000032, -44.664175590999946 ] ] ], [ [ [ 167.359450928000115, -44.822368870999981 ], [ 167.359448946000043, -44.822369889999948 ], [ 167.359297782000112, -44.822294821999947 ], [ 167.359247758000038, -44.822157066999978 ], [ 167.359448751000059, -44.822031631999948 ], [ 167.359604338000054, -44.822060905999933 ], [ 167.359691518000091, -44.822155391999956 ], [ 167.359688279000011, -44.822163898999975 ], [ 167.359666279000066, -44.822221658999979 ], [ 167.359649026000056, -44.822266958999933 ], [ 167.359567770000012, -44.822308761999977 ], [ 167.359450928000115, -44.822368870999981 ] ] ], [ [ [ 167.154985118000013, -44.971678236999935 ], [ 167.154858476000072, -44.971756133999975 ], [ 167.154848703000084, -44.971753442999955 ], [ 167.154456583000069, -44.971645523999939 ], [ 167.154404655000121, -44.971530118999965 ], [ 167.154537879000031, -44.971469213999967 ], [ 167.154908172000091, -44.971578227999942 ], [ 167.154993961000059, -44.97167279699994 ], [ 167.154985118000013, -44.971678236999935 ] ] ], [ [ [ 167.358816857000079, -44.821527063999952 ], [ 167.35880062800004, -44.821526267999957 ], [ 167.358724322000057, -44.821319573999972 ], [ 167.358955948000016, -44.821218183999974 ], [ 167.359140805000038, -44.821272355999952 ], [ 167.359138568000049, -44.821297908999952 ], [ 167.359136998000054, -44.821315858999981 ], [ 167.359129019000079, -44.821407085999965 ], [ 167.35895830100003, -44.821534005999979 ], [ 167.358851716000117, -44.82152877599998 ], [ 167.358816857000079, -44.821527063999952 ] ] ], [ [ [ 167.211417035000068, -44.926894125999979 ], [ 167.211103882000089, -44.92704148699994 ], [ 167.211041077000118, -44.927006952999932 ], [ 167.211038369000107, -44.927005463999933 ], [ 167.211013592000086, -44.926991839999971 ], [ 167.211022527000068, -44.926902078999944 ], [ 167.211229944000024, -44.92673208399998 ], [ 167.211390117000064, -44.926717587999974 ], [ 167.211554191000118, -44.926829582999972 ], [ 167.211541207000096, -44.92683569299993 ], [ 167.211417035000068, -44.926894125999979 ] ] ], [ [ [ 167.508700733000069, -44.743177924999941 ], [ 167.508654290000095, -44.743196921999981 ], [ 167.508524610000109, -44.743133495999984 ], [ 167.508503052000037, -44.743122950999975 ], [ 167.508522068000048, -44.742920933999983 ], [ 167.508625091000113, -44.742834759999937 ], [ 167.508751086000075, -44.742840781999973 ], [ 167.508837121000056, -44.742935083999953 ], [ 167.508831007000026, -44.742951178999931 ], [ 167.508797542000025, -44.743039284999952 ], [ 167.508753002000049, -44.743156544999977 ], [ 167.508700733000069, -44.743177924999941 ] ] ], [ [ [ 167.479202274000045, -44.776160622999953 ], [ 167.479081470000096, -44.776220434999971 ], [ 167.478896646000067, -44.776132962999952 ], [ 167.478869369000108, -44.776120052999943 ], [ 167.478880863000086, -44.775985308999964 ], [ 167.479013292000104, -44.775924028999952 ], [ 167.479170870000075, -44.775931598999932 ], [ 167.479287554000052, -44.776049943999965 ], [ 167.479281444000094, -44.776063420999947 ], [ 167.47925844100007, -44.776114159999963 ], [ 167.479247538000095, -44.776138211999978 ], [ 167.479202274000045, -44.776160622999953 ] ] ], [ [ [ 167.519252914000049, -44.834676011999932 ], [ 167.518924678000076, -44.834796567999945 ], [ 167.518797686000084, -44.834713794999971 ], [ 167.518775395000034, -44.834699264999983 ], [ 167.518816242000071, -44.834588466999946 ], [ 167.518948765000118, -44.834527138999931 ], [ 167.519199107000077, -44.834560711999984 ], [ 167.519209867000086, -44.834583771999974 ], [ 167.519252914000049, -44.834676011999932 ] ] ], [ [ [ 167.545722387000069, -44.735769882999932 ], [ 167.545603363000055, -44.735792018999973 ], [ 167.545390123000061, -44.735662009999942 ], [ 167.545362738000108, -44.735645312999964 ], [ 167.545499199000119, -44.735539059999951 ], [ 167.545812040000101, -44.735576459999947 ], [ 167.54586663300006, -44.735669238999947 ], [ 167.545853341000111, -44.735685703999934 ], [ 167.545823424000105, -44.735722763999945 ], [ 167.545796516000109, -44.735756095999932 ], [ 167.545722387000069, -44.735769882999932 ] ] ], [ [ [ 167.133313179000083, -44.992584559999955 ], [ 167.13330527800008, -44.992585683999948 ], [ 167.133190132000095, -44.99246704799998 ], [ 167.133393570000067, -44.992341186999965 ], [ 167.133612651000021, -44.99237489199993 ], [ 167.133699524000122, -44.992458707999958 ], [ 167.133697943000016, -44.992461765999963 ], [ 167.133688498000083, -44.992480050999973 ], [ 167.133660015000032, -44.992535190999945 ], [ 167.133404183000039, -44.992571606999945 ], [ 167.133313179000083, -44.992584559999955 ] ] ], [ [ [ 167.133650087000092, -44.991712378999978 ], [ 167.133648917000073, -44.991714548999937 ], [ 167.133407125000076, -44.991578635999986 ], [ 167.133362078000118, -44.991508679999981 ], [ 167.133383878000018, -44.991431302999956 ], [ 167.133454728000061, -44.991397011999936 ], [ 167.133676073000061, -44.991408287999946 ], [ 167.133763133000116, -44.991502938999986 ], [ 167.133761082000092, -44.991506739999977 ], [ 167.133650087000092, -44.991712378999978 ] ] ], [ [ [ 167.138832950000051, -44.984200569999985 ], [ 167.13868363600011, -44.984213978999946 ], [ 167.138536890000069, -44.984093740999981 ], [ 167.138577565000105, -44.984005586999956 ], [ 167.138710836000087, -44.983944709999946 ], [ 167.138869009000018, -44.983951858999944 ], [ 167.13895707000006, -44.984024001999956 ], [ 167.138955253000063, -44.984028678999948 ], [ 167.138914469000042, -44.984133671999984 ], [ 167.138913825000031, -44.984134852999944 ], [ 167.138843988000076, -44.984199579999938 ], [ 167.138832950000051, -44.984200569999985 ] ] ], [ [ [ 167.605464448000021, -44.663673007999932 ], [ 167.605422725000039, -44.66367366299994 ], [ 167.605471124000019, -44.663601085999971 ], [ 167.605826215000093, -44.663272365999944 ], [ 167.605889585000114, -44.663311416999932 ], [ 167.60592814600011, -44.66344128999998 ], [ 167.60592404700003, -44.663444002999938 ], [ 167.605757487000119, -44.663554275999957 ], [ 167.605580911000061, -44.663671177999959 ], [ 167.605500459000041, -44.66367244199995 ], [ 167.605464448000021, -44.663673007999932 ] ] ], [ [ [ 167.389489301000026, -44.806153891999941 ], [ 167.389456734000078, -44.806169159999968 ], [ 167.389479399000038, -44.806044258999975 ], [ 167.389490219000095, -44.805984637999984 ], [ 167.389494539000111, -44.80596083599994 ], [ 167.389771678000102, -44.805832754999983 ], [ 167.38996085000008, -44.805841989999976 ], [ 167.389948273000073, -44.805874867999933 ], [ 167.389940615000114, -44.805894892999959 ], [ 167.38991851500009, -44.805952669999954 ], [ 167.389677370000072, -44.806065722999961 ], [ 167.389489301000026, -44.806153891999941 ] ] ], [ [ [ 167.56565132500009, -44.699511068999982 ], [ 167.565533425000012, -44.699505488999932 ], [ 167.565379583000094, -44.699400992999983 ], [ 167.565355029000102, -44.699384312999939 ], [ 167.565461981000112, -44.699254096999937 ], [ 167.565743164000082, -44.699289951999958 ], [ 167.565751185000067, -44.699316525999961 ], [ 167.565791491000027, -44.699450063999961 ], [ 167.565716061000103, -44.699497164999968 ], [ 167.565690804000042, -44.699512936999952 ], [ 167.56565132500009, -44.699511068999982 ] ] ], [ [ [ 167.560403536000081, -44.717579329999978 ], [ 167.560368187000108, -44.717601397999942 ], [ 167.560173037000027, -44.717510010999945 ], [ 167.560156075000123, -44.717502067999931 ], [ 167.560109842000088, -44.717319497999938 ], [ 167.560176990000059, -44.717277584999977 ], [ 167.560334502000046, -44.717284142999972 ], [ 167.560449977000076, -44.717402344999982 ], [ 167.560448182000073, -44.717421607999938 ], [ 167.560442269000077, -44.717485075999946 ], [ 167.560435338000048, -44.717559476999952 ], [ 167.560403536000081, -44.717579329999978 ] ] ], [ [ [ 167.561113633000105, -44.701194681999937 ], [ 167.561109687000112, -44.701194495999971 ], [ 167.56103199000006, -44.701010434999944 ], [ 167.561132684000086, -44.700947565999968 ], [ 167.561321529000111, -44.700956509999969 ], [ 167.561439075000067, -44.701052263999941 ], [ 167.561427909000031, -44.701077014999953 ], [ 167.561419930000056, -44.701094697999963 ], [ 167.561399241000117, -44.701140562999967 ], [ 167.561235586000066, -44.701200449999931 ], [ 167.561180985000078, -44.701197867999952 ], [ 167.561113633000105, -44.701194681999937 ] ] ], [ [ [ 167.136405885000045, -44.98665039499997 ], [ 167.136305743000094, -44.986711953999929 ], [ 167.136190595000016, -44.986689424999952 ], [ 167.136163776000103, -44.986684175999983 ], [ 167.136149920000094, -44.986681464999947 ], [ 167.136032510000064, -44.986585270999967 ], [ 167.135981623000021, -44.986447355999985 ], [ 167.136327153000025, -44.986487495999938 ], [ 167.136441291000096, -44.986628631999963 ], [ 167.136437656000112, -44.986630865999985 ], [ 167.136405885000045, -44.98665039499997 ] ] ], [ [ [ 167.305829800000083, -44.859864785999946 ], [ 167.305747600000018, -44.860033696999949 ], [ 167.305718097000067, -44.860032234999949 ], [ 167.305621383000016, -44.860027445999947 ], [ 167.305531410000071, -44.859953876999953 ], [ 167.305527743000084, -44.85995087799995 ], [ 167.305503956000052, -44.859931426999935 ], [ 167.305482675000121, -44.859682304999978 ], [ 167.305833333000123, -44.859857526999974 ], [ 167.305829800000083, -44.859864785999946 ] ] ], [ [ [ 167.358278304000123, -44.82176723699996 ], [ 167.358269881000069, -44.821771727999931 ], [ 167.358150268000031, -44.82169820699994 ], [ 167.358161129000109, -44.821585990999949 ], [ 167.358360048000122, -44.821482093999975 ], [ 167.358543992000023, -44.821558771999946 ], [ 167.358539230000019, -44.821569214999954 ], [ 167.358514774000014, -44.821622845999968 ], [ 167.358503758000097, -44.821647005999978 ], [ 167.358439693000037, -44.821681170999966 ], [ 167.358278304000123, -44.82176723699996 ] ] ], [ [ [ 167.563320874000055, -44.701419882999971 ], [ 167.563167569000029, -44.70151560599993 ], [ 167.56307438500005, -44.70149766399993 ], [ 167.563012286000117, -44.701485705999971 ], [ 167.562977039000089, -44.701456993999955 ], [ 167.562948453000104, -44.701433706999978 ], [ 167.562924132000035, -44.701413892999938 ], [ 167.563096133000045, -44.701264202999937 ], [ 167.563253505000034, -44.70127165599996 ], [ 167.563335402000121, -44.70141081099996 ], [ 167.563320874000055, -44.701419882999971 ] ] ], [ [ [ 167.560411212000076, -44.718536022999956 ], [ 167.5603424090001, -44.718570583999963 ], [ 167.56026995000002, -44.718562197999972 ], [ 167.560170953000124, -44.718550740999945 ], [ 167.560165791000031, -44.718546572999969 ], [ 167.560038018000114, -44.718443434999983 ], [ 167.560076794000111, -44.718407393999939 ], [ 167.560107259000119, -44.718379074999973 ], [ 167.560390612000106, -44.718392495999979 ], [ 167.560508194000022, -44.71848824999995 ], [ 167.560472614000105, -44.718505678999975 ], [ 167.560432646000095, -44.718525256999953 ], [ 167.560411212000076, -44.718536022999956 ] ] ], [ [ [ 167.613959912000041, -44.658968268999956 ], [ 167.613882309000019, -44.659004386999982 ], [ 167.613723631000084, -44.658938138999986 ], [ 167.613699786000097, -44.658928182999944 ], [ 167.613810690000037, -44.658753013999956 ], [ 167.613967965000029, -44.658760394999945 ], [ 167.614056118000121, -44.658832168999936 ], [ 167.614047526000036, -44.658854941999948 ], [ 167.614031548000071, -44.658897291999949 ], [ 167.614014324000095, -44.658942943999932 ], [ 167.613959912000041, -44.658968268999956 ] ] ], [ [ [ 167.560150578000048, -44.716762222999932 ], [ 167.560016562000101, -44.71677305399993 ], [ 167.559918579000055, -44.71666602099998 ], [ 167.55991249900012, -44.716659380999943 ], [ 167.55988797200007, -44.716632585999946 ], [ 167.560020261000091, -44.716570311999931 ], [ 167.560204986000031, -44.716624153999931 ], [ 167.560202423000078, -44.71665166799994 ], [ 167.560192437000069, -44.716758838999965 ], [ 167.560150578000048, -44.716762222999932 ] ] ], [ [ [ 167.598355367000067, -44.664293033999968 ], [ 167.598112989000015, -44.664418424999951 ], [ 167.598050639000121, -44.664320567999937 ], [ 167.598032426000032, -44.664291982999941 ], [ 167.598426190000055, -44.664256394999938 ], [ 167.598355367000067, -44.664293033999968 ] ] ] ] } }
]
}
